audit_row,model,document_index,title,relation_id,head_emitted,head_status,head_candidate_clusters,tail_emitted,tail_status,tail_candidate_clusters,automatic_category,all_gold_clusters,document_text,verified_head_gold_id,verified_tail_gold_id,human_note,manual_outcome,checked_by,checked_date
1,Qwen2.5-14B,73,Can't Take My Eyes Off You,P1344,ca n t take my eyes off you,unmatched,,the four seasons,exact_unique,9: ORG :: The Four Seasons,unmatched_only,0 [MISC] Can't Take My Eyes Off You || 1 [TIME] 1967 || 2 [PER] Valli | Frankie Valli || 3 [MISC] Billboard Hot 100 || 4 [TIME] a week || 5 [MISC] Windy || 6 [ORG] Association || 7 [PER] Bob Crewe || 8 [PER] Bob Gaudio || 9 [ORG] The Four Seasons || 10 [TIME] 1974 || 11 [MISC] My Eyes Adored You || 12 [ORG] NASA || 13 [MISC] STS-126 || 14 [PER] Christopher Ferguson,""" Ca n't Take My Eyes Off You "" is a 1967 single credited to Frankie Valli . The song was among his biggest hits , earning a gold record and reaching No . 2 on the Billboard Hot 100 for a week , stuck behind "" Windy "" by The Association . It was co - written by producer Bob Crewe and Bob Gaudio , a bandmate of Valli 's in The Four Seasons . It was Valli 's biggest solo hit until he hit # 1 in 1974 with "" My Eyes Adored You "" . "" Ca n't Take My Eyes Off You "" has had hundreds of cover versions , many of which have been on the charts in different countries . The song is a staple of television and film soundtracks , even being featured as part of the plot of some films , such as when the lead characters sing or arrange their own version of the song . Its chorus has also become a popular football chant , with supporters of various teams inserting their club 's name or a popular player 's name into the beat . The Valli version was also used by NASA as a wake - up song on the STS-126 space shuttle mission , to celebrate the anniversary of astronaut Christopher Ferguson , one of the mission 's crew members .",0,9,"head ""ca n t take my eyes off you"" is the document title / song name and is identical to gold cluster 0 [MISC] ""Can't Take My Eyes Off You""; only tokenisation and apostrophe loss prevented the automatic match. tail ""the four seasons"" is the exact unique match to cluster 9 [ORG] The Four Seasons.",RESOLVED_TO_GOLD_ID,Jiaxuan Li,2026-09-25
2,Qwen2.5-14B,73,Can't Take My Eyes Off You,P1344,ca n t take my eyes off you,unmatched,,bob gaudio,exact_unique,8: PER :: Bob Gaudio,unmatched_only,0 [MISC] Can't Take My Eyes Off You || 1 [TIME] 1967 || 2 [PER] Valli | Frankie Valli || 3 [MISC] Billboard Hot 100 || 4 [TIME] a week || 5 [MISC] Windy || 6 [ORG] Association || 7 [PER] Bob Crewe || 8 [PER] Bob Gaudio || 9 [ORG] The Four Seasons || 10 [TIME] 1974 || 11 [MISC] My Eyes Adored You || 12 [ORG] NASA || 13 [MISC] STS-126 || 14 [PER] Christopher Ferguson,""" Ca n't Take My Eyes Off You "" is a 1967 single credited to Frankie Valli . The song was among his biggest hits , earning a gold record and reaching No . 2 on the Billboard Hot 100 for a week , stuck behind "" Windy "" by The Association . It was co - written by producer Bob Crewe and Bob Gaudio , a bandmate of Valli 's in The Four Seasons . It was Valli 's biggest solo hit until he hit # 1 in 1974 with "" My Eyes Adored You "" . "" Ca n't Take My Eyes Off You "" has had hundreds of cover versions , many of which have been on the charts in different countries . The song is a staple of television and film soundtracks , even being featured as part of the plot of some films , such as when the lead characters sing or arrange their own version of the song . Its chorus has also become a popular football chant , with supporters of various teams inserting their club 's name or a popular player 's name into the beat . The Valli version was also used by NASA as a wake - up song on the STS-126 space shuttle mission , to celebrate the anniversary of astronaut Christopher Ferguson , one of the mission 's crew members .",0,8,"head resolves to the document-title cluster 0 [MISC] (tokenisation variant). tail ""bob gaudio"" is the exact unique match to cluster 8 [PER] Bob Gaudio, co-writer of the song.",RESOLVED_TO_GOLD_ID,Jiaxuan Li,2026-09-25
3,Qwen2.5-14B,73,Can't Take My Eyes Off You,P1344,ca n t take my eyes off you,unmatched,,bob crewe,exact_unique,7: PER :: Bob Crewe,unmatched_only,0 [MISC] Can't Take My Eyes Off You || 1 [TIME] 1967 || 2 [PER] Valli | Frankie Valli || 3 [MISC] Billboard Hot 100 || 4 [TIME] a week || 5 [MISC] Windy || 6 [ORG] Association || 7 [PER] Bob Crewe || 8 [PER] Bob Gaudio || 9 [ORG] The Four Seasons || 10 [TIME] 1974 || 11 [MISC] My Eyes Adored You || 12 [ORG] NASA || 13 [MISC] STS-126 || 14 [PER] Christopher Ferguson,""" Ca n't Take My Eyes Off You "" is a 1967 single credited to Frankie Valli . The song was among his biggest hits , earning a gold record and reaching No . 2 on the Billboard Hot 100 for a week , stuck behind "" Windy "" by The Association . It was co - written by producer Bob Crewe and Bob Gaudio , a bandmate of Valli 's in The Four Seasons . It was Valli 's biggest solo hit until he hit # 1 in 1974 with "" My Eyes Adored You "" . "" Ca n't Take My Eyes Off You "" has had hundreds of cover versions , many of which have been on the charts in different countries . The song is a staple of television and film soundtracks , even being featured as part of the plot of some films , such as when the lead characters sing or arrange their own version of the song . Its chorus has also become a popular football chant , with supporters of various teams inserting their club 's name or a popular player 's name into the beat . The Valli version was also used by NASA as a wake - up song on the STS-126 space shuttle mission , to celebrate the anniversary of astronaut Christopher Ferguson , one of the mission 's crew members .",0,7,"head resolves to the document-title cluster 0 [MISC] (tokenisation variant). tail ""bob crewe"" is the exact unique match to cluster 7 [PER] Bob Crewe, producer and co-writer named in the text.",RESOLVED_TO_GOLD_ID,Jiaxuan Li,2026-09-25
4,Qwen2.5-14B,155,Mehmet Çetingöz,P1344,mehmet eting z,exact_unique,0: PER :: Mehmet Çetingöz | Çetingöz,u23 team,unmatched,,unmatched_only,"0 [PER] Çetingöz | Mehmet Çetingöz || 1 [TIME] May 12, 1991 || 2 [LOC] Şanlıurfa || 3 [LOC] Turkey || 4 [LOC] Turkish || 5 [ORG] Beşiktaş JK || 6 [ORG] U23 || 7 [TIME] four years || 8 [NUM] fourteen || 9 [TIME] eight years || 10 [ORG] Şanlıurfa Wheelchair || 11 [TIME] August 2013 | April 17–23, 2013 || 12 [ORG] Turkish Wheelchair Basketball Super League || 13 [MISC] Fazza International Wheelchair Basketball Championships || 14 [LOC] Dubai","Mehmet Çetingöz ( born May 12 , 1991 in Şanlıurfa , Turkey ) is a Turkish wheelchair basketball player in center position . He is a 4 point player competing for Beşiktaş JK wheelchair basketball team . He is part of the Turkey men 's junior national wheelchair basketball team and captain of the U23 team . Çetingöz became paralyzed at his right leg as a result of polio he contracted when he was four years of age . He began with wheelchair basketball with fourteen in a disabled sports club in Şanlıurfa . After playing eight years for Şanlıurfa Wheelchair , he was transferred in August 2013 to Beşiktaş JK , which competes in the Turkish Wheelchair Basketball Super League . Çetingöz became champion with the national junior team at the 5th Fazza International Wheelchair Basketball Championships held on April 17–23 , 2013 in Dubai and was named Top Scorer .",0,6,"head ""mehmet eting z"" is a punctuation/spelling variant (missing cedilla and c) of cluster 0 [PER] Mehmet Çetingöz. tail ""u23 team"" is a descriptive expansion of the annotated mention ""U23""; the text says he is ""captain of the U23 team"", so both expressions denote the same unique team entity, gold cluster 6 [ORG].",RESOLVED_TO_GOLD_ID,Jiaxuan Li,2026-09-25
5,Qwen2.5-14B,170,Abdul Jabar Sabet,P1344,abdul jabar sabet,exact_unique,0: PER :: Abdul Jabar Sabet | Sabet,human rights organization,unmatched,,unmatched_only,0 [PER] Abdul Jabar Sabet | Sabet || 1 [LOC] Afghan | Afghanistan || 2 [TIME] May 2006 || 3 [PER] Hamid Karzai || 4 [MISC] Pashtun || 5 [PER] Gulbuddin Hekmatyar || 6 [LOC] U.S. || 7 [ORG] Voice of America || 8 [LOC] Montreal || 9 [ORG] Interior Ministry || 10 [LOC] Guantanamo Bay || 11 [LOC] Guantanamo || 12 [ORG] McClatchy News Service || 13 [ORG] Taliban || 14 [TIME] April 2007 || 15 [ORG] Tolo TV || 16 [NUM] Seven,"Abdul Jabar Sabet is an Afghan politician . In May 2006 Hamid Karzai appointed him Attorney General of Afghanistan . Sabet is an ethnic Pashtun . Sabet was a long time aide to former Afghan Prime Minister Gulbuddin Hekmatyar . After leaving Afghanistan , he worked in the U.S. for Voice of America . After living in Montreal , Sabet returned to Afghanistan to work for a human rights organization , before being appointed special adviser at the Interior Ministry . He was promoted to Attorney General in May 2006 . Sources close to the President Hamid Karzai say that Sabet was promoted with U.S. support in exchange for giving positive comments about the Guantanamo Bay detention facility . He has however been critical of the Guantanamo release policy . A series of articles on former Guantanamo captives , published by the McClatchy News Service , quoted Sabet commenting that the release of Guantanamo captives seemed to be divorced from the captives ' role in the Taliban , and to be focussed largely on whether the captives complied with the camp rules . In April 2007 , Sabet launched a violent raid on Tolo TV ( the country 's largest private TV chain ) for what he thought was a "" distorted "" report on his comments regarding the country 's judicial system . Seven journalists from the TV station were taken to his office by force without warrants and severely beaten .",0,NONE,"head ""abdul jabar sabet"" is the exact unique match to cluster 0 [PER]. tail ""human rights organization"" is an unnamed generic noun phrase in ""work for a human rights organization""; no gold cluster in this document denotes such an organisation (nearest gold ORGs are Interior Ministry, Voice of America, McClatchy News Service), so it points to no annotated entity.",UNMATCHED_ONLY,Jiaxuan Li,2026-09-25
6,Qwen2.5-14B,179,List of songs recorded by Rage Against the Machine,P150,rage against the machine,exact_ambiguous_type,0: ORG :: Rage Against the Machine; 10: MISC :: Rage Against the Machine,zack de la rocha,exact_unique,5: PER :: Zack de la Rocha | de la Rocha,type_conflict_only,0 [ORG] Rage Against the Machine || 1 [LOC] American || 2 [LOC] Los Angeles || 3 [LOC] California || 4 [TIME] 1991 || 5 [PER] Zack de la Rocha | de la Rocha || 6 [PER] Tom Morello || 7 [PER] Tim Commerford || 8 [PER] Brad Wilk || 9 [ORG] Epic Records | Epic || 10 [MISC] Rage Against the Machine || 11 [TIME] 1992 || 12 [NUM] four || 13 [MISC] Year of tha Boomerang || 14 [MISC] Higher Learning soundtrack || 15 [TIME] 1995 || 16 [MISC] Evil Empire || 17 [TIME] 1996 || 18 [TIME] 1997 || 19 [PER] Bruce Springsteen || 20 [MISC] The Ghost of Tom Joad || 21 [MISC] No Shelter || 22 [MISC] Godzilla || 23 [TIME] 1999 || 24 [MISC] The Battle of Los Angeles || 25 [TIME] October 2000 || 26 [MISC] Renegades || 27 [TIME] December 2000,"Rage Against the Machine is an American rap metal band from Los Angeles , California . Formed in 1991 , the group consists of vocalist Zack de la Rocha , guitarist Tom Morello , bassist Tim Commerford and drummer Brad Wilk . After a self - issued demo , the band signed with Epic Records and released its self - titled debut album Rage Against the Machine in 1992 , the material for which was written by all four members of the group . After contributing the single "" Year of tha Boomerang "" to the Higher Learning soundtrack in 1995 , the band released its second studio album Evil Empire in 1996 , on which "" Year of tha Boomerang "" was featured as the closing track . In 1997 the band released a cover version of Bruce Springsteen 's "" The Ghost of Tom Joad "" , and the following year contributed "" No Shelter "" to the soundtrack to the film Godzilla , as well as releasing it as a single . In 1999 the band released its final album of original material , The Battle of Los Angeles , which again credited all four members equally for songwriting . The group disbanded in October 2000 , after de la Rocha departed to focus on producing his first solo album . After the group 's breakup , Epic released Renegades in December 2000 , which featured cover versions of songs originally recorded by several hip hop artists , rock bands and other artists .",0,5,"The gold annotation assigns the same surface form ""Rage Against the Machine"" to cluster 0 [ORG] (the band) and cluster 10 [MISC] (the self-titled album). The model entity inventory labels the bare name as ORG, and the source distinguishes the band from the eponymous album; therefore head = 0. Tail is the exact unique match to cluster 5 [PER] Zack de la Rocha.",RESOLVED_TO_GOLD_ID,Jiaxuan Li,2026-09-25
7,Qwen2.5-14B,179,List of songs recorded by Rage Against the Machine,P150,rage against the machine,exact_ambiguous_type,0: ORG :: Rage Against the Machine; 10: MISC :: Rage Against the Machine,tom morello,exact_unique,6: PER :: Tom Morello,type_conflict_only,0 [ORG] Rage Against the Machine || 1 [LOC] American || 2 [LOC] Los Angeles || 3 [LOC] California || 4 [TIME] 1991 || 5 [PER] Zack de la Rocha | de la Rocha || 6 [PER] Tom Morello || 7 [PER] Tim Commerford || 8 [PER] Brad Wilk || 9 [ORG] Epic Records | Epic || 10 [MISC] Rage Against the Machine || 11 [TIME] 1992 || 12 [NUM] four || 13 [MISC] Year of tha Boomerang || 14 [MISC] Higher Learning soundtrack || 15 [TIME] 1995 || 16 [MISC] Evil Empire || 17 [TIME] 1996 || 18 [TIME] 1997 || 19 [PER] Bruce Springsteen || 20 [MISC] The Ghost of Tom Joad || 21 [MISC] No Shelter || 22 [MISC] Godzilla || 23 [TIME] 1999 || 24 [MISC] The Battle of Los Angeles || 25 [TIME] October 2000 || 26 [MISC] Renegades || 27 [TIME] December 2000,"Rage Against the Machine is an American rap metal band from Los Angeles , California . Formed in 1991 , the group consists of vocalist Zack de la Rocha , guitarist Tom Morello , bassist Tim Commerford and drummer Brad Wilk . After a self - issued demo , the band signed with Epic Records and released its self - titled debut album Rage Against the Machine in 1992 , the material for which was written by all four members of the group . After contributing the single "" Year of tha Boomerang "" to the Higher Learning soundtrack in 1995 , the band released its second studio album Evil Empire in 1996 , on which "" Year of tha Boomerang "" was featured as the closing track . In 1997 the band released a cover version of Bruce Springsteen 's "" The Ghost of Tom Joad "" , and the following year contributed "" No Shelter "" to the soundtrack to the film Godzilla , as well as releasing it as a single . In 1999 the band released its final album of original material , The Battle of Los Angeles , which again credited all four members equally for songwriting . The group disbanded in October 2000 , after de la Rocha departed to focus on producing his first solo album . After the group 's breakup , Epic released Renegades in December 2000 , which featured cover versions of songs originally recorded by several hip hop artists , rock bands and other artists .",0,6,"The gold annotation assigns the same surface form ""Rage Against the Machine"" to cluster 0 [ORG] (the band) and cluster 10 [MISC] (the self-titled album). The model entity inventory labels the bare name as ORG, and the source distinguishes the band from the eponymous album; therefore head = 0. Tail is the exact unique match to cluster 6 [PER] Tom Morello.",RESOLVED_TO_GOLD_ID,Jiaxuan Li,2026-09-25
8,Qwen2.5-14B,179,List of songs recorded by Rage Against the Machine,P150,rage against the machine,exact_ambiguous_type,0: ORG :: Rage Against the Machine; 10: MISC :: Rage Against the Machine,tim commerford,exact_unique,7: PER :: Tim Commerford,type_conflict_only,0 [ORG] Rage Against the Machine || 1 [LOC] American || 2 [LOC] Los Angeles || 3 [LOC] California || 4 [TIME] 1991 || 5 [PER] Zack de la Rocha | de la Rocha || 6 [PER] Tom Morello || 7 [PER] Tim Commerford || 8 [PER] Brad Wilk || 9 [ORG] Epic Records | Epic || 10 [MISC] Rage Against the Machine || 11 [TIME] 1992 || 12 [NUM] four || 13 [MISC] Year of tha Boomerang || 14 [MISC] Higher Learning soundtrack || 15 [TIME] 1995 || 16 [MISC] Evil Empire || 17 [TIME] 1996 || 18 [TIME] 1997 || 19 [PER] Bruce Springsteen || 20 [MISC] The Ghost of Tom Joad || 21 [MISC] No Shelter || 22 [MISC] Godzilla || 23 [TIME] 1999 || 24 [MISC] The Battle of Los Angeles || 25 [TIME] October 2000 || 26 [MISC] Renegades || 27 [TIME] December 2000,"Rage Against the Machine is an American rap metal band from Los Angeles , California . Formed in 1991 , the group consists of vocalist Zack de la Rocha , guitarist Tom Morello , bassist Tim Commerford and drummer Brad Wilk . After a self - issued demo , the band signed with Epic Records and released its self - titled debut album Rage Against the Machine in 1992 , the material for which was written by all four members of the group . After contributing the single "" Year of tha Boomerang "" to the Higher Learning soundtrack in 1995 , the band released its second studio album Evil Empire in 1996 , on which "" Year of tha Boomerang "" was featured as the closing track . In 1997 the band released a cover version of Bruce Springsteen 's "" The Ghost of Tom Joad "" , and the following year contributed "" No Shelter "" to the soundtrack to the film Godzilla , as well as releasing it as a single . In 1999 the band released its final album of original material , The Battle of Los Angeles , which again credited all four members equally for songwriting . The group disbanded in October 2000 , after de la Rocha departed to focus on producing his first solo album . After the group 's breakup , Epic released Renegades in December 2000 , which featured cover versions of songs originally recorded by several hip hop artists , rock bands and other artists .",0,7,"The gold annotation assigns the same surface form ""Rage Against the Machine"" to cluster 0 [ORG] (the band) and cluster 10 [MISC] (the self-titled album). The model entity inventory labels the bare name as ORG, and the source distinguishes the band from the eponymous album; therefore head = 0. Tail is the exact unique match to cluster 7 [PER] Tim Commerford.",RESOLVED_TO_GOLD_ID,Jiaxuan Li,2026-09-25
9,Qwen2.5-14B,187,Great South Australian Coastal Upwelling System,P361,austral summer,unmatched,,the great south australian coastal upwelling system,containment_unique,0: MISC :: GSACUS | Great South Australian Coastal Upwelling System | Great Southern Australian Coastal Upwelling System,unmatched_only,0 [MISC] GSACUS | Great South Australian Coastal Upwelling System | Great Southern Australian Coastal Upwelling System || 1 [LOC] Great Australian Bight || 2 [LOC] Ceduna || 3 [LOC] South Australia || 4 [LOC] Portland || 5 [LOC] Victoria || 6 [TIME] November || 7 [ORG] Ekman || 8 [LOC] Western Australia || 9 [LOC] Nullabor || 10 [LOC] Australia || 11 [LOC] Tasmania || 12 [LOC] South Australian,"The Great South Australian Coastal Upwelling System is a seasonal upwelling system in the eastern Great Australian Bight , extending from Ceduna , South Australia , to Portland , Victoria , over a distance of about . Upwelling events occur in the austral summer ( from November to May ) when seasonal winds blow from the southeast . These winds blow parallel to the shoreline at certain areas of the coast , which forces coastal waters offshore via Ekman transport and draws up cold , nutrient - rich waters from the ocean floor . Because the deep water carries abundant nutrients up from the ocean floor , the upwelling area differs from the rest of the Great Australian Bight , especially the areas offshore of Western Australia and the Nullabor in South Australia , which are generally nutrient - poor . Every summer , the upwelling sustains a bountiful ecosystem that attracts blue whales and supports rich fisheries . The Great South Australian Coastal Upwelling System ( GSACUS ) is Australia 's only deep - reaching coastal upwelling system , with nutrient - enriched water stemming from depths exceeding . Recently , a new upwelling centre has been discovered on the western shelf of Tasmania . Since this new upwelling centre is located outside South Australian waters , the entire upwelling system should be rather called the Great Southern Australian Coastal Upwelling System .",NONE,0,"tail ""the great south australian coastal upwelling system"" is contained in the alias list of cluster 0 [MISC]. head ""austral summer"" is a season spanning November to May; the only gold TIME cluster in this document is 6 [TIME] November, which denotes a single month and is not the same entity as the season. No gold cluster denotes the austral summer.",UNMATCHED_ONLY,Jiaxuan Li,2026-09-25
10,Qwen2.5-14B,196,Amos Hochstein,P1344,amos j hochstein,exact_unique,0: PER :: Amos J. Hochstein | Hochstein,deputy assistant secretary of state,unmatched,,unmatched_only,"0 [PER] Amos J. Hochstein | Hochstein || 1 [TIME] January 4, 1973 || 2 [LOC] U.S. || 3 [ORG] U.S. Congress || 4 [PER] Barack Obama || 5 [PER] Clinton || 6 [PER] Kerry || 7 [TIME] 2011 || 8 [ORG] International Energy Affairs || 9 [TIME] 2015 || 10 [ORG] State for Energy Ressources || 11 [ORG] State Department || 12 [PER] Joe Biden || 13 [TIME] 2017 || 14 [TIME] March 2017 || 15 [ORG] Tellurian || 16 [LOC] Houston || 17 [ORG] LNG || 18 [ORG] Naftogaz || 19 [ORG] Atlantic Council || 20 [ORG] U.S .- India Business Council","Amos J. Hochstein ( born January 4 , 1973 ) is a U.S. businessman , former diplomat and national security and energy expert . He has worked in the U.S. Congress , has testified before congressional panels and has served under the Barack Obama administration under Secretaries of State Clinton and Kerry . He was appointed Deputy Assistant Secretary of State in 2011 and as Special Envoy and Coordinator for International Energy Affairs . In 2015 , President Barack Obama nominated Hochstein to be the Assistant Secretary of State for Energy Ressources . While at the State Department , Hochstein worked as a close advisor to Vice - President Joe Biden . He served in the administration from 2011 to 2017 . In March 2017 , he joined Tellurian , a private Houston - based LNG company , where he serves as Senior Vice President Marketing . He serves on the supervisory board of Naftogaz as well as the Board 's of the Atlantic Council and U.S .- India Business Council .",0,NONE,"head ""amos j hochstein"" is the exact unique match to cluster 0 [PER]. tail ""deputy assistant secretary of state"" is a job title, not an entity; the gold ORG clusters in this document are International Energy Affairs (8), State for Energy Ressources (10) and State Department (11), none of which is denoted by the title. No gold cluster corresponds to it.",UNMATCHED_ONLY,Jiaxuan Li,2026-09-25
11,Qwen2.5-32B,19,Railroad Revival Tour,P577,big easy express,exact_unique,16: MISC :: Big Easy Express,sxsw 2012,containment_ambiguous_type,18: MISC :: SXSW; 19: TIME :: 2012,type_conflict_only,"0 [MISC] Railroad Revival Tour || 1 [LOC] Americana || 2 [TIME] 2011 || 3 [LOC] American Southwest || 4 [TIME] the 1950s || 5 [TIME] 1960s || 6 [NUM] 10,000 || 7 [NUM] 30 || 8 [LOC] American || 9 [LOC] U.S. || 10 [MISC] Mumford & Sons ' || 11 [PER] Woody Guthrie || 12 [ORG] Mumford & Sons || 13 [PER] Edward Sharpe || 14 [MISC] the Magnetic Zeros || 15 [ORG] Old Crow Medicine Show || 16 [MISC] Big Easy Express || 17 [PER] Emmett Malloy || 18 [MISC] SXSW || 19 [TIME] 2012 || 20 [MISC] Grammy Award || 21 [TIME] 2013 || 22 [MISC] iTunes || 23 [MISC] DVD / Blu - ray Disc || 24 [MISC] This Train || 25 [PER] Willie Nelson || 26 [ORG] Band of Horses || 27 [PER] Jamey Johnson || 28 [PER] John Reilly || 29 [ORG] Friends","The Railroad Revival Tour was an annual music tour that featured popular roots , folk , country , rock , bluegrass and Americana acts that began in 2011 . The musicians travel between shows across the American Southwest in a dozen or so vintage train cars from the 1950s and 1960s . The outdoor concert locations , sometimes attracting over 10,000 fans , are often a stone 's throw from the train . The bands eat , sleep and engage in impromptu jam sessions on the train between stops , giving them a chance to collaborate . On stage at night , they often join in on each other 's sets , sometimes bringing around 30 musicians up to create a rare and rowdy performance . The organic American roots feeling of the tour also prompts participating musicians to honor U.S. railway history , like Mumford & Sons ' tribute to Woody Guthrie in 2011 . The inaugural tour in 2011 included performances by Mumford & Sons , Edward Sharpe and the Magnetic Zeros , and Old Crow Medicine Show . A documentary of this first year , called Big Easy Express , directed by Emmett Malloy premiered at SXSW 2012 and won a Grammy Award in 2013 . The film is currently available on iTunes and DVD / Blu - ray Disc . In 2011 , Railroad Revival Tour bands Mumford & Sons , Edward Sharpe and the Magnetic Zeros , and Old Crow Medicine Show together closed their shows at every stop with "" This Train . "" The 2012 tour was slated to include performances by Willie Nelson , Band of Horses , Jamey Johnson , and John Reilly and Friends . However , the tour was cancelled for 2012 .",16,18,"head ""big easy express"" is the exact unique match to cluster 16 [MISC] (the documentary). tail ""sxsw 2012"": the text reads ""premiered at SXSW 2012"", i.e. the thing it premiered at is the SXSW festival, gold cluster 18 [MISC]; ""2012"" is separately annotated as cluster 19 [TIME] and only modifies the edition. The core referent of the mention is therefore SXSW (18).",RESOLVED_TO_GOLD_ID,Jiaxuan Li,2026-09-25
12,Qwen2.5-32B,99,Young Wild Things Tour,P527,the young wild things tour,containment_unique,0: MISC :: Young Wild Things Tour,31,unmatched,,unmatched_only,0 [MISC] Young Wild Things Tour || 1 [NUM] four || 2 [TIME] 2007 || 3 [ORG] Fall Out Boy | FOB || 4 [ORG] Gym Class Heroes || 5 [ORG] Plain White T 's || 6 [ORG] Cute Is What We Aim For || 7 [ORG] Doug || 8 [TIME] November 9 || 9 [NUM] $ 30 million || 10 [TIME] five hours || 11 [NUM] 1.5 million || 12 [NUM] 31-date || 13 [LOC] America || 14 [NUM] two || 15 [LOC] Canadian || 16 [TIME] October 18 || 17 [TIME] December 2 || 18 [PER] Maurice Sendak || 19 [TIME] 1963 || 20 [MISC] Where the Wild Things Are || 21 [PER] Rob Dobi || 22 [PER] Pete Wentz || 23 [LOC] Hollywood,"The Young Wild Things Tour was a four - band fall 2007 arena concert tour by Fall Out Boy with supporting acts Gym Class Heroes , Plain White T 's , Cute Is What We Aim For , and Doug ( from November 9 on ) . This is Fall Out Boy 's biggest tour to date , grossing over $ 30 million . The tour sold out in five hours , with over 1.5 million tickets sold . The tour was first announced on the Fall Out Boy website , but instead of the traditional method of announcing tour dates in the same release as the announcement of the tour itself , the bands chose an unusual method . Fans would text a certain number and would be given a code for their state / area . That code would then be entered on a website . After an unknown amount of codes were entered , the tour date would be unlocked . The 31-date tour was only held in America , except for two Canadian dates . The tour began on October 18 and ran through December 2 . Inspired by Maurice Sendak 's 1963 children 's book Where the Wild Things Are , the concert tour included sets designed by artist Rob Dobi , containing images from the book . Fall Out Boy bassist Pete Wentz explained , "" Where the Wild Things Are is a great narrative . It encapsulates pretty much every FOB song ever written : You know , tantrums and monster islands and all . "" "" There 's also a play on words of the young wild thing idea that everybody has with Hollywood and starlets right now . """,0,12,"head ""the young wild things tour"" is contained in cluster 0 [MISC]. tail ""31"" is the bare numeral of the quantity annotated as cluster 12 [NUM] ""31-date"" (""The 31-date tour was only held in America""); the model dropped the generic category word ""date"", so the mention denotes the same quantity.",RESOLVED_TO_GOLD_ID,Jiaxuan Li,2026-09-25
13,Qwen2.5-32B,155,Mehmet Çetingöz,P1344,mehmet eting z,exact_unique,0: PER :: Mehmet Çetingöz | Çetingöz,u23 team,unmatched,,unmatched_only,"0 [PER] Çetingöz | Mehmet Çetingöz || 1 [TIME] May 12, 1991 || 2 [LOC] Şanlıurfa || 3 [LOC] Turkey || 4 [LOC] Turkish || 5 [ORG] Beşiktaş JK || 6 [ORG] U23 || 7 [TIME] four years || 8 [NUM] fourteen || 9 [TIME] eight years || 10 [ORG] Şanlıurfa Wheelchair || 11 [TIME] August 2013 | April 17–23, 2013 || 12 [ORG] Turkish Wheelchair Basketball Super League || 13 [MISC] Fazza International Wheelchair Basketball Championships || 14 [LOC] Dubai","Mehmet Çetingöz ( born May 12 , 1991 in Şanlıurfa , Turkey ) is a Turkish wheelchair basketball player in center position . He is a 4 point player competing for Beşiktaş JK wheelchair basketball team . He is part of the Turkey men 's junior national wheelchair basketball team and captain of the U23 team . Çetingöz became paralyzed at his right leg as a result of polio he contracted when he was four years of age . He began with wheelchair basketball with fourteen in a disabled sports club in Şanlıurfa . After playing eight years for Şanlıurfa Wheelchair , he was transferred in August 2013 to Beşiktaş JK , which competes in the Turkish Wheelchair Basketball Super League . Çetingöz became champion with the national junior team at the 5th Fazza International Wheelchair Basketball Championships held on April 17–23 , 2013 in Dubai and was named Top Scorer .",0,6,"head ""mehmet eting z"" is a spelling/punctuation variant of cluster 0 [PER] Mehmet Çetingöz. tail ""u23 team"" is a descriptive expansion of the annotated mention ""U23"" in ""captain of the U23 team""; gold cluster 6 [ORG] U23 denotes that same team.",RESOLVED_TO_GOLD_ID,Jiaxuan Li,2026-09-25
14,Qwen2.5-32B,175,Torrejonian,P150,torrejonian,exact_unique,0: TIME :: Torrejonian | Torrejonian North American Stage,to3,unmatched,,unmatched_only,"0 [TIME] Torrejonian North American Stage | Torrejonian || 1 [LOC] North American || 2 [MISC] North American Land Mammal Ages || 3 [MISC] NALMA || 4 [TIME] 63,300,000 || 5 [TIME] 60,200,000 years BP || 6 [TIME] Selandian || 7 [TIME] Thanetian || 8 [TIME] Paleocene || 9 [TIME] Puercan || 10 [TIME] Tiffanian NALMA || 11 [TIME] Danian || 12 [MISC] To2 || 13 [NUM] 61.7 Ma","The Torrejonian North American Stage on the geologic timescale is the North American faunal stage according to the North American Land Mammal Ages chronology ( NALMA ) , typically set from 63,300,000 to 60,200,000 years BP lasting . It is usually considered to overlap the Selandian and Thanetian within the Paleocene . The Torrejonian is preceded by the Puercan and followed by the Tiffanian NALMA stages . The Torrejonian is considered to be contained within the Danian and contains the following substages : To3 : Lower boundary source of the base of the Torrejonian ( approximate ) . To2 : Lower boundary source of the base of the Torrejonian ( approximate ) and upper boundary source of the base of the Selandian ( approximate ) . To1 : Upper boundary source ( 61.7 Ma ) of the base of the Selandian ( approximate ) .",0,NONE,"head ""torrejonian"" is the exact unique match to cluster 0 [TIME]. The text lists three substages To3, To2 and To1, but only ""To2"" is annotated (cluster 12 [MISC]); ""To3"" is a distinct, unlabelled substage, so no gold cluster corresponds to the tail.",UNMATCHED_ONLY,Jiaxuan Li,2026-09-25
15,Qwen2.5-32B,179,List of songs recorded by Rage Against the Machine,P150,rage against the machine,exact_ambiguous_type,0: ORG :: Rage Against the Machine; 10: MISC :: Rage Against the Machine,zack de la rocha,exact_unique,5: PER :: Zack de la Rocha | de la Rocha,type_conflict_only,0 [ORG] Rage Against the Machine || 1 [LOC] American || 2 [LOC] Los Angeles || 3 [LOC] California || 4 [TIME] 1991 || 5 [PER] Zack de la Rocha | de la Rocha || 6 [PER] Tom Morello || 7 [PER] Tim Commerford || 8 [PER] Brad Wilk || 9 [ORG] Epic Records | Epic || 10 [MISC] Rage Against the Machine || 11 [TIME] 1992 || 12 [NUM] four || 13 [MISC] Year of tha Boomerang || 14 [MISC] Higher Learning soundtrack || 15 [TIME] 1995 || 16 [MISC] Evil Empire || 17 [TIME] 1996 || 18 [TIME] 1997 || 19 [PER] Bruce Springsteen || 20 [MISC] The Ghost of Tom Joad || 21 [MISC] No Shelter || 22 [MISC] Godzilla || 23 [TIME] 1999 || 24 [MISC] The Battle of Los Angeles || 25 [TIME] October 2000 || 26 [MISC] Renegades || 27 [TIME] December 2000,"Rage Against the Machine is an American rap metal band from Los Angeles , California . Formed in 1991 , the group consists of vocalist Zack de la Rocha , guitarist Tom Morello , bassist Tim Commerford and drummer Brad Wilk . After a self - issued demo , the band signed with Epic Records and released its self - titled debut album Rage Against the Machine in 1992 , the material for which was written by all four members of the group . After contributing the single "" Year of tha Boomerang "" to the Higher Learning soundtrack in 1995 , the band released its second studio album Evil Empire in 1996 , on which "" Year of tha Boomerang "" was featured as the closing track . In 1997 the band released a cover version of Bruce Springsteen 's "" The Ghost of Tom Joad "" , and the following year contributed "" No Shelter "" to the soundtrack to the film Godzilla , as well as releasing it as a single . In 1999 the band released its final album of original material , The Battle of Los Angeles , which again credited all four members equally for songwriting . The group disbanded in October 2000 , after de la Rocha departed to focus on producing his first solo album . After the group 's breakup , Epic released Renegades in December 2000 , which featured cover versions of songs originally recorded by several hip hop artists , rock bands and other artists .",0,5,"The gold annotation assigns the same surface form ""Rage Against the Machine"" to cluster 0 [ORG] (the band) and cluster 10 [MISC] (the self-titled album). The model entity inventory labels the bare name as ORG, and the source distinguishes the band from the eponymous album; therefore head = 0. Tail is the exact unique match to cluster 5 [PER] Zack de la Rocha.",RESOLVED_TO_GOLD_ID,Jiaxuan Li,2026-09-25
16,Qwen2.5-32B,187,Great South Australian Coastal Upwelling System,P150,austral summer,unmatched,,november,exact_unique,6: TIME :: November,unmatched_only,0 [MISC] GSACUS | Great South Australian Coastal Upwelling System | Great Southern Australian Coastal Upwelling System || 1 [LOC] Great Australian Bight || 2 [LOC] Ceduna || 3 [LOC] South Australia || 4 [LOC] Portland || 5 [LOC] Victoria || 6 [TIME] November || 7 [ORG] Ekman || 8 [LOC] Western Australia || 9 [LOC] Nullabor || 10 [LOC] Australia || 11 [LOC] Tasmania || 12 [LOC] South Australian,"The Great South Australian Coastal Upwelling System is a seasonal upwelling system in the eastern Great Australian Bight , extending from Ceduna , South Australia , to Portland , Victoria , over a distance of about . Upwelling events occur in the austral summer ( from November to May ) when seasonal winds blow from the southeast . These winds blow parallel to the shoreline at certain areas of the coast , which forces coastal waters offshore via Ekman transport and draws up cold , nutrient - rich waters from the ocean floor . Because the deep water carries abundant nutrients up from the ocean floor , the upwelling area differs from the rest of the Great Australian Bight , especially the areas offshore of Western Australia and the Nullabor in South Australia , which are generally nutrient - poor . Every summer , the upwelling sustains a bountiful ecosystem that attracts blue whales and supports rich fisheries . The Great South Australian Coastal Upwelling System ( GSACUS ) is Australia 's only deep - reaching coastal upwelling system , with nutrient - enriched water stemming from depths exceeding . Recently , a new upwelling centre has been discovered on the western shelf of Tasmania . Since this new upwelling centre is located outside South Australian waters , the entire upwelling system should be rather called the Great Southern Australian Coastal Upwelling System .",NONE,6,"tail ""november"" is the exact unique match to cluster 6 [TIME] November. head ""austral summer"" denotes the season November-May; the gold annotation covers only the month November and there is no cluster for the season itself, so the head has no gold counterpart.",UNMATCHED_ONLY,Jiaxuan Li,2026-09-25
17,Qwen2.5-32B,187,Great South Australian Coastal Upwelling System,P150,austral summer,unmatched,,may,unmatched,,unmatched_only,0 [MISC] GSACUS | Great South Australian Coastal Upwelling System | Great Southern Australian Coastal Upwelling System || 1 [LOC] Great Australian Bight || 2 [LOC] Ceduna || 3 [LOC] South Australia || 4 [LOC] Portland || 5 [LOC] Victoria || 6 [TIME] November || 7 [ORG] Ekman || 8 [LOC] Western Australia || 9 [LOC] Nullabor || 10 [LOC] Australia || 11 [LOC] Tasmania || 12 [LOC] South Australian,"The Great South Australian Coastal Upwelling System is a seasonal upwelling system in the eastern Great Australian Bight , extending from Ceduna , South Australia , to Portland , Victoria , over a distance of about . Upwelling events occur in the austral summer ( from November to May ) when seasonal winds blow from the southeast . These winds blow parallel to the shoreline at certain areas of the coast , which forces coastal waters offshore via Ekman transport and draws up cold , nutrient - rich waters from the ocean floor . Because the deep water carries abundant nutrients up from the ocean floor , the upwelling area differs from the rest of the Great Australian Bight , especially the areas offshore of Western Australia and the Nullabor in South Australia , which are generally nutrient - poor . Every summer , the upwelling sustains a bountiful ecosystem that attracts blue whales and supports rich fisheries . The Great South Australian Coastal Upwelling System ( GSACUS ) is Australia 's only deep - reaching coastal upwelling system , with nutrient - enriched water stemming from depths exceeding . Recently , a new upwelling centre has been discovered on the western shelf of Tasmania . Since this new upwelling centre is located outside South Australian waters , the entire upwelling system should be rather called the Great Southern Australian Coastal Upwelling System .",NONE,NONE,"Neither argument has a gold counterpart. head ""austral summer"" is the season November-May, not annotated as such (cluster 6 [TIME] is only the month November). tail ""may"" is the month May from ""from November to May"", which is likewise not annotated; gold cluster 6 covers November only.",UNMATCHED_ONLY,Jiaxuan Li,2026-09-25
18,Qwen2.5-32B,190,Chachalaca,P131,chachalacas,exact_ambiguous_type,0: MISC :: Chachalacas; 12: LOC :: chachalacas,oligocene,exact_unique,13: TIME :: Oligocene,type_conflict_only,0 [MISC] Chachalacas || 1 [MISC] Ortalis || 2 [LOC] United States || 3 [LOC] Texas || 4 [LOC] Mexico || 5 [LOC] Central || 6 [LOC] South America || 7 [NUM] six || 8 [NUM] twelve || 9 [NUM] two || 10 [MISC] Greek || 11 [NUM] four || 12 [LOC] chachalacas || 13 [TIME] Oligocene || 14 [NUM] 40–20 mya,"Chachalacas are galliform birds from the genus Ortalis . These birds are found in wooded habitats in far southern United States ( Texas ) , Mexico , and Central and South America . They are social , can be very noisy and often remain fairly common even near humans , as their relatively small size makes them less desirable to hunters than their larger relatives . As invasive pests , they have a ravenous appetite for tomatoes , melons , beans , and radishes and can ravage a small garden in short order . They travel in packs of six to twelve . They somewhat resemble the guans , and the two have commonly been placed in a subfamily together , though the chachalacas are probably closer to the curassows . The generic name is derived from the Greek word όρταλις , meaning "" pullet "" or "" domestic hen . "" The common name is an onomatopoeia for the four - noted cackle of the plain chachalaca ( O. vetula ) . Mitochondrial and nuclear DNA sequence data tentatively suggest that the chachalacas emerged as a distinct lineage during the Oligocene , somewhere around 40–20 mya , possibly being the first lineage of modern cracids to evolve ; this does agree with the known fossil record – including indeterminate , cracid - like birds – which very cautiously favors a north - to - south expansion of the family .",0,13,"The gold annotation assigns the same surface ""Chachalacas"" to cluster 0 [MISC] (the bird group) and cluster 12 [LOC]. In the source, this mention is the biological lineage that emerged during the Oligocene; cluster 12 appears to be a duplicated or mistyped location annotation. Therefore head = 0. Tail is the exact unique match to cluster 13 [TIME] Oligocene.",RESOLVED_TO_GOLD_ID,Jiaxuan Li,2026-09-25
19,Qwen2.5-32B,190,Chachalaca,P131,chachalacas,exact_ambiguous_type,0: MISC :: Chachalacas; 12: LOC :: chachalacas,40 20 mya,exact_unique,14: NUM :: 40–20 mya,type_conflict_only,0 [MISC] Chachalacas || 1 [MISC] Ortalis || 2 [LOC] United States || 3 [LOC] Texas || 4 [LOC] Mexico || 5 [LOC] Central || 6 [LOC] South America || 7 [NUM] six || 8 [NUM] twelve || 9 [NUM] two || 10 [MISC] Greek || 11 [NUM] four || 12 [LOC] chachalacas || 13 [TIME] Oligocene || 14 [NUM] 40–20 mya,"Chachalacas are galliform birds from the genus Ortalis . These birds are found in wooded habitats in far southern United States ( Texas ) , Mexico , and Central and South America . They are social , can be very noisy and often remain fairly common even near humans , as their relatively small size makes them less desirable to hunters than their larger relatives . As invasive pests , they have a ravenous appetite for tomatoes , melons , beans , and radishes and can ravage a small garden in short order . They travel in packs of six to twelve . They somewhat resemble the guans , and the two have commonly been placed in a subfamily together , though the chachalacas are probably closer to the curassows . The generic name is derived from the Greek word όρταλις , meaning "" pullet "" or "" domestic hen . "" The common name is an onomatopoeia for the four - noted cackle of the plain chachalaca ( O. vetula ) . Mitochondrial and nuclear DNA sequence data tentatively suggest that the chachalacas emerged as a distinct lineage during the Oligocene , somewhere around 40–20 mya , possibly being the first lineage of modern cracids to evolve ; this does agree with the known fossil record – including indeterminate , cracid - like birds – which very cautiously favors a north - to - south expansion of the family .",0,14,"The gold annotation assigns the same surface ""Chachalacas"" to cluster 0 [MISC] (the bird group) and cluster 12 [LOC]. In the source, this mention denotes the biological lineage rather than a location; cluster 12 appears to be a duplicated or mistyped annotation. Therefore head = 0. Tail ""40 20 mya"" is the punctuation-normalized form of cluster 14 [NUM] ""40–20 mya"".",RESOLVED_TO_GOLD_ID,Jiaxuan Li,2026-09-25
20,Qwen2.5-32B,211,William Hepburn Armstrong,P1344,william hepburn armstrong,exact_unique,0: PER :: Armstrong | William H. Armstrong | William Hepburn Armstrong,commissioner of railroads,unmatched,,unmatched_only,"0 [PER] William Hepburn Armstrong | Armstrong | William H. Armstrong || 1 [TIME] September 7 , 1824 || 2 [TIME] May 14 , 1919 || 3 [ORG] Republican || 4 [ORG] U.S. House of Representatives || 5 [LOC] Pennsylvania || 6 [LOC] Williamsport || 7 [ORG] Princeton College || 8 [TIME] 1847 || 9 [ORG] Pennsylvania State House of Representatives || 10 [TIME] 1860 || 11 [TIME] 1861 || 12 [TIME] 1862 || 13 [ORG] Forty - first Congress || 14 [TIME] 1870 || 15 [LOC] Indian || 16 [PER] Ulysses S. Grant || 17 [TIME] 1882 || 18 [TIME] 1885 || 19 [LOC] Washington , D.C. || 20 [LOC] Philadelphia || 21 [TIME] 1898 || 22 [LOC] Wilmington || 23 [LOC] Delaware || 24 [TIME] 1919 || 25 [LOC] Wilmington and Brandywine Cemetery","William Hepburn Armstrong ( September 7 , 1824 – May 14 , 1919 ) was a Republican member of the U.S. House of Representatives from Pennsylvania . William H. Armstrong was born in Williamsport , Pennsylvania . He graduated from Princeton College in 1847 . He studied law , was admitted to the bar and commenced practice in Williamsport . He served in the Pennsylvania State House of Representatives in 1860 and 1861 . He declined a commission as president judge of the twenty - sixth judicial circuit of Pennsylvania in 1862 . Armstrong was elected as a Republican to the Forty - first Congress . He was an unsuccessful candidate for reelection in 1870 . He declined the office of commissioner of Indian affairs tendered by President Ulysses S. Grant . He served as commissioner of railroads from 1882 to 1885 . He resumed the practice of law in Washington , D.C. , and Philadelphia , until 1898 , when he retired from active business pursuits . He moved to Wilmington , Delaware , where he died in 1919 . Interment in Wilmington and Brandywine Cemetery .",0,NONE,"head ""william hepburn armstrong"" is the exact unique match to cluster 0 [PER]. tail ""commissioner of railroads"" from ""He served as commissioner of railroads from 1882 to 1885"" is a post/office, not an entity; no gold cluster in this document (Republican, U.S. House of Representatives, Princeton College, Pennsylvania State House of Representatives, Forty-first Congress) denotes it.",UNMATCHED_ONLY,Jiaxuan Li,2026-09-25
21,Qwen2.5-32B,230,Mavis Grind,P1344,otters,unmatched,,mavis grind,exact_unique,0: LOC :: Mavis Grind,unmatched_only,0 [LOC] Mavis Grind || 1 [LOC] Northmavine || 2 [LOC] Shetland Mainland || 3 [LOC] Shetland Islands | Shetland || 4 [LOC] UK || 5 [LOC] A970 || 6 [LOC] Hillswick || 7 [NUM] two miles || 8 [LOC] Brae || 9 [LOC] North Sea || 10 [LOC] Atlantic Ocean || 11 [TIME] 1999 || 12 [LOC] Viking || 13 [TIME] Bronze Age,"Mavis Grind ( or , meaning "" gate of the narrow isthmus "" ) is a narrow isthmus joining the Northmavine peninsula to the rest of the island of Shetland Mainland in the Shetland Islands , UK . It is just wide at its narrowest point . It carries the main A970 road to Hillswick in the north west of Shetland and is about two miles west of the settlement of Brae . Mavis Grind is said to be the only place in the UK where you can toss a stone across land from the North Sea to the Atlantic Ocean . It is a regular crossing point for otters , which in Shetland are sea - dwelling . In 1999 , local volunteers successfully helped to demonstrate whether Viking ships could be carried across the isthmus , instead of sailing around the end of the island . Remains of a late Bronze Age settlement have been found close by .",NONE,0,"tail ""mavis grind"" is the exact unique match to cluster 0 [LOC]. head ""otters"" comes from ""a regular crossing point for otters""; it is a generic animal class with no named referent, and no gold cluster in this document denotes otters.",UNMATCHED_ONLY,Jiaxuan Li,2026-09-25
22,Qwen2.5-32B,287,Washington v. Texas,P1344,washington v texas,containment_ambiguous_type,0: PER :: Jackie Washington | Washington; 15: MISC :: Washington,united states supreme court,exact_unique,5: ORG :: Court | Supreme Court | United States Supreme Court,type_conflict_only,0 [PER] Washington | Jackie Washington || 1 [LOC] Texas | Due Process Clause || 2 [NUM] 388 || 3 [LOC] U.S. || 4 [TIME] 1967 || 5 [ORG] United States Supreme Court | Court | Supreme Court || 6 [MISC] Compulsory Process Clause || 7 [MISC] Sixth Amendment to the Constitution || 8 [LOC] Texas || 9 [MISC] Fourteenth Amendment || 10 [PER] John Marshall Harlan II || 11 [PER] Taylor || 12 [ORG] Illinois || 13 [TIME] 1988 || 14 [MISC] Taylor || 15 [MISC] Washington,"Washington v. Texas , 388 U.S. 14 ( 1967 ) , is a United States Supreme Court case in which the Court decided that the Compulsory Process Clause of the Sixth Amendment to the Constitution ( guaranteeing the right of a criminal defendant to force the attendance of witnesses for their side ) is applicable in state courts as well as federal courts . Jackie Washington had attempted to call his co - defendant as a witness , but was blocked by Texas courts because state law prevented co - defendants from testifying for each other , under the theory that they would be likely to lie for each other on the stand . The Supreme Court reasoned that the Due Process Clause of the Fourteenth Amendment made the right to be able to compel defense witnesses to testify necessary for a defendant 's "" due process "" rights to fair proceedings , which applies to the states . Only Justice John Marshall Harlan II parted from the Court 's "" due process "" focus , though he agreed with the outcome , as he regularly did in cases involving whether to apply federal rights to state courts . The impact of Washington was narrowed by a later case , Taylor v. Illinois ( 1988 ) , in which the Court said that "" countervailing public interests "" , like the need to move through cases quickly , could be balanced against a defendant 's right to present witnesses . In Taylor , the Supreme Court upheld a judge 's order blocking defense witnesses from testifying due to the defense attorney 's deliberate failure to disclose evidence to prosecutors earlier in the trial . The defense attorney 's actions resulted in a lengthy delay in the proceedings which the trial judge felt was unjustified . Legal scholars have seen this new grant of discretion to trial judges as a change to relying on "" efficient justice "" , a more limited vision of trial rights than the "" right to present a defense "" created in Washington .",15,5,"The emitted head contains ""Washington"", which matches both cluster 0 [PER] Jackie Washington and cluster 15 [MISC] Washington. ""washington v texas"" is the name of the Supreme Court case, and in this text ""Washington"" in cluster 15 is used metonymically for that case (""The impact of Washington was narrowed by a later case""), so the head denotes cluster 15, not the person in cluster 0. tail is the exact unique match to 5 [ORG] United States Supreme Court.",RESOLVED_TO_GOLD_ID,Jiaxuan Li,2026-09-25
23,Qwen2.5-32B,291,"They Shoot Horses, Don't They? (film)",P495,they shoot horses don t they,unmatched,,american,exact_unique,2: LOC :: American,unmatched_only,"0 [MISC] They Shoot Horses , Do n't They || 1 [TIME] 1969 | December 10, 1969 || 2 [LOC] American || 3 [PER] Horace McCoy || 4 [TIME] 1935 || 5 [PER] Sydney Pollack || 6 [PER] James Poe || 7 [PER] Robert E. Thompson || 8 [MISC] Depression || 9 [PER] MC || 10 [PER] Jane Fonda | Fonda || 11 [PER] Michael Sarrazin || 12 [PER] Susannah York | York || 13 [PER] Red Buttons || 14 [PER] Bruce Dern || 15 [PER] Bonnie Bedelia || 16 [PER] Gig Young | Young || 17 [MISC] 23rd Cannes Film Festival || 18 [LOC] the United States || 19 [NUM] $12.6 million || 20 [NUM] $4.86 million || 21 [NUM] nine || 22 [MISC] 42nd Academy Awards || 23 [MISC] Best Director || 24 [MISC] Best Actress || 25 [MISC] Best Supporting Actress || 26 [MISC] Best Adapted Screenplay || 27 [MISC] Best Supporting Actor || 28 [MISC] Best Picture","They Shoot Horses , Do n't They ? is a 1969 American depression - era melodrama film based on Horace McCoy 's 1935 novel of the same name and directed by Sydney Pollack . The screenplay was written by James Poe and Robert E. Thompson . The film focuses on a disparate group of characters desperate to win a Depression - era dance marathon and the opportunistic emcee ( MC ) who urges them on to victory . It stars Jane Fonda , Michael Sarrazin , Susannah York , Red Buttons , Bruce Dern , Bonnie Bedelia and Gig Young . The film premiered at the 23rd Cannes Film Festival and was released theatrically in the United States on December 10 , 1969 . The film upon release was a critical and commercial success , grossing $ 12.6 million on a budget of $ 4.86 million , becoming the sixteenth highest grossing film of 1969 . Critics praised its direction , screenplay , depiction of the depression - era and performances , most notably of Fonda 's which marked a significant turning point in her career . The film received nine nominations at the 42nd Academy Awards including Best Director , Best Actress ( for Fonda ) , Best Supporting Actress ( for York ) , Best Adapted Screenplay and winning Best Supporting Actor ( for Young ) . It is the most nominated film in the history of the aforementioned awards without a Best Picture nomination .",0,2,"head ""they shoot horses don t they"" is the film title with apostrophes and commas stripped; it is the same entity as gold cluster 0 [MISC] ""They Shoot Horses , Do n't They"". tail ""american"" is the exact unique match to cluster 2 [LOC] American.",RESOLVED_TO_GOLD_ID,Jiaxuan Li,2026-09-25
24,Qwen2.5-72B,19,Railroad Revival Tour,P577,big easy express,exact_unique,16: MISC :: Big Easy Express,sxsw 2012,containment_ambiguous_type,18: MISC :: SXSW; 19: TIME :: 2012,type_conflict_only,"0 [MISC] Railroad Revival Tour || 1 [LOC] Americana || 2 [TIME] 2011 || 3 [LOC] American Southwest || 4 [TIME] the 1950s || 5 [TIME] 1960s || 6 [NUM] 10,000 || 7 [NUM] 30 || 8 [LOC] American || 9 [LOC] U.S. || 10 [MISC] Mumford & Sons ' || 11 [PER] Woody Guthrie || 12 [ORG] Mumford & Sons || 13 [PER] Edward Sharpe || 14 [MISC] the Magnetic Zeros || 15 [ORG] Old Crow Medicine Show || 16 [MISC] Big Easy Express || 17 [PER] Emmett Malloy || 18 [MISC] SXSW || 19 [TIME] 2012 || 20 [MISC] Grammy Award || 21 [TIME] 2013 || 22 [MISC] iTunes || 23 [MISC] DVD / Blu - ray Disc || 24 [MISC] This Train || 25 [PER] Willie Nelson || 26 [ORG] Band of Horses || 27 [PER] Jamey Johnson || 28 [PER] John Reilly || 29 [ORG] Friends","The Railroad Revival Tour was an annual music tour that featured popular roots , folk , country , rock , bluegrass and Americana acts that began in 2011 . The musicians travel between shows across the American Southwest in a dozen or so vintage train cars from the 1950s and 1960s . The outdoor concert locations , sometimes attracting over 10,000 fans , are often a stone 's throw from the train . The bands eat , sleep and engage in impromptu jam sessions on the train between stops , giving them a chance to collaborate . On stage at night , they often join in on each other 's sets , sometimes bringing around 30 musicians up to create a rare and rowdy performance . The organic American roots feeling of the tour also prompts participating musicians to honor U.S. railway history , like Mumford & Sons ' tribute to Woody Guthrie in 2011 . The inaugural tour in 2011 included performances by Mumford & Sons , Edward Sharpe and the Magnetic Zeros , and Old Crow Medicine Show . A documentary of this first year , called Big Easy Express , directed by Emmett Malloy premiered at SXSW 2012 and won a Grammy Award in 2013 . The film is currently available on iTunes and DVD / Blu - ray Disc . In 2011 , Railroad Revival Tour bands Mumford & Sons , Edward Sharpe and the Magnetic Zeros , and Old Crow Medicine Show together closed their shows at every stop with "" This Train . "" The 2012 tour was slated to include performances by Willie Nelson , Band of Horses , Jamey Johnson , and John Reilly and Friends . However , the tour was cancelled for 2012 .",16,18,"Duplicate of the 14B row for the same document. head ""big easy express"" = cluster 16 [MISC]. tail ""sxsw 2012"": ""premiered at SXSW 2012"" makes SXSW (cluster 18 [MISC]) the referent, with 2012 (cluster 19 [TIME]) a separate annotation that only modifies the edition.",RESOLVED_TO_GOLD_ID,Jiaxuan Li,2026-09-25
25,Qwen2.5-72B,19,Railroad Revival Tour,P161,mumford sons,exact_ambiguous_type,10: MISC :: Mumford & Sons '; 12: ORG :: Mumford & Sons,big easy express,exact_unique,16: MISC :: Big Easy Express,type_conflict_only,"0 [MISC] Railroad Revival Tour || 1 [LOC] Americana || 2 [TIME] 2011 || 3 [LOC] American Southwest || 4 [TIME] the 1950s || 5 [TIME] 1960s || 6 [NUM] 10,000 || 7 [NUM] 30 || 8 [LOC] American || 9 [LOC] U.S. || 10 [MISC] Mumford & Sons ' || 11 [PER] Woody Guthrie || 12 [ORG] Mumford & Sons || 13 [PER] Edward Sharpe || 14 [MISC] the Magnetic Zeros || 15 [ORG] Old Crow Medicine Show || 16 [MISC] Big Easy Express || 17 [PER] Emmett Malloy || 18 [MISC] SXSW || 19 [TIME] 2012 || 20 [MISC] Grammy Award || 21 [TIME] 2013 || 22 [MISC] iTunes || 23 [MISC] DVD / Blu - ray Disc || 24 [MISC] This Train || 25 [PER] Willie Nelson || 26 [ORG] Band of Horses || 27 [PER] Jamey Johnson || 28 [PER] John Reilly || 29 [ORG] Friends","The Railroad Revival Tour was an annual music tour that featured popular roots , folk , country , rock , bluegrass and Americana acts that began in 2011 . The musicians travel between shows across the American Southwest in a dozen or so vintage train cars from the 1950s and 1960s . The outdoor concert locations , sometimes attracting over 10,000 fans , are often a stone 's throw from the train . The bands eat , sleep and engage in impromptu jam sessions on the train between stops , giving them a chance to collaborate . On stage at night , they often join in on each other 's sets , sometimes bringing around 30 musicians up to create a rare and rowdy performance . The organic American roots feeling of the tour also prompts participating musicians to honor U.S. railway history , like Mumford & Sons ' tribute to Woody Guthrie in 2011 . The inaugural tour in 2011 included performances by Mumford & Sons , Edward Sharpe and the Magnetic Zeros , and Old Crow Medicine Show . A documentary of this first year , called Big Easy Express , directed by Emmett Malloy premiered at SXSW 2012 and won a Grammy Award in 2013 . The film is currently available on iTunes and DVD / Blu - ray Disc . In 2011 , Railroad Revival Tour bands Mumford & Sons , Edward Sharpe and the Magnetic Zeros , and Old Crow Medicine Show together closed their shows at every stop with "" This Train . "" The 2012 tour was slated to include performances by Willie Nelson , Band of Horses , Jamey Johnson , and John Reilly and Friends . However , the tour was cancelled for 2012 .",12,16,"""Mumford & Sons"" is annotated twice: cluster 10 [MISC] captures only the possessive form ""Mumford & Sons '"" in ""Mumford & Sons ' tribute to Woody Guthrie"", while cluster 12 [ORG] is the band itself. The emitted head denotes the band, so head = 12. tail ""big easy express"" is the exact unique match to 16 [MISC].",RESOLVED_TO_GOLD_ID,Jiaxuan Li,2026-09-25
26,Qwen2.5-72B,63,"Navy, Army and Air Force Institutes",P1344,commissioned officers,unmatched,,british armed forces,exact_unique,3: ORG :: British Armed Forces,unmatched_only,"0 [ORG] Navy , Army and Air Force Institutes | NAAFI || 1 [LOC] British || 2 [TIME] 1921 || 3 [ORG] British Armed Forces || 4 [ORG] Royal Navy || 5 [ORG] Naval Canteen Service | NCS || 6 [ORG] Expeditionary Force Institutes | EFI || 7 [ORG] Territorial Army || 8 [PER] John Leake || 9 [MISC] HMS Ardent || 10 [MISC] Distinguished Service Medal | DSM || 11 [TIME] 1982 || 12 [MISC] Falklands War","The Navy , Army and Air Force Institutes ( NAAFI ) is an organisation created by the British government in 1921 to run recreational establishments needed by the British Armed Forces , and to sell goods to servicemen and their families . It runs clubs , bars , shops , supermarkets , launderettes , restaurants , cafés and other facilities on most British military bases and also canteens on board Royal Navy ships . Commissioned officers are not usually supposed to use the NAAFI clubs and bars , since their messes provide these facilities and their entry , except on official business , is considered to be an intrusion into junior ranks ' private lives . NAAFI personnel serving aboard ship are part of the Naval Canteen Service ( NCS ) , wear naval uniform and have action stations , but remain ordinary civilians . NAAFI personnel can also join the Expeditionary Force Institutes ( EFI ) , which provides NAAFI facilities in war zones . EFI personnel are members of the Territorial Army serving on special engagements , bear ranks and wear uniform . NCS personnel can similarly volunteer to join the Royal Navy when it goes on active service . Petty Officer John Leake , NCS canteen manager in HMS Ardent , was awarded the Distinguished Service Medal ( DSM ) in the 1982 Falklands War for his courage while manning a machine gun .",NONE,3,"tail ""british armed forces"" is the exact unique match to cluster 3 [ORG]. head ""commissioned officers"" from ""Commissioned officers are not usually supposed to use the NAAFI clubs and bars"" is a generic rank/class of people with no named referent; no gold cluster denotes it.",UNMATCHED_ONLY,Jiaxuan Li,2026-09-25
27,Qwen2.5-72B,109,Gloria Estefan albums discography,P1344,dr beat,unmatched,,europe,exact_unique,11: LOC :: Europe,unmatched_only,0 [LOC] Cuban || 1 [LOC] American | the United States | USA || 2 [PER] Gloria Estefan | Estefan || 3 [NUM] twenty || 4 [NUM] nine || 5 [NUM] seven || 6 [ORG] Miami Sound Machine || 7 [NUM] 100 million || 8 [PER] Selena Quintanilla || 9 [MISC] Latin || 10 [TIME] the mid-1970s || 11 [LOC] Europe || 12 [TIME] 1984 || 13 [MISC] Conga || 14 [MISC] Eyes of Innocence || 15 [MISC] Primitive Love || 16 [TIME] 1987 || 17 [MISC] Let It Loose || 18 [MISC] Anything For You in Europe || 19 [TIME] 1989 || 20 [MISC] Cuts Both Ways || 21 [MISC] Spanish || 22 [TIME] 1993 || 23 [MISC] Mi Tierra || 24 [MISC] Spanish - language || 25 [LOC] Spain || 26 [NUM] 1 million,"The album discography of the Cuban - American singer Gloria Estefan consists of twenty studio albums , nine compilations , and seven EPs ( combining Estefan 's releases with her band , the Miami Sound Machine , and her solo releases ) . With estimated sales of 100 million of albums worldwide , she and Selena Quintanilla are the most successful female Latin crossover artists ever . Although they had been recording since the mid-1970s , Estefan 's breakthrough came when Miami Sound Machine released the single "" Dr. Beat "" in Europe in 1984 . Though a major hit there , the band did n't make a commercial impact in the United States until the following year with the release of the single , "" Conga "" , which became a signature - song for Estefan . Both of the corresponding albums ( Eyes of Innocence and Primitive Love ) were credited to Miami Sound Machine . Their next album , 1987 's Let It Loose ( titled as Anything For You in Europe ) was credited to Gloria Estefan and Miami Sound Machine . All further albums after 1989 's Cuts Both Ways onwards were credited solely to Estefan herself , though Miami Sound Machine continues to be her backing band and perform with her live to the present day . Estefan has also recorded many albums in Spanish , and her 1993 album , Mi Tierra , is one of the most successful Spanish - language albums released in the USA . The album was also an international hit and became the first album in Spain to gain a Diamond certification ( for sales in excess of 1 million copies ) .",NONE,11,"tail ""europe"" is the exact unique match to cluster 11 [LOC]. head ""dr beat"" is the single ""Dr. Beat"" mentioned in ""released the single \""Dr. Beat\"" in Europe in 1984"", but that single is not annotated in this document (gold MISC clusters cover Conga, Eyes of Innocence, Primitive Love, Let It Loose, Anything For You in Europe, Cuts Both Ways, Mi Tierra only), so the head has no gold counterpart.",UNMATCHED_ONLY,Jiaxuan Li,2026-09-25
28,Qwen2.5-72B,109,Gloria Estefan albums discography,P527,diamond certification,unmatched,,1 million copies,containment_unique,26: NUM :: 1 million,unmatched_only,0 [LOC] Cuban || 1 [LOC] American | the United States | USA || 2 [PER] Gloria Estefan | Estefan || 3 [NUM] twenty || 4 [NUM] nine || 5 [NUM] seven || 6 [ORG] Miami Sound Machine || 7 [NUM] 100 million || 8 [PER] Selena Quintanilla || 9 [MISC] Latin || 10 [TIME] the mid-1970s || 11 [LOC] Europe || 12 [TIME] 1984 || 13 [MISC] Conga || 14 [MISC] Eyes of Innocence || 15 [MISC] Primitive Love || 16 [TIME] 1987 || 17 [MISC] Let It Loose || 18 [MISC] Anything For You in Europe || 19 [TIME] 1989 || 20 [MISC] Cuts Both Ways || 21 [MISC] Spanish || 22 [TIME] 1993 || 23 [MISC] Mi Tierra || 24 [MISC] Spanish - language || 25 [LOC] Spain || 26 [NUM] 1 million,"The album discography of the Cuban - American singer Gloria Estefan consists of twenty studio albums , nine compilations , and seven EPs ( combining Estefan 's releases with her band , the Miami Sound Machine , and her solo releases ) . With estimated sales of 100 million of albums worldwide , she and Selena Quintanilla are the most successful female Latin crossover artists ever . Although they had been recording since the mid-1970s , Estefan 's breakthrough came when Miami Sound Machine released the single "" Dr. Beat "" in Europe in 1984 . Though a major hit there , the band did n't make a commercial impact in the United States until the following year with the release of the single , "" Conga "" , which became a signature - song for Estefan . Both of the corresponding albums ( Eyes of Innocence and Primitive Love ) were credited to Miami Sound Machine . Their next album , 1987 's Let It Loose ( titled as Anything For You in Europe ) was credited to Gloria Estefan and Miami Sound Machine . All further albums after 1989 's Cuts Both Ways onwards were credited solely to Estefan herself , though Miami Sound Machine continues to be her backing band and perform with her live to the present day . Estefan has also recorded many albums in Spanish , and her 1993 album , Mi Tierra , is one of the most successful Spanish - language albums released in the USA . The album was also an international hit and became the first album in Spain to gain a Diamond certification ( for sales in excess of 1 million copies ) .",NONE,26,"tail ""1 million copies"" is contained in cluster 26 [NUM] ""1 million"". head ""diamond certification"" from ""gain a Diamond certification"" is a certification label that is not annotated anywhere in this document, so no gold cluster corresponds to it.",UNMATCHED_ONLY,Jiaxuan Li,2026-09-25
29,Qwen2.5-72B,128,Kurt Tucholsky,P1344,kurt tucholsky,exact_unique,0: PER :: Ignaz Wrobel | Kaspar Hauser | Kurt Tucholsky | Peter Panter | Theobald Tiger | Tucholsky,may 1933,unmatched,,unmatched_only,0 [PER] Kurt Tucholsky | Kaspar Hauser | Peter Panter | Theobald Tiger | Ignaz Wrobel | Tucholsky || 1 [TIME] 9 January 1890 || 2 [TIME] 21 December 1935 || 3 [LOC] German || 4 [LOC] Jewish || 5 [LOC] Berlin || 6 [LOC] Moabit || 7 [LOC] Paris || 8 [TIME] 1924 || 9 [LOC] Sweden || 10 [TIME] 1929 || 11 [LOC] Weimar Republic || 12 [MISC] Die Weltbühne || 13 [PER] Heinrich Heine || 14 [MISC] National Socialism || 15 [ORG] Nazis || 16 [TIME] January 1933 || 17 [TIME] May,"Kurt Tucholsky (; 9 January 1890 – 21 December 1935 ) was a German - Jewish journalist , satirist , and writer . He also wrote under the pseudonyms Kaspar Hauser ( after the historical figure ) , Peter Panter , Theobald Tiger and Ignaz Wrobel . Born in Berlin - Moabit , he moved to Paris in 1924 and then to Sweden in 1929 . Tucholsky was one of the most important journalists of the Weimar Republic . As a politically engaged journalist and temporary co - editor of the weekly magazine Die Weltbühne he proved himself to be a social critic in the tradition of Heinrich Heine . He was simultaneously a satirist , an author of satirical political revues , a songwriter and a poet . He saw himself as a left - wing democrat and pacifist and warned against anti - democratic tendencies – above all in politics , the military and justice – and the threat of National Socialism . His fears were confirmed when the Nazis came to power in January 1933 . In May of that year he was among the authors whose works were banned as "" un - German "" , and burned ; he was also among the first authors and intellectuals whose German citizenship was revoked .",0,17,"head ""kurt tucholsky"" is the exact unique match to cluster 0 [PER]. tail ""may 1933"" resolves to cluster 17 [TIME] May: the text says ""In May of that year"" (that year being 1933, established by cluster 16 [TIME] January 1933), so the model merely made the year explicit; no separate 1933 annotation exists for this event.",RESOLVED_TO_GOLD_ID,Jiaxuan Li,2026-09-25
30,Qwen2.5-72B,128,Kurt Tucholsky,P1344,nazis,exact_unique,15: ORG :: Nazis,may 1933,unmatched,,unmatched_only,0 [PER] Kurt Tucholsky | Kaspar Hauser | Peter Panter | Theobald Tiger | Ignaz Wrobel | Tucholsky || 1 [TIME] 9 January 1890 || 2 [TIME] 21 December 1935 || 3 [LOC] German || 4 [LOC] Jewish || 5 [LOC] Berlin || 6 [LOC] Moabit || 7 [LOC] Paris || 8 [TIME] 1924 || 9 [LOC] Sweden || 10 [TIME] 1929 || 11 [LOC] Weimar Republic || 12 [MISC] Die Weltbühne || 13 [PER] Heinrich Heine || 14 [MISC] National Socialism || 15 [ORG] Nazis || 16 [TIME] January 1933 || 17 [TIME] May,"Kurt Tucholsky (; 9 January 1890 – 21 December 1935 ) was a German - Jewish journalist , satirist , and writer . He also wrote under the pseudonyms Kaspar Hauser ( after the historical figure ) , Peter Panter , Theobald Tiger and Ignaz Wrobel . Born in Berlin - Moabit , he moved to Paris in 1924 and then to Sweden in 1929 . Tucholsky was one of the most important journalists of the Weimar Republic . As a politically engaged journalist and temporary co - editor of the weekly magazine Die Weltbühne he proved himself to be a social critic in the tradition of Heinrich Heine . He was simultaneously a satirist , an author of satirical political revues , a songwriter and a poet . He saw himself as a left - wing democrat and pacifist and warned against anti - democratic tendencies – above all in politics , the military and justice – and the threat of National Socialism . His fears were confirmed when the Nazis came to power in January 1933 . In May of that year he was among the authors whose works were banned as "" un - German "" , and burned ; he was also among the first authors and intellectuals whose German citizenship was revoked .",15,17,"head ""nazis"" is the exact unique match to cluster 15 [ORG]. tail ""may 1933"" resolves to cluster 17 [TIME] May, as in the parallel row: the text has ""In May of that year"" with 1933 supplied by cluster 16 [TIME] January 1933.",RESOLVED_TO_GOLD_ID,Jiaxuan Li,2026-09-25
31,Qwen2.5-72B,129,Urgut,P527,plane trees,unmatched,,1000 years,containment_unique,4: TIME :: 1000 years old,unmatched_only,"0 [LOC] Urgut || 1 [LOC] Samarqand Region || 2 [LOC] Uzbekistan || 3 [LOC] Urgut District || 4 [TIME] 1000 years old || 5 [LOC] Urguti in Tajik | Urgutlik || 6 [LOC] Uzbeks || 7 [NUM] 500,000 || 8 [LOC] Tajik || 9 [LOC] Uzbek || 10 [LOC] Urguti || 11 [LOC] Samarkand || 12 [LOC] Region","Urgut (; ) is a town in the Samarqand Region of Uzbekistan and the capital of Urgut District . It is known for the grove of plane trees , some of which are more than 1000 years old . Urgut is located in mountainous areas . Urgutlik ( also known as Urguti in Tajik ) people are a subgroup of ethnic Uzbeks who track their ancestry to people from a town of Urgut . There are almost 500,000 people who describe themselves as Urgutlik . Urgutlik people frequently use Tajik words in their daily conversation . Majority of the population speak Tajik and Uzbek . Urguti people are heavily involved in basic mercantile trading in their respective locations and in farming . In the town craftsmanship is also well - known which has been maintained traditionally throughout the centuries . Urgut 's biggest market with varied and relatively inexpensive merchandise attracts folks even from Samarkand , the capital of the Region .",NONE,4,"tail ""1000 years"" is contained in cluster 4 [TIME] ""1000 years old"". head ""plane trees"" from ""the grove of plane trees"" is a plant class with no named referent and is not annotated in this document, so no gold cluster corresponds to it.",UNMATCHED_ONLY,Jiaxuan Li,2026-09-25
32,Qwen2.5-72B,137,Ahmet Kaya,P495,ahmet kaya,exact_unique,0: PER :: Ahmet Kaya | Kaya,kurdish,exact_ambiguous_type,5: LOC :: Kurdish; 7: ORG :: Kurd of Turkey | Kurdish,type_conflict_only,0 [PER] Ahmet Kaya | Kaya || 1 [TIME] 28 October 1957 || 2 [TIME] 16 November 2000 || 3 [LOC] Malatya || 4 [LOC] Turkey || 5 [LOC] Kurdish || 6 [LOC] Turkish || 7 [ORG] Kurd of Turkey | Kurdish || 8 [NUM] 20 || 9 [TIME] the 20th century || 10 [LOC] France || 11 [MISC] Ya beni sararsa memleket hasreti || 12 [MISC] What if I am homesick || 13 [TIME] 1999 || 14 [ORG] Turkish Media || 15 [ORG] Kurdistan Worker's Party || 16 [PER] Abdullah Ocalan,"Ahmet Kaya ( 28 October 1957 – 16 November 2000 ) was a folk singer from Malatya , Turkey . He was of mixed Kurdish - Turkish origin and often identified himself as a "" Kurd of Turkey "" . Many of his albums broke sales records . Kaya , with over 20 albums , is by far one of the most influential and controversial artists of the 20th century in Turkey who was very vocal on social and political issues ; had to flee Turkey for France and died in exile . An elegy "" Ya beni sararsa memleket hasreti / What if I am homesick "" tells the story of his agony , suffering , longing for the people and homeland he was torn away from . Many believe this led to his sudden death at a very young age . Ahmet Kaya paid a huge price announcing his wish "" to sing in the Kurdish language "" when he was invited to stage to receive award at an award ceremony live on TV in 1999 . He was declared a villain by authorities ; targeted with fabricated news as a "" traitor "" by newspapers and TV stations nationwide . Turkish Media portrayed Kaya as "" Part of the Kurdistan Worker 's Party and "" with Abdullah Ocalan "" as a result of his declaration of him being Kurdish .",0,5;7,"The gold annotation splits the bare adjective ""Kurdish"" across cluster 5 [LOC] (national or linguistic usage) and cluster 7 [ORG] (""Kurd of Turkey"", with ""Kurdish"" recorded as an alias). The emitted phrase does not provide enough information to select one cluster uniquely, so tail remains 5;7. This is an annotation-level ambiguity.",AMBIGUITY_ONLY,Jiaxuan Li,2026-09-25
33,Qwen2.5-72B,154,Die Haut,P495,die haut,exact_unique,0: ORG :: Die Haut,german,exact_ambiguous_type,1: MISC :: German; 2: LOC :: German,type_conflict_only,0 [ORG] Die Haut || 1 [MISC] German || 2 [LOC] German || 3 [LOC] Berlin || 4 [TIME] 1980s || 5 [TIME] 1990s || 6 [PER] Nick Cave || 7 [MISC] Burnin ' the Ice || 8 [PER] Christoph Dreher || 9 [MISC] Spring || 10 [TIME] 1997 || 11 [MISC] Springer || 12 [TIME] 1998 || 13 [PER] Remo Park || 14 [PER] Jochen Arbeit || 15 [PER] Rudi Moser || 16 [ORG] Einstürzende Neubauten,"Die Haut ( German for the skin ) were an experimental German post - punk and post - rock band , who enjoyed some local success in Berlin during the 1980s and 1990s , with such records as the Nick Cave collaboration Burnin ' the Ice . The only constant member was Christoph Dreher . Formed as an instrumental rock quartet , many of their recordings and live performances featured an array of international guest vocalists . Their last full - length album was "" Spring "" ( 1997 ) followed by a remix album called "" Springer "" ( 1998 ) . At the same time the band went on hiatus , Remo Park and Christoph Dreher have continued to work as separate acts , and Jochen Arbeit with Rudi Moser joined the Berlin - based underground legend Einstürzende Neubauten .",0,2,"head ""die haut"" is the exact unique match to cluster 0 [ORG]. ""German"" is annotated twice: cluster 1 [MISC] is the language in the gloss ""German for the skin"", cluster 2 [LOC] is the nationality/origin in ""an experimental German post-punk and post-rock band"". With the band as head, the tail denotes the origin, so cluster 2. The choice is not made on type alone but on the two distinct textual occurrences.",RESOLVED_TO_GOLD_ID,Jiaxuan Li,2026-09-25
34,Qwen2.5-72B,168,Mount Shinn,P175,lieutenant commander conrad s gus shinn,containment_unique,14: PER :: Conrad S. (Gus) Shinn | Shinn,igy reconnaissance flights,unmatched,,unmatched_only,"0 [LOC] Mount Shinn || 1 [NUM] 4,661 meters || 2 [NUM] 6 km | 4 miles || 3 [LOC] Mount Tyree || 4 [LOC] Sentinel Range || 5 [LOC] Ellsworth Mountains || 6 [LOC] Antarctica || 7 [LOC] Ramorino Glacier || 8 [LOC] Crosswell Glacier || 9 [LOC] Goodge Col || 10 [LOC] Branscomb Glacier || 11 [ORG] IGY || 12 [TIME] January 1958 || 13 [ORG] Advisory Committee on Antarctic Names | US - ACAN || 14 [PER] Conrad S. (Gus) Shinn | Shinn || 15 [ORG] U.S. Navy | Navy || 16 [MISC] R4D || 17 [PER] Dufek || 18 [TIME] October 31, 1956 || 19 [LOC] South Pole || 20 [NUM] 4800 m || 21 [TIME] 2001 || 22 [PER] Damien Gildea || 23 [PER] Rodrigo Fica || 24 [ORG] Omega Foundation || 25 [MISC] Trimble 5700 GPS || 26 [LOC] Australian || 27 [MISC] AUSPOS","Mount Shinn is a mountain 4,661 meters in elevation , standing 6   km ( 4   miles ) southeast of Mount Tyree in the Sentinel Range , Ellsworth Mountains in Antarctica . It surmounts Ramorino Glacier to the north , upper Crosswell Glacier to the northeast , Goodge Col to the southeast , and Branscomb Glacier to the south - southwest . The peak was discovered on IGY reconnaissance flights in January 1958 , and named by the Advisory Committee on Antarctic Names ( US - ACAN ) for Lieutenant Commander Conrad S. ( Gus ) Shinn , U.S. Navy , a pilot on some of these flights . Shinn was pilot of the Navy R4D aircraft carrying Admiral Dufek which , on October 31 , 1956 , made the first plane landing at the geographic South Pole . It had been thought to be over 4800 m high , but was re - measured in 2001 by Damien Gildea and Rodrigo Fica of the Omega Foundation , using a Trimble 5700 GPS receiver and the Australian government 's AUSPOS processing system .",14,NONE,"head is contained in cluster 14 [PER] Conrad S. (Gus) Shinn. tail ""igy reconnaissance flights"" from ""discovered on IGY reconnaissance flights in January 1958"" denotes the flights/activity, a different entity from the annotated cluster 11 [ORG] IGY (the programme/organisation); the added words are not a generic category word for IGY. No gold cluster denotes the flights.",UNMATCHED_ONLY,Jiaxuan Li,2026-09-25
35,Qwen2.5-72B,178,Sarah Gibb,P527,12 volumes,unmatched,,6 named princesses,unmatched,,unmatched_only,0 [PER] Sarah Gibb | Gibb || 1 [LOC] English || 2 [LOC] London || 3 [ORG] St. Martin 's College || 4 [MISC] Sequential Illustration || 5 [ORG] Brighton College of Art || 6 [MISC] The Tiara Club || 7 [PER] Vivian French || 8 [MISC] Princess Alice and the Glass Slipper || 9 [MISC] Princess Charlotte and the Birthday Ball || 10 [ORG] Library of Congress || 11 [NUM] 12 || 12 [NUM] 6 || 13 [LOC] U.S. || 14 [TIME] 2007 || 15 [PER] Ursula Jones || 16 [LOC] British || 17 [PER] Diana Wynne Jones || 18 [MISC] The Princess Who Had No Kingdom || 19 [ORG] Orchard Books || 20 [TIME] 2010,"Sarah Gibb is an English illustrator whose drawings have appeared in national newspapers , magazines , and greetings cards , although she is predominantly an illustrator of children 's books . She studied at London 's St. Martin 's College before completing an MA in Sequential Illustration at Brighton College of Art . Gibb has illustrated at least a dozen books in The Tiara Club series by Vivian French , which carry titles such as Princess Alice and the Glass Slipper , Princess Charlotte and the Birthday Ball , and so on . ( The Library of Congress catalogues 12 volumes featuring 6 named princesses with U.S. editions released in 2007 . ) Recently she illustrates picture books by Ursula Jones — a retired British actress and the surviving sister of Diana Wynne Jones . The Princess Who Had No Kingdom was the first , published by Orchard Books in 2010 .",11,12,"The sentence ""The Library of Congress catalogues 12 volumes featuring 6 named princesses"" yields two NUM annotations: cluster 11 [NUM] 12 and cluster 12 [NUM] 6. head ""12 volumes"" and tail ""6 named princesses"" are those same quantities with the category words ""volumes"" / ""named princesses"" added by the model, so they resolve to 11 and 12 respectively.",RESOLVED_TO_GOLD_ID,Jiaxuan Li,2026-09-25
36,Qwen2.5-72B,179,List of songs recorded by Rage Against the Machine,P463,rage against the machine,exact_ambiguous_type,0: ORG :: Rage Against the Machine; 10: MISC :: Rage Against the Machine,zack de la rocha,exact_unique,5: PER :: Zack de la Rocha | de la Rocha,type_conflict_only,0 [ORG] Rage Against the Machine || 1 [LOC] American || 2 [LOC] Los Angeles || 3 [LOC] California || 4 [TIME] 1991 || 5 [PER] Zack de la Rocha | de la Rocha || 6 [PER] Tom Morello || 7 [PER] Tim Commerford || 8 [PER] Brad Wilk || 9 [ORG] Epic Records | Epic || 10 [MISC] Rage Against the Machine || 11 [TIME] 1992 || 12 [NUM] four || 13 [MISC] Year of tha Boomerang || 14 [MISC] Higher Learning soundtrack || 15 [TIME] 1995 || 16 [MISC] Evil Empire || 17 [TIME] 1996 || 18 [TIME] 1997 || 19 [PER] Bruce Springsteen || 20 [MISC] The Ghost of Tom Joad || 21 [MISC] No Shelter || 22 [MISC] Godzilla || 23 [TIME] 1999 || 24 [MISC] The Battle of Los Angeles || 25 [TIME] October 2000 || 26 [MISC] Renegades || 27 [TIME] December 2000,"Rage Against the Machine is an American rap metal band from Los Angeles , California . Formed in 1991 , the group consists of vocalist Zack de la Rocha , guitarist Tom Morello , bassist Tim Commerford and drummer Brad Wilk . After a self - issued demo , the band signed with Epic Records and released its self - titled debut album Rage Against the Machine in 1992 , the material for which was written by all four members of the group . After contributing the single "" Year of tha Boomerang "" to the Higher Learning soundtrack in 1995 , the band released its second studio album Evil Empire in 1996 , on which "" Year of tha Boomerang "" was featured as the closing track . In 1997 the band released a cover version of Bruce Springsteen 's "" The Ghost of Tom Joad "" , and the following year contributed "" No Shelter "" to the soundtrack to the film Godzilla , as well as releasing it as a single . In 1999 the band released its final album of original material , The Battle of Los Angeles , which again credited all four members equally for songwriting . The group disbanded in October 2000 , after de la Rocha departed to focus on producing his first solo album . After the group 's breakup , Epic released Renegades in December 2000 , which featured cover versions of songs originally recorded by several hip hop artists , rock bands and other artists .",0,5,"The gold annotation assigns the same surface form ""Rage Against the Machine"" to cluster 0 [ORG] (the band) and cluster 10 [MISC] (the self-titled album). The model entity inventory labels the bare name as ORG, and the source distinguishes the band from the eponymous album; therefore head = 0. Tail is the exact unique match to cluster 5 [PER] Zack de la Rocha.",RESOLVED_TO_GOLD_ID,Jiaxuan Li,2026-09-25
37,Qwen2.5-72B,179,List of songs recorded by Rage Against the Machine,P463,rage against the machine,exact_ambiguous_type,0: ORG :: Rage Against the Machine; 10: MISC :: Rage Against the Machine,tom morello,exact_unique,6: PER :: Tom Morello,type_conflict_only,0 [ORG] Rage Against the Machine || 1 [LOC] American || 2 [LOC] Los Angeles || 3 [LOC] California || 4 [TIME] 1991 || 5 [PER] Zack de la Rocha | de la Rocha || 6 [PER] Tom Morello || 7 [PER] Tim Commerford || 8 [PER] Brad Wilk || 9 [ORG] Epic Records | Epic || 10 [MISC] Rage Against the Machine || 11 [TIME] 1992 || 12 [NUM] four || 13 [MISC] Year of tha Boomerang || 14 [MISC] Higher Learning soundtrack || 15 [TIME] 1995 || 16 [MISC] Evil Empire || 17 [TIME] 1996 || 18 [TIME] 1997 || 19 [PER] Bruce Springsteen || 20 [MISC] The Ghost of Tom Joad || 21 [MISC] No Shelter || 22 [MISC] Godzilla || 23 [TIME] 1999 || 24 [MISC] The Battle of Los Angeles || 25 [TIME] October 2000 || 26 [MISC] Renegades || 27 [TIME] December 2000,"Rage Against the Machine is an American rap metal band from Los Angeles , California . Formed in 1991 , the group consists of vocalist Zack de la Rocha , guitarist Tom Morello , bassist Tim Commerford and drummer Brad Wilk . After a self - issued demo , the band signed with Epic Records and released its self - titled debut album Rage Against the Machine in 1992 , the material for which was written by all four members of the group . After contributing the single "" Year of tha Boomerang "" to the Higher Learning soundtrack in 1995 , the band released its second studio album Evil Empire in 1996 , on which "" Year of tha Boomerang "" was featured as the closing track . In 1997 the band released a cover version of Bruce Springsteen 's "" The Ghost of Tom Joad "" , and the following year contributed "" No Shelter "" to the soundtrack to the film Godzilla , as well as releasing it as a single . In 1999 the band released its final album of original material , The Battle of Los Angeles , which again credited all four members equally for songwriting . The group disbanded in October 2000 , after de la Rocha departed to focus on producing his first solo album . After the group 's breakup , Epic released Renegades in December 2000 , which featured cover versions of songs originally recorded by several hip hop artists , rock bands and other artists .",0,6,"The gold annotation assigns the same surface form ""Rage Against the Machine"" to cluster 0 [ORG] (the band) and cluster 10 [MISC] (the self-titled album). The model entity inventory labels the bare name as ORG, and the source distinguishes the band from the eponymous album; therefore head = 0. Tail is the exact unique match to cluster 6 [PER] Tom Morello.",RESOLVED_TO_GOLD_ID,Jiaxuan Li,2026-09-25
38,Qwen2.5-72B,190,Chachalaca,P131,chachalacas,exact_ambiguous_type,0: MISC :: Chachalacas; 12: LOC :: chachalacas,wooded habitats,unmatched,,both,0 [MISC] Chachalacas || 1 [MISC] Ortalis || 2 [LOC] United States || 3 [LOC] Texas || 4 [LOC] Mexico || 5 [LOC] Central || 6 [LOC] South America || 7 [NUM] six || 8 [NUM] twelve || 9 [NUM] two || 10 [MISC] Greek || 11 [NUM] four || 12 [LOC] chachalacas || 13 [TIME] Oligocene || 14 [NUM] 40–20 mya,"Chachalacas are galliform birds from the genus Ortalis . These birds are found in wooded habitats in far southern United States ( Texas ) , Mexico , and Central and South America . They are social , can be very noisy and often remain fairly common even near humans , as their relatively small size makes them less desirable to hunters than their larger relatives . As invasive pests , they have a ravenous appetite for tomatoes , melons , beans , and radishes and can ravage a small garden in short order . They travel in packs of six to twelve . They somewhat resemble the guans , and the two have commonly been placed in a subfamily together , though the chachalacas are probably closer to the curassows . The generic name is derived from the Greek word όρταλις , meaning "" pullet "" or "" domestic hen . "" The common name is an onomatopoeia for the four - noted cackle of the plain chachalaca ( O. vetula ) . Mitochondrial and nuclear DNA sequence data tentatively suggest that the chachalacas emerged as a distinct lineage during the Oligocene , somewhere around 40–20 mya , possibly being the first lineage of modern cracids to evolve ; this does agree with the known fossil record – including indeterminate , cracid - like birds – which very cautiously favors a north - to - south expansion of the family .",0,NONE,"head ""chachalacas"" resolves to cluster 0 [MISC]: the sentence subject is the birds (""These birds are found in wooded habitats...""), and no location named Chachalacas occurs in this text, so the competing cluster 12 [LOC] is not supported. tail ""wooded habitats"" is a generic habitat description with no named referent and no gold cluster, so the only remaining problem in this row is the unmatched tail.",UNMATCHED_ONLY,Jiaxuan Li,2026-09-25
39,Qwen2.5-72B,202,LEC billing,P17,united states,containment_unique,2: LOC :: the United States,client,unmatched,,unmatched_only,0 [MISC] LEC billing || 1 [ORG] LEC || 2 [LOC] the United States || 3 [MISC] Bell System || 4 [LOC] Canada || 5 [ORG] Bell Canada || 6 [ORG] Telus || 7 [MISC] Cramming,"LEC billing is a form of billing for Internet - based or other usually electronic services where the user is charged through his account with the local telephone company ( also known as the local exchange carrier or LEC ) , rather than directly from the provider of the service . LEC billing is permitted in the United States as the breakup of the Bell System forced local telcos out of the long distance business ; each client would otherwise receive multiple monthly bills ( one for local service , one for long distance ) . There is no LEC billing for alternate long distance carriers in Canada as Bell Canada and Telus remain in the long - distance business and do not collect on behalf of their competitors . The LEC billing system is subject to abuse by vendors . Cramming is a form of phone fraud in which a third - party vendor adds unauthorised charges to a subscriber 's local telephone bill .",2,NONE,"head ""united states"" is contained in cluster 2 [LOC] the United States. tail ""client"" comes from ""each client would otherwise receive multiple monthly bills"" and is a generic role word for a customer; no gold cluster denotes it (the gold entities are LEC, the United States, Bell System, Canada, Bell Canada, Telus, Cramming).",UNMATCHED_ONLY,Jiaxuan Li,2026-09-25
40,Qwen2.5-72B,202,LEC billing,P17,united states,containment_unique,2: LOC :: the United States,subscriber,unmatched,,unmatched_only,0 [MISC] LEC billing || 1 [ORG] LEC || 2 [LOC] the United States || 3 [MISC] Bell System || 4 [LOC] Canada || 5 [ORG] Bell Canada || 6 [ORG] Telus || 7 [MISC] Cramming,"LEC billing is a form of billing for Internet - based or other usually electronic services where the user is charged through his account with the local telephone company ( also known as the local exchange carrier or LEC ) , rather than directly from the provider of the service . LEC billing is permitted in the United States as the breakup of the Bell System forced local telcos out of the long distance business ; each client would otherwise receive multiple monthly bills ( one for local service , one for long distance ) . There is no LEC billing for alternate long distance carriers in Canada as Bell Canada and Telus remain in the long - distance business and do not collect on behalf of their competitors . The LEC billing system is subject to abuse by vendors . Cramming is a form of phone fraud in which a third - party vendor adds unauthorised charges to a subscriber 's local telephone bill .",2,NONE,"head ""united states"" is contained in cluster 2 [LOC]. tail ""subscriber"" from ""a subscriber 's local telephone bill"" is a generic role word, not a named entity; no gold cluster in this document corresponds to it.",UNMATCHED_ONLY,Jiaxuan Li,2026-09-25
41,Qwen2.5-72B,211,William Hepburn Armstrong,P1344,william hepburn armstrong,exact_unique,0: PER :: Armstrong | William H. Armstrong | William Hepburn Armstrong,commissioner of railroads,unmatched,,unmatched_only,"0 [PER] William Hepburn Armstrong | Armstrong | William H. Armstrong || 1 [TIME] September 7 , 1824 || 2 [TIME] May 14 , 1919 || 3 [ORG] Republican || 4 [ORG] U.S. House of Representatives || 5 [LOC] Pennsylvania || 6 [LOC] Williamsport || 7 [ORG] Princeton College || 8 [TIME] 1847 || 9 [ORG] Pennsylvania State House of Representatives || 10 [TIME] 1860 || 11 [TIME] 1861 || 12 [TIME] 1862 || 13 [ORG] Forty - first Congress || 14 [TIME] 1870 || 15 [LOC] Indian || 16 [PER] Ulysses S. Grant || 17 [TIME] 1882 || 18 [TIME] 1885 || 19 [LOC] Washington , D.C. || 20 [LOC] Philadelphia || 21 [TIME] 1898 || 22 [LOC] Wilmington || 23 [LOC] Delaware || 24 [TIME] 1919 || 25 [LOC] Wilmington and Brandywine Cemetery","William Hepburn Armstrong ( September 7 , 1824 – May 14 , 1919 ) was a Republican member of the U.S. House of Representatives from Pennsylvania . William H. Armstrong was born in Williamsport , Pennsylvania . He graduated from Princeton College in 1847 . He studied law , was admitted to the bar and commenced practice in Williamsport . He served in the Pennsylvania State House of Representatives in 1860 and 1861 . He declined a commission as president judge of the twenty - sixth judicial circuit of Pennsylvania in 1862 . Armstrong was elected as a Republican to the Forty - first Congress . He was an unsuccessful candidate for reelection in 1870 . He declined the office of commissioner of Indian affairs tendered by President Ulysses S. Grant . He served as commissioner of railroads from 1882 to 1885 . He resumed the practice of law in Washington , D.C. , and Philadelphia , until 1898 , when he retired from active business pursuits . He moved to Wilmington , Delaware , where he died in 1919 . Interment in Wilmington and Brandywine Cemetery .",0,NONE,"Duplicate of the Qwen2.5-14B row for this document. head ""william hepburn armstrong"" is the exact unique match to cluster 0 [PER]; tail ""commissioner of railroads"" (""He served as commissioner of railroads from 1882 to 1885"") is an office, not an entity, and has no gold cluster.",UNMATCHED_ONLY,Jiaxuan Li,2026-09-25
42,Qwen2.5-72B,230,Mavis Grind,P1344,otters,unmatched,,mavis grind,exact_unique,0: LOC :: Mavis Grind,unmatched_only,0 [LOC] Mavis Grind || 1 [LOC] Northmavine || 2 [LOC] Shetland Mainland || 3 [LOC] Shetland Islands | Shetland || 4 [LOC] UK || 5 [LOC] A970 || 6 [LOC] Hillswick || 7 [NUM] two miles || 8 [LOC] Brae || 9 [LOC] North Sea || 10 [LOC] Atlantic Ocean || 11 [TIME] 1999 || 12 [LOC] Viking || 13 [TIME] Bronze Age,"Mavis Grind ( or , meaning "" gate of the narrow isthmus "" ) is a narrow isthmus joining the Northmavine peninsula to the rest of the island of Shetland Mainland in the Shetland Islands , UK . It is just wide at its narrowest point . It carries the main A970 road to Hillswick in the north west of Shetland and is about two miles west of the settlement of Brae . Mavis Grind is said to be the only place in the UK where you can toss a stone across land from the North Sea to the Atlantic Ocean . It is a regular crossing point for otters , which in Shetland are sea - dwelling . In 1999 , local volunteers successfully helped to demonstrate whether Viking ships could be carried across the isthmus , instead of sailing around the end of the island . Remains of a late Bronze Age settlement have been found close by .",NONE,0,"Duplicate of the Qwen2.5-32B row for this document. tail ""mavis grind"" is the exact unique match to cluster 0 [LOC]; head ""otters"" from ""a regular crossing point for otters"" is a generic animal class with no gold cluster.",UNMATCHED_ONLY,Jiaxuan Li,2026-09-25
43,Qwen2.5-72B,236,"Brigden, Ontario",P569,william wharton brigden,exact_unique,12: PER :: Brigden | William Wharton Brigden,brigden,exact_ambiguous_type,0: LOC :: Brigden; 12: PER :: Brigden | William Wharton Brigden,type_conflict_only,"0 [LOC] Brigden || 1 [LOC] St. Clair || 2 [LOC] Lambton County || 3 [LOC] Ontario || 4 [LOC] Canada | Canadian || 5 [LOC] Courtright Line || 6 [LOC] Brigden Road || 7 [LOC] Kimball || 8 [LOC] Oil City || 9 [LOC] Sarnia || 10 [NUM] 500 || 11 [LOC] Michigan Central Railroad || 12 [PER] William Wharton Brigden | Brigden || 13 [TIME] 1936 || 14 [TIME] May 26, 1939 || 15 [LOC] Battle Creek || 16 [LOC] Michigan || 17 [MISC] Brigden Fair || 18 [MISC] Thanksgiving || 19 [MISC] Brigden Community Fest || 20 [PER] JR Shaw || 21 [ORG] Shaw Communications","Brigden is a community in the township of St. Clair , Lambton County , Ontario , Canada . The community is located at the crossroads of Courtright Line and Brigden Road , between Kimball to the west and Oil City to the east , and about southeast of the city of Sarnia . Brigden has a population of about 500 and is the centre of a thriving agricultural district . The community is situated on the former Michigan Central Railroad line and thus is named after William Wharton Brigden , one of the engineers who surveyed the railway in 1936 . Brigden died of a heart attack on May 26 , 1939 in Battle Creek , Michigan , where he was the superintendent of the city waterworks . Brigden was a Police village governed by a Village Chairman and a Board of Trustees . The annual Brigden Fair is the last fair of the season in Lambton County occurring on Canadian Thanksgiving long weekend . Other annual events include the Brigden Community Fest . It is also the birthplace of businessman JR Shaw , founder and executive chairman of Shaw Communications .",12,0,"Head ""William Wharton Brigden"" is the exact unique match to cluster 12 [PER]. The model entity inventory distinguishes the full person name from the bare tail ""Brigden"", which it labels as LOC, and the source explicitly mentions the community named after William Wharton Brigden. Therefore tail = cluster 0 [LOC]; the ""Brigden"" alias in cluster 12 is the person surname, not this tail mention.",RESOLVED_TO_GOLD_ID,Jiaxuan Li,2026-09-25
44,Qwen2.5-72B,259,Quokka,P463,setonix brachyurus,unmatched,,setonix,unmatched,,unmatched_only,0 [LOC] Western Australia || 1 [LOC] Rottnest Island || 2 [LOC] Perth || 3 [LOC] Bald Island || 4 [LOC] Albany || 5 [LOC] Peoples Bay Nature Reserve || 6 [LOC] Gilbert,"The quokka ( , Setonix brachyurus ) , the only member of the genus Setonix , is a small macropod about the size of a domestic cat . Like other marsupials in the macropod family ( such as kangaroos and wallabies ) , the quokka is herbivorous and mainly nocturnal . Quokkas are found on some smaller islands off the coast of Western Australia , particularly Rottnest Island , just off Perth , and also Bald Island near Albany , and in isolated scattered populations in forest and coastal heath between Perth and Albany . A small colony exists at the eastern limit of their range in a protected area of Two Peoples Bay Nature Reserve , where they co - exist with the critically endangered Gilbert 's potoroo .",NONE,NONE,"Neither argument has a gold counterpart: ""Setonix brachyurus"" (the species) and ""Setonix"" (the genus) are taxonomic names, and every gold cluster in this document is a location (Western Australia, Rottnest Island, Perth, Bald Island, Albany, Peoples Bay Nature Reserve, Gilbert). No organism entity is annotated.",UNMATCHED_ONLY,Jiaxuan Li,2026-09-25
45,Qwen2.5-72B,287,Washington v. Texas,P1344,washington v texas,containment_ambiguous_type,0: PER :: Jackie Washington | Washington; 15: MISC :: Washington,united states supreme court,exact_unique,5: ORG :: Court | Supreme Court | United States Supreme Court,type_conflict_only,0 [PER] Washington | Jackie Washington || 1 [LOC] Texas | Due Process Clause || 2 [NUM] 388 || 3 [LOC] U.S. || 4 [TIME] 1967 || 5 [ORG] United States Supreme Court | Court | Supreme Court || 6 [MISC] Compulsory Process Clause || 7 [MISC] Sixth Amendment to the Constitution || 8 [LOC] Texas || 9 [MISC] Fourteenth Amendment || 10 [PER] John Marshall Harlan II || 11 [PER] Taylor || 12 [ORG] Illinois || 13 [TIME] 1988 || 14 [MISC] Taylor || 15 [MISC] Washington,"Washington v. Texas , 388 U.S. 14 ( 1967 ) , is a United States Supreme Court case in which the Court decided that the Compulsory Process Clause of the Sixth Amendment to the Constitution ( guaranteeing the right of a criminal defendant to force the attendance of witnesses for their side ) is applicable in state courts as well as federal courts . Jackie Washington had attempted to call his co - defendant as a witness , but was blocked by Texas courts because state law prevented co - defendants from testifying for each other , under the theory that they would be likely to lie for each other on the stand . The Supreme Court reasoned that the Due Process Clause of the Fourteenth Amendment made the right to be able to compel defense witnesses to testify necessary for a defendant 's "" due process "" rights to fair proceedings , which applies to the states . Only Justice John Marshall Harlan II parted from the Court 's "" due process "" focus , though he agreed with the outcome , as he regularly did in cases involving whether to apply federal rights to state courts . The impact of Washington was narrowed by a later case , Taylor v. Illinois ( 1988 ) , in which the Court said that "" countervailing public interests "" , like the need to move through cases quickly , could be balanced against a defendant 's right to present witnesses . In Taylor , the Supreme Court upheld a judge 's order blocking defense witnesses from testifying due to the defense attorney 's deliberate failure to disclose evidence to prosecutors earlier in the trial . The defense attorney 's actions resulted in a lengthy delay in the proceedings which the trial judge felt was unjustified . Legal scholars have seen this new grant of discretion to trial judges as a change to relying on "" efficient justice "" , a more limited vision of trial rights than the "" right to present a defense "" created in Washington .",15,5,"Duplicate of the Qwen2.5-32B row for this document. head ""washington v texas"" denotes the case, i.e. cluster 15 [MISC] Washington used metonymically for the case (""The impact of Washington was narrowed by a later case""), not cluster 0 [PER] Jackie Washington; tail is the exact unique match to 5 [ORG].",RESOLVED_TO_GOLD_ID,Jiaxuan Li,2026-09-25
46,Qwen2.5-72B,287,Washington v. Texas,P1001,united states,containment_unique,5: ORG :: Court | Supreme Court | United States Supreme Court,washington v texas,containment_ambiguous_type,0: PER :: Jackie Washington | Washington; 15: MISC :: Washington,type_conflict_only,0 [PER] Washington | Jackie Washington || 1 [LOC] Texas | Due Process Clause || 2 [NUM] 388 || 3 [LOC] U.S. || 4 [TIME] 1967 || 5 [ORG] United States Supreme Court | Court | Supreme Court || 6 [MISC] Compulsory Process Clause || 7 [MISC] Sixth Amendment to the Constitution || 8 [LOC] Texas || 9 [MISC] Fourteenth Amendment || 10 [PER] John Marshall Harlan II || 11 [PER] Taylor || 12 [ORG] Illinois || 13 [TIME] 1988 || 14 [MISC] Taylor || 15 [MISC] Washington,"Washington v. Texas , 388 U.S. 14 ( 1967 ) , is a United States Supreme Court case in which the Court decided that the Compulsory Process Clause of the Sixth Amendment to the Constitution ( guaranteeing the right of a criminal defendant to force the attendance of witnesses for their side ) is applicable in state courts as well as federal courts . Jackie Washington had attempted to call his co - defendant as a witness , but was blocked by Texas courts because state law prevented co - defendants from testifying for each other , under the theory that they would be likely to lie for each other on the stand . The Supreme Court reasoned that the Due Process Clause of the Fourteenth Amendment made the right to be able to compel defense witnesses to testify necessary for a defendant 's "" due process "" rights to fair proceedings , which applies to the states . Only Justice John Marshall Harlan II parted from the Court 's "" due process "" focus , though he agreed with the outcome , as he regularly did in cases involving whether to apply federal rights to state courts . The impact of Washington was narrowed by a later case , Taylor v. Illinois ( 1988 ) , in which the Court said that "" countervailing public interests "" , like the need to move through cases quickly , could be balanced against a defendant 's right to present witnesses . In Taylor , the Supreme Court upheld a judge 's order blocking defense witnesses from testifying due to the defense attorney 's deliberate failure to disclose evidence to prosecutors earlier in the trial . The defense attorney 's actions resulted in a lengthy delay in the proceedings which the trial judge felt was unjustified . Legal scholars have seen this new grant of discretion to trial judges as a change to relying on "" efficient justice "" , a more limited vision of trial rights than the "" right to present a defense "" created in Washington .",3,15,"The automatic containment match of head ""United States"" to cluster 5 [ORG] ""United States Supreme Court"" is a substring artefact. The model labels the head as LOC, and the compatible benchmark alias is cluster 3 [LOC] ""U.S."" in the citation ""388 U.S. 14""; this alignment follows the benchmark surface/type annotation and should not be read as an unambiguous ordinary country mention in the source. Tail ""Washington v. Texas"" denotes the case, cluster 15 [MISC].",RESOLVED_TO_GOLD_ID,Jiaxuan Li,2026-09-25
47,DeepSeek-V3,6,Soccer Academy,P1344,the soccer academy,exact_unique,0: MISC :: Soccer Academy | The Soccer Academy,professional soccer players,unmatched,,unmatched_only,0 [MISC] Soccer Academy | The Soccer Academy || 1 [ORG] Capistrano Films || 2 [NUM] 23 || 3 [LOC] the United States || 4 [LOC] Africa || 5 [LOC] Middle East || 6 [MISC] IE || 7 [LOC] Los Angeles || 8 [LOC] California || 9 [LOC] Detroit || 10 [LOC] Michigan,"The Soccer Academy is a children ’s television show produced by Capistrano Films . The show is shown in over 23 countries around the world , including the United States , Africa , and the Middle East . Soccer Academy is a children ’s television show based upon the skills needed by children to participate in soccer . The demonstration of soccer skills during the program are performed by professional soccer players participating from the country in which the show is taking place in . Along with the soccer skills , there is also a mix or culture , religion , as well as interaction with the local people from whichever country the television show is featuring for that specific episode . "" The Soccer Academy "" qualifies as children - friendly programming from an instructional and educational perspective , and has been issued the IE certificate by the United States for the shows educational value to children . The parent company , Capistrano Films , has offices located in both Los Angeles , California and Detroit , Michigan .",0,NONE,"head ""the soccer academy"" is the exact unique match to cluster 0 [MISC]. tail ""professional soccer players"" from ""performed by professional soccer players participating from the country"" is a generic occupational class with no named referent; no gold cluster denotes it.",UNMATCHED_ONLY,Jiaxuan Li,2026-09-25
48,DeepSeek-V3,19,Railroad Revival Tour,P710,railroad revival tour,exact_unique,0: MISC :: Railroad Revival Tour,mumford sons,exact_ambiguous_type,10: MISC :: Mumford & Sons '; 12: ORG :: Mumford & Sons,type_conflict_only,"0 [MISC] Railroad Revival Tour || 1 [LOC] Americana || 2 [TIME] 2011 || 3 [LOC] American Southwest || 4 [TIME] the 1950s || 5 [TIME] 1960s || 6 [NUM] 10,000 || 7 [NUM] 30 || 8 [LOC] American || 9 [LOC] U.S. || 10 [MISC] Mumford & Sons ' || 11 [PER] Woody Guthrie || 12 [ORG] Mumford & Sons || 13 [PER] Edward Sharpe || 14 [MISC] the Magnetic Zeros || 15 [ORG] Old Crow Medicine Show || 16 [MISC] Big Easy Express || 17 [PER] Emmett Malloy || 18 [MISC] SXSW || 19 [TIME] 2012 || 20 [MISC] Grammy Award || 21 [TIME] 2013 || 22 [MISC] iTunes || 23 [MISC] DVD / Blu - ray Disc || 24 [MISC] This Train || 25 [PER] Willie Nelson || 26 [ORG] Band of Horses || 27 [PER] Jamey Johnson || 28 [PER] John Reilly || 29 [ORG] Friends","The Railroad Revival Tour was an annual music tour that featured popular roots , folk , country , rock , bluegrass and Americana acts that began in 2011 . The musicians travel between shows across the American Southwest in a dozen or so vintage train cars from the 1950s and 1960s . The outdoor concert locations , sometimes attracting over 10,000 fans , are often a stone 's throw from the train . The bands eat , sleep and engage in impromptu jam sessions on the train between stops , giving them a chance to collaborate . On stage at night , they often join in on each other 's sets , sometimes bringing around 30 musicians up to create a rare and rowdy performance . The organic American roots feeling of the tour also prompts participating musicians to honor U.S. railway history , like Mumford & Sons ' tribute to Woody Guthrie in 2011 . The inaugural tour in 2011 included performances by Mumford & Sons , Edward Sharpe and the Magnetic Zeros , and Old Crow Medicine Show . A documentary of this first year , called Big Easy Express , directed by Emmett Malloy premiered at SXSW 2012 and won a Grammy Award in 2013 . The film is currently available on iTunes and DVD / Blu - ray Disc . In 2011 , Railroad Revival Tour bands Mumford & Sons , Edward Sharpe and the Magnetic Zeros , and Old Crow Medicine Show together closed their shows at every stop with "" This Train . "" The 2012 tour was slated to include performances by Willie Nelson , Band of Horses , Jamey Johnson , and John Reilly and Friends . However , the tour was cancelled for 2012 .",0,12,"head ""railroad revival tour"" is the exact unique match to cluster 0 [MISC]. tail ""mumford sons"" denotes the band: cluster 12 [ORG] Mumford & Sons, whereas cluster 10 [MISC] only captures the possessive form ""Mumford & Sons '"" in the tribute phrase.",RESOLVED_TO_GOLD_ID,Jiaxuan Li,2026-09-25
49,DeepSeek-V3,19,Railroad Revival Tour,P175,mumford sons,exact_ambiguous_type,10: MISC :: Mumford & Sons '; 12: ORG :: Mumford & Sons,this train,exact_unique,24: MISC :: This Train,type_conflict_only,"0 [MISC] Railroad Revival Tour || 1 [LOC] Americana || 2 [TIME] 2011 || 3 [LOC] American Southwest || 4 [TIME] the 1950s || 5 [TIME] 1960s || 6 [NUM] 10,000 || 7 [NUM] 30 || 8 [LOC] American || 9 [LOC] U.S. || 10 [MISC] Mumford & Sons ' || 11 [PER] Woody Guthrie || 12 [ORG] Mumford & Sons || 13 [PER] Edward Sharpe || 14 [MISC] the Magnetic Zeros || 15 [ORG] Old Crow Medicine Show || 16 [MISC] Big Easy Express || 17 [PER] Emmett Malloy || 18 [MISC] SXSW || 19 [TIME] 2012 || 20 [MISC] Grammy Award || 21 [TIME] 2013 || 22 [MISC] iTunes || 23 [MISC] DVD / Blu - ray Disc || 24 [MISC] This Train || 25 [PER] Willie Nelson || 26 [ORG] Band of Horses || 27 [PER] Jamey Johnson || 28 [PER] John Reilly || 29 [ORG] Friends","The Railroad Revival Tour was an annual music tour that featured popular roots , folk , country , rock , bluegrass and Americana acts that began in 2011 . The musicians travel between shows across the American Southwest in a dozen or so vintage train cars from the 1950s and 1960s . The outdoor concert locations , sometimes attracting over 10,000 fans , are often a stone 's throw from the train . The bands eat , sleep and engage in impromptu jam sessions on the train between stops , giving them a chance to collaborate . On stage at night , they often join in on each other 's sets , sometimes bringing around 30 musicians up to create a rare and rowdy performance . The organic American roots feeling of the tour also prompts participating musicians to honor U.S. railway history , like Mumford & Sons ' tribute to Woody Guthrie in 2011 . The inaugural tour in 2011 included performances by Mumford & Sons , Edward Sharpe and the Magnetic Zeros , and Old Crow Medicine Show . A documentary of this first year , called Big Easy Express , directed by Emmett Malloy premiered at SXSW 2012 and won a Grammy Award in 2013 . The film is currently available on iTunes and DVD / Blu - ray Disc . In 2011 , Railroad Revival Tour bands Mumford & Sons , Edward Sharpe and the Magnetic Zeros , and Old Crow Medicine Show together closed their shows at every stop with "" This Train . "" The 2012 tour was slated to include performances by Willie Nelson , Band of Horses , Jamey Johnson , and John Reilly and Friends . However , the tour was cancelled for 2012 .",12,24,"head ""mumford sons"" = cluster 12 [ORG] the band (cluster 10 [MISC] is only the possessive form). tail ""this train"" is the exact unique match to cluster 24 [MISC] This Train, the song the bands closed their shows with.",RESOLVED_TO_GOLD_ID,Jiaxuan Li,2026-09-25
50,DeepSeek-V3,19,Railroad Revival Tour,P175,mumford sons,exact_ambiguous_type,10: MISC :: Mumford & Sons '; 12: ORG :: Mumford & Sons,woody guthrie,exact_unique,11: PER :: Woody Guthrie,type_conflict_only,"0 [MISC] Railroad Revival Tour || 1 [LOC] Americana || 2 [TIME] 2011 || 3 [LOC] American Southwest || 4 [TIME] the 1950s || 5 [TIME] 1960s || 6 [NUM] 10,000 || 7 [NUM] 30 || 8 [LOC] American || 9 [LOC] U.S. || 10 [MISC] Mumford & Sons ' || 11 [PER] Woody Guthrie || 12 [ORG] Mumford & Sons || 13 [PER] Edward Sharpe || 14 [MISC] the Magnetic Zeros || 15 [ORG] Old Crow Medicine Show || 16 [MISC] Big Easy Express || 17 [PER] Emmett Malloy || 18 [MISC] SXSW || 19 [TIME] 2012 || 20 [MISC] Grammy Award || 21 [TIME] 2013 || 22 [MISC] iTunes || 23 [MISC] DVD / Blu - ray Disc || 24 [MISC] This Train || 25 [PER] Willie Nelson || 26 [ORG] Band of Horses || 27 [PER] Jamey Johnson || 28 [PER] John Reilly || 29 [ORG] Friends","The Railroad Revival Tour was an annual music tour that featured popular roots , folk , country , rock , bluegrass and Americana acts that began in 2011 . The musicians travel between shows across the American Southwest in a dozen or so vintage train cars from the 1950s and 1960s . The outdoor concert locations , sometimes attracting over 10,000 fans , are often a stone 's throw from the train . The bands eat , sleep and engage in impromptu jam sessions on the train between stops , giving them a chance to collaborate . On stage at night , they often join in on each other 's sets , sometimes bringing around 30 musicians up to create a rare and rowdy performance . The organic American roots feeling of the tour also prompts participating musicians to honor U.S. railway history , like Mumford & Sons ' tribute to Woody Guthrie in 2011 . The inaugural tour in 2011 included performances by Mumford & Sons , Edward Sharpe and the Magnetic Zeros , and Old Crow Medicine Show . A documentary of this first year , called Big Easy Express , directed by Emmett Malloy premiered at SXSW 2012 and won a Grammy Award in 2013 . The film is currently available on iTunes and DVD / Blu - ray Disc . In 2011 , Railroad Revival Tour bands Mumford & Sons , Edward Sharpe and the Magnetic Zeros , and Old Crow Medicine Show together closed their shows at every stop with "" This Train . "" The 2012 tour was slated to include performances by Willie Nelson , Band of Horses , Jamey Johnson , and John Reilly and Friends . However , the tour was cancelled for 2012 .",12,11,"head ""mumford sons"" = cluster 12 [ORG] the band (not the possessive-only cluster 10 [MISC]). tail ""woody guthrie"" is the exact unique match to cluster 11 [PER], the subject of the band's 2011 tribute.",RESOLVED_TO_GOLD_ID,Jiaxuan Li,2026-09-25
51,DeepSeek-V3,32,Rogaland County Municipality,P527,county council,unmatched,,47 members,unmatched,,unmatched_only,0 [LOC] Rogaland County Municipality || 1 [LOC] Rogaland county || 2 [LOC] Norway || 3 [NUM] 29 || 4 [MISC] Rogfast || 5 [NUM] 47 || 6 [PER] Janne Johnsen || 7 [ORG] Conservative Party || 8 [PER] Terje Halleland || 9 [ORG] Progress Party || 10 [PER] Harald Thune || 11 [LOC] Rogaland || 12 [ORG] King and Government of Norway || 13 [LOC] Stavanger,"Rogaland County Municipality ( ) is the governing administration of Rogaland county , Norway . The responsibilities of the county municipality include the running of 29 upper secondary schools as well as managing the county roadways , public transport , dental care , cultural affairs , and cultural heritage . The county municipality also coordinates regional planning and economic development . The Rogfast is a major road project that is being financed by the county municipality . The county council has 47 members , and county mayor is Janne Johnsen ( Conservative Party ) and the deputy mayor is Terje Halleland ( Progress Party ) . The council and mayor are the legislative and executive bodies of the county . Harald Thune is the County Governor of Rogaland . The Governor is the representative of the King and Government of Norway in each county , functioning as the connection between the state and the municipalities . The administration is located in the city of Stavanger .",NONE,5,"tail ""47 members"" resolves to cluster 5 [NUM] 47 (""The county council has 47 members""), the model having added the category word ""members"". head ""county council"" is the governing body named in the same sentence but is not annotated in this document (gold entities are Rogaland County Municipality, Rogaland county, Norway, Rogfast, Janne Johnsen, Conservative Party, etc.), so it has no gold counterpart.",UNMATCHED_ONLY,Jiaxuan Li,2026-09-25
52,DeepSeek-V3,35,Won-yong,P1001,hanja,unmatched,,south korean government,containment_unique,4: LOC :: South Korean,unmatched_only,0 [PER] Won-yong || 1 [LOC] South Korea | Korean || 2 [NUM] 35 || 3 [NUM] 24 || 4 [LOC] South Korean || 5 [PER] Kang Won-yong || 6 [TIME] 1917 || 7 [TIME] 2006 || 8 [ORG] Presbyterian || 9 [PER] Kim Won-yong || 10 [TIME] 1922 || 11 [TIME] 1993 || 12 [PER] Wonyong Sung || 13 [TIME] 1950s || 14 [PER] Jung Won-yong || 15 [TIME] 1992,"Won - yong is a Korean masculine given name . Its meaning differs based on the hanja used to write each syllable of the name . There are 35 hanja with the reading "" won "" and 24 hanja with the reading "" yong "" on the South Korean government 's official list of hanja which may be registered for use in given names . Additionally , there is one character with the reading "" ryong "" ( , meaning "" dragon "" ) which may also be written and pronounced "" yong "" in South Korea . People with this name include : Kang Won - yong ( 1917 – 2006 ) , South Korean Presbyterian leader Kim Won - yong ( 1922 – 1993 ) , South Korean archaeologist Wonyong Sung ( born 1950s ) , South Korean professor of electronic engineering Jung Won - yong ( born 1992 ) , South Korean swimmer",NONE,4,"tail ""south korean government"" is contained in cluster 4 [LOC] South Korean (""the South Korean government 's official list of hanja""). head ""hanja"" (the Chinese characters used in Korean names) occurs throughout the text but is never annotated, so no gold cluster corresponds to it.",UNMATCHED_ONLY,Jiaxuan Li,2026-09-25
53,DeepSeek-V3,48,Zakhary Lyapunov,P495,polish invaders,containment_unique,14: LOC :: Polish,poland,unmatched,,unmatched_only,0 [PER] Zakhary Petrovich Lyapunov | Prokopy Lyapunov | Zakhary Lyapunov | Zachary Lyapunov || 1 [TIME] 1612 || 2 [LOC] Russian || 3 [TIME] 17th century || 4 [TIME] 1605 || 5 [PER] False Dmitri || 6 [TIME] 1606 || 7 [MISC] Bolotnikov Uprising || 8 [TIME] 1607 || 9 [PER] Vasily Shuisky || 10 [LOC] Ryazan || 11 [PER] False Dmitri II || 12 [TIME] July 1610 | September 1610 || 13 [LOC] Smolensk || 14 [LOC] Polish || 15 [PER] Sigismund III Vasa || 16 [PER] Wladislaus || 17 [LOC] Moscow || 18 [PER] Kuzma Minin || 19 [PER] Dmitry Pozharsky,"Zakhary Petrovich Lyapunov ( ) ( ? - after 1612 ) was a Russian political figure of the early 17th century , brother of Prokopy Lyapunov . In 1605 , Zakhary Lyapunov took the side of False Dmitri I. Upon the latter 's death in 1606 , he took part in the Bolotnikov Uprising in 1606 – 1607 . In 1607 , he joined the ranks of Vasily Shuisky and became a commander of a unit of the Ryazan dvoryane during the struggle against the rebellious peasants and supporters of False Dmitri II . In July 1610 , Zachary Lyapunov took an active part in deposing Vasily Shuisky . In September 1610 , he was included in a diplomatic mission , sent to the outskirts of Smolensk to sign a treaty with the Polish king Sigismund III Vasa regarding the accession of his son Wladislaus to the Russian throne . Then he returned to Moscow and remained in the city until its liberation from the Polish invaders by the army of Kuzma Minin and Dmitry Pozharsky .",14,NONE,"head ""polish invaders"" is contained in cluster 14 [LOC] Polish, which is annotated exactly at ""liberation from the Polish invaders"". tail ""poland"" never occurs in the text (only ""Polish king"", ""Polish invaders"") and no gold cluster in this document denotes the country Poland.",UNMATCHED_ONLY,Jiaxuan Li,2026-09-25
54,DeepSeek-V3,58,Beibu Gulf Economic Rim,P1344,beibu gulf economic rim,exact_unique,0: LOC :: Beibu Economic Belt | Beibu Gulf | Beibu Gulf Economic Rim | Gulf of Tonkin Economic Belt | Vành đai kinh tế vịnh Bắc Bộ,china asean cooperation,containment_ambiguous_type,2: LOC :: China | Chinese; 8: ORG :: ASEAN,type_conflict_only,0 [LOC] Beibu Gulf Economic Rim | Beibu Economic Belt | Gulf of Tonkin Economic Belt | Vành đai kinh tế vịnh Bắc Bộ | Beibu Gulf || 1 [MISC] Vietnamese || 2 [LOC] Chinese | China || 3 [LOC] southwestern || 4 [LOC] Gulf of Tonkin || 5 [MISC] Go West || 6 [LOC] Beibu Gulf Rim || 7 [LOC] Guangxi || 8 [ORG] ASEAN || 9 [LOC] Vietnam || 10 [LOC] Guangdong || 11 [LOC] Hainan,"The Beibu Gulf Economic Rim or Beibu Economic Belt ( ) also known as Gulf of Tonkin Economic Belt in ( Vietnamese : Vành đai kinh tế vịnh Bắc Bộ ) defines the economic region or rim surrounding around China 's southwestern coastal region and cities around the Gulf of Tonkin . The region is part of Chinese government 's "" Go West "" strategy , to boost its less developed western regions . The implementation of the campaign , has resulted in many construction projects in cities on the Beibu Gulf Rim , especially in Guangxi . The Beibu Gulf economic rim has emerged as a new highlight of China - ASEAN cooperation , especially between Vietnam , who is also cooperating in this economic zone . It covers Guangdong , Hainan and Guangxi , and northern and central Vietnam .",0,NONE,"Head ""Beibu Gulf Economic Rim"" is the exact unique match to cluster 0 [LOC]. Tail ""China-ASEAN cooperation"" denotes the cooperation relationship between China and ASEAN; neither participant cluster is co-referential with the full emitted phrase, and no gold cluster represents that cooperation entity. Therefore tail = NONE.",UNMATCHED_ONLY,Jiaxuan Li,2026-09-25
55,DeepSeek-V3,119,Energy and Environmental Security Initiative,P1001,energy and environmental security initiative,exact_unique,1: ORG :: Energy and Environmental Security Initiative,u s energy policies,unmatched,,unmatched_only,0 [TIME] 2003 || 1 [ORG] Energy and Environmental Security Initiative || 2 [ORG] EESI || 3 [ORG] University of Colorado Law School || 4 [LOC] U.S. | State,"Established in 2003 , the Energy and Environmental Security Initiative ( EESI ) is an interdisciplinary Research & Policy Institute located at the University of Colorado Law School . The fundamental mission of EESI is to serve as an interdisciplinary research and policy center concerning the development and crafting of State policies , U.S. energy policies , and global responses to the world 's energy crisis ; and to facilitate the attainment of a global sustainable energy future through the innovative use of laws , policies and technology solutions . In pursuit of this mission , EESI 's primary operational function is that of an enabling environment for teaching , research and policy analysis vis - à - vis the impact of laws and policies on the scientific , technological , sociopolitical , commercial , and environmental dimensions of sustainable energy .",1,NONE,"head is the exact unique match to cluster 1 [ORG]. tail ""u s energy policies"" comes from ""State policies , U.S. energy policies , and global responses""; the gold annotation there is cluster 4 [LOC] ""U.S."", i.e. the country, whereas the emitted name denotes the set of policies, not the country itself, so no gold cluster corresponds to it.",UNMATCHED_ONLY,Jiaxuan Li,2026-09-25
56,DeepSeek-V3,154,Die Haut,P495,die haut,exact_unique,0: ORG :: Die Haut,german,exact_ambiguous_type,1: MISC :: German; 2: LOC :: German,type_conflict_only,0 [ORG] Die Haut || 1 [MISC] German || 2 [LOC] German || 3 [LOC] Berlin || 4 [TIME] 1980s || 5 [TIME] 1990s || 6 [PER] Nick Cave || 7 [MISC] Burnin ' the Ice || 8 [PER] Christoph Dreher || 9 [MISC] Spring || 10 [TIME] 1997 || 11 [MISC] Springer || 12 [TIME] 1998 || 13 [PER] Remo Park || 14 [PER] Jochen Arbeit || 15 [PER] Rudi Moser || 16 [ORG] Einstürzende Neubauten,"Die Haut ( German for the skin ) were an experimental German post - punk and post - rock band , who enjoyed some local success in Berlin during the 1980s and 1990s , with such records as the Nick Cave collaboration Burnin ' the Ice . The only constant member was Christoph Dreher . Formed as an instrumental rock quartet , many of their recordings and live performances featured an array of international guest vocalists . Their last full - length album was "" Spring "" ( 1997 ) followed by a remix album called "" Springer "" ( 1998 ) . At the same time the band went on hiatus , Remo Park and Christoph Dreher have continued to work as separate acts , and Jochen Arbeit with Rudi Moser joined the Berlin - based underground legend Einstürzende Neubauten .",0,2,"Duplicate of the Qwen2.5-72B row for this document. head ""die haut"" = cluster 0 [ORG]; ""German"" is split into cluster 1 [MISC] (the language, ""German for the skin"") and cluster 2 [LOC] (the nationality in ""an experimental German post-punk and post-rock band""), and with the band as head the tail denotes the origin, so 2.",RESOLVED_TO_GOLD_ID,Jiaxuan Li,2026-09-25
57,DeepSeek-V3,178,Sarah Gibb,P150,library of congress,exact_unique,10: ORG :: Library of Congress,12 volumes,unmatched,,unmatched_only,0 [PER] Sarah Gibb | Gibb || 1 [LOC] English || 2 [LOC] London || 3 [ORG] St. Martin 's College || 4 [MISC] Sequential Illustration || 5 [ORG] Brighton College of Art || 6 [MISC] The Tiara Club || 7 [PER] Vivian French || 8 [MISC] Princess Alice and the Glass Slipper || 9 [MISC] Princess Charlotte and the Birthday Ball || 10 [ORG] Library of Congress || 11 [NUM] 12 || 12 [NUM] 6 || 13 [LOC] U.S. || 14 [TIME] 2007 || 15 [PER] Ursula Jones || 16 [LOC] British || 17 [PER] Diana Wynne Jones || 18 [MISC] The Princess Who Had No Kingdom || 19 [ORG] Orchard Books || 20 [TIME] 2010,"Sarah Gibb is an English illustrator whose drawings have appeared in national newspapers , magazines , and greetings cards , although she is predominantly an illustrator of children 's books . She studied at London 's St. Martin 's College before completing an MA in Sequential Illustration at Brighton College of Art . Gibb has illustrated at least a dozen books in The Tiara Club series by Vivian French , which carry titles such as Princess Alice and the Glass Slipper , Princess Charlotte and the Birthday Ball , and so on . ( The Library of Congress catalogues 12 volumes featuring 6 named princesses with U.S. editions released in 2007 . ) Recently she illustrates picture books by Ursula Jones — a retired British actress and the surviving sister of Diana Wynne Jones . The Princess Who Had No Kingdom was the first , published by Orchard Books in 2010 .",10,11,"head ""library of congress"" is the exact unique match to cluster 10 [ORG]. tail ""12 volumes"" resolves to cluster 11 [NUM] 12 from ""catalogues 12 volumes featuring 6 named princesses"", the model having added the category word ""volumes"".",RESOLVED_TO_GOLD_ID,Jiaxuan Li,2026-09-25
58,DeepSeek-V3,178,Sarah Gibb,P527,12 volumes,unmatched,,6 named princesses,unmatched,,unmatched_only,0 [PER] Sarah Gibb | Gibb || 1 [LOC] English || 2 [LOC] London || 3 [ORG] St. Martin 's College || 4 [MISC] Sequential Illustration || 5 [ORG] Brighton College of Art || 6 [MISC] The Tiara Club || 7 [PER] Vivian French || 8 [MISC] Princess Alice and the Glass Slipper || 9 [MISC] Princess Charlotte and the Birthday Ball || 10 [ORG] Library of Congress || 11 [NUM] 12 || 12 [NUM] 6 || 13 [LOC] U.S. || 14 [TIME] 2007 || 15 [PER] Ursula Jones || 16 [LOC] British || 17 [PER] Diana Wynne Jones || 18 [MISC] The Princess Who Had No Kingdom || 19 [ORG] Orchard Books || 20 [TIME] 2010,"Sarah Gibb is an English illustrator whose drawings have appeared in national newspapers , magazines , and greetings cards , although she is predominantly an illustrator of children 's books . She studied at London 's St. Martin 's College before completing an MA in Sequential Illustration at Brighton College of Art . Gibb has illustrated at least a dozen books in The Tiara Club series by Vivian French , which carry titles such as Princess Alice and the Glass Slipper , Princess Charlotte and the Birthday Ball , and so on . ( The Library of Congress catalogues 12 volumes featuring 6 named princesses with U.S. editions released in 2007 . ) Recently she illustrates picture books by Ursula Jones — a retired British actress and the surviving sister of Diana Wynne Jones . The Princess Who Had No Kingdom was the first , published by Orchard Books in 2010 .",11,12,"Duplicate of the Qwen2.5-72B row for this document: ""12 volumes"" = cluster 11 [NUM] 12 and ""6 named princesses"" = cluster 12 [NUM] 6, both with category words added by the model.",RESOLVED_TO_GOLD_ID,Jiaxuan Li,2026-09-25
59,DeepSeek-V3,230,Mavis Grind,P1344,otters,unmatched,,mavis grind,exact_unique,0: LOC :: Mavis Grind,unmatched_only,0 [LOC] Mavis Grind || 1 [LOC] Northmavine || 2 [LOC] Shetland Mainland || 3 [LOC] Shetland Islands | Shetland || 4 [LOC] UK || 5 [LOC] A970 || 6 [LOC] Hillswick || 7 [NUM] two miles || 8 [LOC] Brae || 9 [LOC] North Sea || 10 [LOC] Atlantic Ocean || 11 [TIME] 1999 || 12 [LOC] Viking || 13 [TIME] Bronze Age,"Mavis Grind ( or , meaning "" gate of the narrow isthmus "" ) is a narrow isthmus joining the Northmavine peninsula to the rest of the island of Shetland Mainland in the Shetland Islands , UK . It is just wide at its narrowest point . It carries the main A970 road to Hillswick in the north west of Shetland and is about two miles west of the settlement of Brae . Mavis Grind is said to be the only place in the UK where you can toss a stone across land from the North Sea to the Atlantic Ocean . It is a regular crossing point for otters , which in Shetland are sea - dwelling . In 1999 , local volunteers successfully helped to demonstrate whether Viking ships could be carried across the isthmus , instead of sailing around the end of the island . Remains of a late Bronze Age settlement have been found close by .",NONE,0,"Third occurrence of this document in the sample. tail ""mavis grind"" is the exact unique match to cluster 0 [LOC]; head ""otters"" from ""a regular crossing point for otters"" is a generic animal class with no gold cluster.",UNMATCHED_ONLY,Jiaxuan Li,2026-09-25
60,DeepSeek-V3,236,"Brigden, Ontario",P527,brigden,exact_ambiguous_type,0: LOC :: Brigden; 12: PER :: Brigden | William Wharton Brigden,500,exact_unique,10: NUM :: 500,type_conflict_only,"0 [LOC] Brigden || 1 [LOC] St. Clair || 2 [LOC] Lambton County || 3 [LOC] Ontario || 4 [LOC] Canada | Canadian || 5 [LOC] Courtright Line || 6 [LOC] Brigden Road || 7 [LOC] Kimball || 8 [LOC] Oil City || 9 [LOC] Sarnia || 10 [NUM] 500 || 11 [LOC] Michigan Central Railroad || 12 [PER] William Wharton Brigden | Brigden || 13 [TIME] 1936 || 14 [TIME] May 26, 1939 || 15 [LOC] Battle Creek || 16 [LOC] Michigan || 17 [MISC] Brigden Fair || 18 [MISC] Thanksgiving || 19 [MISC] Brigden Community Fest || 20 [PER] JR Shaw || 21 [ORG] Shaw Communications","Brigden is a community in the township of St. Clair , Lambton County , Ontario , Canada . The community is located at the crossroads of Courtright Line and Brigden Road , between Kimball to the west and Oil City to the east , and about southeast of the city of Sarnia . Brigden has a population of about 500 and is the centre of a thriving agricultural district . The community is situated on the former Michigan Central Railroad line and thus is named after William Wharton Brigden , one of the engineers who surveyed the railway in 1936 . Brigden died of a heart attack on May 26 , 1939 in Battle Creek , Michigan , where he was the superintendent of the city waterworks . Brigden was a Police village governed by a Village Chairman and a Board of Trustees . The annual Brigden Fair is the last fair of the season in Lambton County occurring on Canadian Thanksgiving long weekend . Other annual events include the Brigden Community Fest . It is also the birthplace of businessman JR Shaw , founder and executive chairman of Shaw Communications .",0,10,"head ""brigden"" matches both cluster 0 [LOC] (the community) and cluster 12 [PER] (William Wharton Brigden); the sentence ""Brigden has a population of about 500"" takes the community as its subject, so head = 0. tail ""500"" is the exact unique match to cluster 10 [NUM].",RESOLVED_TO_GOLD_ID,Jiaxuan Li,2026-09-25
61,DeepSeek-V3,236,"Brigden, Ontario",P1001,brigden,exact_ambiguous_type,0: LOC :: Brigden; 12: PER :: Brigden | William Wharton Brigden,police village,unmatched,,both,"0 [LOC] Brigden || 1 [LOC] St. Clair || 2 [LOC] Lambton County || 3 [LOC] Ontario || 4 [LOC] Canada | Canadian || 5 [LOC] Courtright Line || 6 [LOC] Brigden Road || 7 [LOC] Kimball || 8 [LOC] Oil City || 9 [LOC] Sarnia || 10 [NUM] 500 || 11 [LOC] Michigan Central Railroad || 12 [PER] William Wharton Brigden | Brigden || 13 [TIME] 1936 || 14 [TIME] May 26, 1939 || 15 [LOC] Battle Creek || 16 [LOC] Michigan || 17 [MISC] Brigden Fair || 18 [MISC] Thanksgiving || 19 [MISC] Brigden Community Fest || 20 [PER] JR Shaw || 21 [ORG] Shaw Communications","Brigden is a community in the township of St. Clair , Lambton County , Ontario , Canada . The community is located at the crossroads of Courtright Line and Brigden Road , between Kimball to the west and Oil City to the east , and about southeast of the city of Sarnia . Brigden has a population of about 500 and is the centre of a thriving agricultural district . The community is situated on the former Michigan Central Railroad line and thus is named after William Wharton Brigden , one of the engineers who surveyed the railway in 1936 . Brigden died of a heart attack on May 26 , 1939 in Battle Creek , Michigan , where he was the superintendent of the city waterworks . Brigden was a Police village governed by a Village Chairman and a Board of Trustees . The annual Brigden Fair is the last fair of the season in Lambton County occurring on Canadian Thanksgiving long weekend . Other annual events include the Brigden Community Fest . It is also the birthplace of businessman JR Shaw , founder and executive chairman of Shaw Communications .",0,NONE,"head ""brigden"" again resolves to cluster 0 [LOC]: the subject of ""Brigden was a Police village governed by a Village Chairman"" is the community, not the engineer of cluster 12 [PER]. tail ""police village"" is an administrative status label, not an entity, and no gold cluster denotes it; the ambiguity is therefore resolved and only the unmatched tail remains.",UNMATCHED_ONLY,Jiaxuan Li,2026-09-25
62,DeepSeek-V3,249,Irish experiment,P463,the irish experiment,containment_unique,0: MISC :: Irish Experiment,vfl afl clubs,unmatched,,unmatched_only,0 [MISC] Irish Experiment || 1 [ORG] VFL || 2 [ORG] AFL || 3 [LOC] Irish || 4 [MISC] Gaelic || 5 [LOC] Australia || 6 [LOC] Australian || 7 [TIME] the mid-1980s || 8 [ORG] Melbourne Football Club || 9 [TIME] the 2000s || 10 [MISC] Medal of the Order of Australia || 11 [MISC] Brownlow Medal || 12 [PER] Jim Stynes || 13 [LOC] Irishman || 14 [PER] Tadhg Kennelly || 15 [ORG] Sydney Swans || 16 [MISC] 2005 AFL Grand Final || 17 [PER] Tommy Walsh || 18 [LOC] Ireland,"The Irish Experiment is the popular name for the interest , primarily from VFL / AFL clubs , in bringing Irish Gaelic footballers over to Australia to play Australian rules football professionally . The AFL 's focus on Gaelic footballers is due to the similarities between the sports . The Irish Experiment began in the mid-1980s as an informal project of the Melbourne Football Club . Despite its initial success , enthusiasm for the project lapsed until the 2000s , when it again became ongoing and currently increasing due to globalisation and professionalism in sport . The highest profile product of the experiment to date has been Medal of the Order of Australia and Brownlow Medal recipient Jim Stynes , who was an early recruit . Irishman Tadhg Kennelly was a key player in the Sydney Swans 2005 AFL Grand Final victory . The highest profile Gaelic footballer to sign an AFL contract is Tommy Walsh . Over the years the Irish experiment has attracted media and public interest in both Ireland and Australia .",0,NONE,"Head ""the Irish Experiment"" is contained in cluster 0 [MISC]. Tail ""VFL/AFL clubs"" refers to the set of clubs associated with the two leagues; clusters 1 [ORG] VFL and 2 [ORG] AFL denote the leagues themselves, not that club set. No gold cluster represents the emitted tail, so tail = NONE.",UNMATCHED_ONLY,Jiaxuan Li,2026-09-25
63,DeepSeek-V3,259,Quokka,P463,quokka,unmatched,,macropod family,unmatched,,unmatched_only,0 [LOC] Western Australia || 1 [LOC] Rottnest Island || 2 [LOC] Perth || 3 [LOC] Bald Island || 4 [LOC] Albany || 5 [LOC] Peoples Bay Nature Reserve || 6 [LOC] Gilbert,"The quokka ( , Setonix brachyurus ) , the only member of the genus Setonix , is a small macropod about the size of a domestic cat . Like other marsupials in the macropod family ( such as kangaroos and wallabies ) , the quokka is herbivorous and mainly nocturnal . Quokkas are found on some smaller islands off the coast of Western Australia , particularly Rottnest Island , just off Perth , and also Bald Island near Albany , and in isolated scattered populations in forest and coastal heath between Perth and Albany . A small colony exists at the eastern limit of their range in a protected area of Two Peoples Bay Nature Reserve , where they co - exist with the critically endangered Gilbert 's potoroo .",NONE,NONE,"Neither argument has a gold counterpart: ""quokka"" (the species) and ""macropod family"" (the taxonomic family) are biological names, while every gold cluster in this document is a location (Western Australia, Rottnest Island, Perth, Bald Island, Albany, Peoples Bay Nature Reserve, Gilbert). No organism entity is annotated.",UNMATCHED_ONLY,Jiaxuan Li,2026-09-25
64,DeepSeek-V3,265,Truth in Music Advertising,P1001,the truth in music advertising act,containment_unique,0: MISC :: Truth in Music | Truth in Music Advertising | Truth in Music Performance Advertising,50 states,unmatched,,unmatched_only,"0 [MISC] Truth in Music Performance Advertising | Truth in Music Advertising | Truth in Music || 1 [LOC] U.S. || 2 [ORG] Sha Na Na || 3 [PER] Jon ""Bowzer"" Bauman || 4 [PER] Mary Wilson || 5 [ORG] Supremes || 6 [ORG] U.S. Congress || 7 [NUM] 34 || 8 [NUM] 50 || 9 [ORG] U.S. Court of Appeals for the Third Circuit","The Truth in Music Advertising act or bill , also known as Truth in Music Performance Advertising or simply Truth in Music , is legislation , adopted into state law by most U.S. states , that aims to protect the trademark of musical recording artists . The legislation provides that the name of a famous musical group can not be used by a group of performers unless they include at least one member of the original group . The intent of the legislation is to prevent unfair or deceptive trade practices , and to protect the livelihood of musicians who were in famous musical groups . The legislation , co - authored by former Sha Na Na member Jon "" Bowzer "" Bauman and promoted by him and Mary Wilson of the Supremes , was not passed by the U.S. Congress , but has been enacted in 34 of the 50 states . The legislation has been tested in the U.S. Court of Appeals for the Third Circuit .",0,8,"head ""the truth in music advertising act"" is contained in the alias set of cluster 0 [MISC] (Truth in Music / Truth in Music Advertising / Truth in Music Performance Advertising), the model having added the generic word ""act"". tail ""50 states"" resolves to cluster 8 [NUM] 50 from ""enacted in 34 of the 50 states"", again with a category word added.",RESOLVED_TO_GOLD_ID,Jiaxuan Li,2026-09-25
65,DeepSeek-V3,287,Washington v. Texas,P1001,washington v texas,containment_ambiguous_type,0: PER :: Jackie Washington | Washington; 15: MISC :: Washington,united states supreme court,exact_unique,5: ORG :: Court | Supreme Court | United States Supreme Court,type_conflict_only,0 [PER] Washington | Jackie Washington || 1 [LOC] Texas | Due Process Clause || 2 [NUM] 388 || 3 [LOC] U.S. || 4 [TIME] 1967 || 5 [ORG] United States Supreme Court | Court | Supreme Court || 6 [MISC] Compulsory Process Clause || 7 [MISC] Sixth Amendment to the Constitution || 8 [LOC] Texas || 9 [MISC] Fourteenth Amendment || 10 [PER] John Marshall Harlan II || 11 [PER] Taylor || 12 [ORG] Illinois || 13 [TIME] 1988 || 14 [MISC] Taylor || 15 [MISC] Washington,"Washington v. Texas , 388 U.S. 14 ( 1967 ) , is a United States Supreme Court case in which the Court decided that the Compulsory Process Clause of the Sixth Amendment to the Constitution ( guaranteeing the right of a criminal defendant to force the attendance of witnesses for their side ) is applicable in state courts as well as federal courts . Jackie Washington had attempted to call his co - defendant as a witness , but was blocked by Texas courts because state law prevented co - defendants from testifying for each other , under the theory that they would be likely to lie for each other on the stand . The Supreme Court reasoned that the Due Process Clause of the Fourteenth Amendment made the right to be able to compel defense witnesses to testify necessary for a defendant 's "" due process "" rights to fair proceedings , which applies to the states . Only Justice John Marshall Harlan II parted from the Court 's "" due process "" focus , though he agreed with the outcome , as he regularly did in cases involving whether to apply federal rights to state courts . The impact of Washington was narrowed by a later case , Taylor v. Illinois ( 1988 ) , in which the Court said that "" countervailing public interests "" , like the need to move through cases quickly , could be balanced against a defendant 's right to present witnesses . In Taylor , the Supreme Court upheld a judge 's order blocking defense witnesses from testifying due to the defense attorney 's deliberate failure to disclose evidence to prosecutors earlier in the trial . The defense attorney 's actions resulted in a lengthy delay in the proceedings which the trial judge felt was unjustified . Legal scholars have seen this new grant of discretion to trial judges as a change to relying on "" efficient justice "" , a more limited vision of trial rights than the "" right to present a defense "" created in Washington .",15,5,"Duplicate of the same document already checked: head ""washington v texas"" denotes the case, cluster 15 [MISC] Washington used metonymically (""The impact of Washington was narrowed by a later case""), not cluster 0 [PER] Jackie Washington; tail is the exact unique match to 5 [ORG].",RESOLVED_TO_GOLD_ID,Jiaxuan Li,2026-09-25
66,DeepSeek-V3,291,"They Shoot Horses, Don't They? (film)",P1344,they shoot horses don t they,unmatched,,23rd cannes film festival,exact_unique,17: MISC :: 23rd Cannes Film Festival,unmatched_only,"0 [MISC] They Shoot Horses , Do n't They || 1 [TIME] 1969 | December 10, 1969 || 2 [LOC] American || 3 [PER] Horace McCoy || 4 [TIME] 1935 || 5 [PER] Sydney Pollack || 6 [PER] James Poe || 7 [PER] Robert E. Thompson || 8 [MISC] Depression || 9 [PER] MC || 10 [PER] Jane Fonda | Fonda || 11 [PER] Michael Sarrazin || 12 [PER] Susannah York | York || 13 [PER] Red Buttons || 14 [PER] Bruce Dern || 15 [PER] Bonnie Bedelia || 16 [PER] Gig Young | Young || 17 [MISC] 23rd Cannes Film Festival || 18 [LOC] the United States || 19 [NUM] $12.6 million || 20 [NUM] $4.86 million || 21 [NUM] nine || 22 [MISC] 42nd Academy Awards || 23 [MISC] Best Director || 24 [MISC] Best Actress || 25 [MISC] Best Supporting Actress || 26 [MISC] Best Adapted Screenplay || 27 [MISC] Best Supporting Actor || 28 [MISC] Best Picture","They Shoot Horses , Do n't They ? is a 1969 American depression - era melodrama film based on Horace McCoy 's 1935 novel of the same name and directed by Sydney Pollack . The screenplay was written by James Poe and Robert E. Thompson . The film focuses on a disparate group of characters desperate to win a Depression - era dance marathon and the opportunistic emcee ( MC ) who urges them on to victory . It stars Jane Fonda , Michael Sarrazin , Susannah York , Red Buttons , Bruce Dern , Bonnie Bedelia and Gig Young . The film premiered at the 23rd Cannes Film Festival and was released theatrically in the United States on December 10 , 1969 . The film upon release was a critical and commercial success , grossing $ 12.6 million on a budget of $ 4.86 million , becoming the sixteenth highest grossing film of 1969 . Critics praised its direction , screenplay , depiction of the depression - era and performances , most notably of Fonda 's which marked a significant turning point in her career . The film received nine nominations at the 42nd Academy Awards including Best Director , Best Actress ( for Fonda ) , Best Supporting Actress ( for York ) , Best Adapted Screenplay and winning Best Supporting Actor ( for Young ) . It is the most nominated film in the history of the aforementioned awards without a Best Picture nomination .",0,17,"head ""they shoot horses don t they"" is the film title with apostrophes and commas stripped, i.e. cluster 0 [MISC] ""They Shoot Horses , Do n't They"". tail ""23rd cannes film festival"" is the exact unique match to cluster 17 [MISC], where the film premiered.",RESOLVED_TO_GOLD_ID,Jiaxuan Li,2026-09-25
67,DeepSeek-V3,291,"They Shoot Horses, Don't They? (film)",P1344,they shoot horses don t they,unmatched,,42nd academy awards,exact_unique,22: MISC :: 42nd Academy Awards,unmatched_only,"0 [MISC] They Shoot Horses , Do n't They || 1 [TIME] 1969 | December 10, 1969 || 2 [LOC] American || 3 [PER] Horace McCoy || 4 [TIME] 1935 || 5 [PER] Sydney Pollack || 6 [PER] James Poe || 7 [PER] Robert E. Thompson || 8 [MISC] Depression || 9 [PER] MC || 10 [PER] Jane Fonda | Fonda || 11 [PER] Michael Sarrazin || 12 [PER] Susannah York | York || 13 [PER] Red Buttons || 14 [PER] Bruce Dern || 15 [PER] Bonnie Bedelia || 16 [PER] Gig Young | Young || 17 [MISC] 23rd Cannes Film Festival || 18 [LOC] the United States || 19 [NUM] $12.6 million || 20 [NUM] $4.86 million || 21 [NUM] nine || 22 [MISC] 42nd Academy Awards || 23 [MISC] Best Director || 24 [MISC] Best Actress || 25 [MISC] Best Supporting Actress || 26 [MISC] Best Adapted Screenplay || 27 [MISC] Best Supporting Actor || 28 [MISC] Best Picture","They Shoot Horses , Do n't They ? is a 1969 American depression - era melodrama film based on Horace McCoy 's 1935 novel of the same name and directed by Sydney Pollack . The screenplay was written by James Poe and Robert E. Thompson . The film focuses on a disparate group of characters desperate to win a Depression - era dance marathon and the opportunistic emcee ( MC ) who urges them on to victory . It stars Jane Fonda , Michael Sarrazin , Susannah York , Red Buttons , Bruce Dern , Bonnie Bedelia and Gig Young . The film premiered at the 23rd Cannes Film Festival and was released theatrically in the United States on December 10 , 1969 . The film upon release was a critical and commercial success , grossing $ 12.6 million on a budget of $ 4.86 million , becoming the sixteenth highest grossing film of 1969 . Critics praised its direction , screenplay , depiction of the depression - era and performances , most notably of Fonda 's which marked a significant turning point in her career . The film received nine nominations at the 42nd Academy Awards including Best Director , Best Actress ( for Fonda ) , Best Supporting Actress ( for York ) , Best Adapted Screenplay and winning Best Supporting Actor ( for Young ) . It is the most nominated film in the history of the aforementioned awards without a Best Picture nomination .",0,22,"head is again the film title cluster 0 [MISC]. tail ""42nd academy awards"" is the exact unique match to cluster 22 [MISC] 42nd Academy Awards, where the film received nine nominations.",RESOLVED_TO_GOLD_ID,Jiaxuan Li,2026-09-25
