model,document_index,title,n_entities,n_relations,n_violations,n_checkable_violations,n_uncheckable_violations,certificate_bound,gold_checkable_bound,gold_verifiable_errors,entity_type_errors,spurious_relation_errors,detectable_errors,tightness_ratio,conflicts_per_relation,bound_per_relation,cross_model_disagreement,n_vertices,n_hyperedges,mean_hyperedge_cardinality,maximum_hyperedge_cardinality,maximum_vertex_degree,n_components,largest_component_vertices,largest_component_hyperedges,hyperedge_overlap_density,incidence_density,matching_number
Qwen2.5-14B,0,Willi Schneider (skeleton racer),26,19,10,10,0,4,4,14,6,8,9,0.2857142857142857,0.5263157894736842,0.21052631578947367,0.7394521249359959,22,10,3.0,3,5,2,19,9,0.37777777777777777,0.13636363636363635,4
Qwen2.5-14B,1,Ross Alger,22,14,3,3,0,1,1,10,1,9,3,0.1,0.21428571428571427,0.07142857142857142,0.9178373776074925,7,3,3.0,3,3,1,7,3,1.0,0.42857142857142855,1
Qwen2.5-14B,2,Mess of Blues (Jeff Healey album),15,9,1,1,0,1,1,9,3,6,1,0.1111111111111111,0.1111111111111111,0.1111111111111111,0.7653867102396514,3,1,3.0,3,1,1,3,1,0.0,1.0,1
Qwen2.5-14B,3,Ramey Idriss,14,11,2,2,0,1,1,7,0,7,2,0.14285714285714285,0.18181818181818182,0.09090909090909091,0.7842995169082125,5,2,3.0,3,2,1,5,2,1.0,0.6,1
Qwen2.5-14B,4,ELAM (Latin American School of Medicine) Cuba,22,16,3,3,0,1,1,13,0,13,3,0.07692307692307693,0.1875,0.0625,0.9895833333333334,7,3,3.0,3,3,1,7,3,1.0,0.42857142857142855,1
Qwen2.5-14B,5,Song of Freedom,15,6,2,2,0,1,1,4,1,3,2,0.25,0.3333333333333333,0.16666666666666666,0.901098901098901,5,2,3.0,3,2,1,5,2,1.0,0.6,1
Qwen2.5-14B,6,Soccer Academy,6,12,0,0,0,0,0,12,0,12,0,0.0,0.0,0.0,0.9372294372294373,0,0,0.0,0,0,0,0,0,0.0,0.0,0
Qwen2.5-14B,7,ROKETSAN,13,13,5,5,0,1,1,10,0,10,5,0.1,0.38461538461538464,0.07692307692307693,0.8465277777777778,11,5,3.0,3,5,1,11,5,1.0,0.2727272727272727,1
Qwen2.5-14B,8,The Sacramento Bee,15,5,0,0,0,0,0,6,2,4,0,0.0,0.0,0.0,0.9478114478114478,0,0,0.0,0,0,0,0,0,0.0,0.0,0
Qwen2.5-14B,9,Cambodia–Vietnam Friendship Monument,9,12,0,0,0,0,0,8,1,7,0,0.0,0.0,0.0,0.8981481481481483,0,0,0.0,0,0,0,0,0,0.0,0.0,0
Qwen2.5-14B,10,Paul Desmarais Jr.,21,19,10,10,0,1,1,19,1,18,10,0.05263157894736842,0.5263157894736842,0.05263157894736842,0.7448498139287613,21,10,3.0,3,10,1,21,10,1.0,0.14285714285714285,1
Qwen2.5-14B,11,Mola di Bari,11,11,0,0,0,0,0,7,0,7,0,0.0,0.0,0.0,0.5729512317747611,0,0,0.0,0,0,0,0,0,0.0,0.0,0
Qwen2.5-14B,12,"Westmere, New York",11,13,3,3,0,1,1,9,0,9,3,0.1111111111111111,0.23076923076923078,0.07692307692307693,0.7707336523125997,6,3,3.0,3,3,1,6,3,1.0,0.5,1
Qwen2.5-14B,13,Edward Rowan Finnegan,17,19,9,9,0,3,3,18,1,17,10,0.16666666666666666,0.47368421052631576,0.15789473684210525,0.9063492063492063,19,9,3.0,3,6,2,16,8,0.5,0.15789473684210525,3
Qwen2.5-14B,14,Foix (river),16,14,0,0,0,0,0,10,1,9,0,0.0,0.0,0.0,0.9761904761904763,0,0,0.0,0,0,0,0,0,0.0,0.0,0
Qwen2.5-14B,15,Eivind Bolle,16,7,1,1,0,1,1,5,1,4,1,0.2,0.14285714285714285,0.14285714285714285,0.7102941176470589,3,1,3.0,3,1,1,3,1,0.0,1.0,1
Qwen2.5-14B,16,Henrik Angell,29,20,1,1,0,1,1,15,1,14,2,0.06666666666666667,0.05,0.05,0.7589087809036658,3,1,3.0,3,1,1,3,1,0.0,1.0,1
Qwen2.5-14B,17,Carey Business School,14,10,0,0,0,0,0,9,1,8,0,0.0,0.0,0.0,0.9325670498084291,0,0,0.0,0,0,0,0,0,0.0,0.0,0
Qwen2.5-14B,18,Lehmann Bernheimer,21,21,6,6,0,1,1,15,1,14,6,0.06666666666666667,0.2857142857142857,0.047619047619047616,0.8700280112044818,12,6,3.0,3,6,1,12,6,1.0,0.25,1
Qwen2.5-14B,19,Railroad Revival Tour,19,16,0,0,0,0,0,16,3,13,0,0.0,0.0,0.0,0.9888888888888889,0,0,0.0,0,0,0,0,0,0.0,0.0,0
Qwen2.5-14B,20,Australia–Chile Free Trade Agreement,24,22,14,11,3,2,2,20,1,19,11,0.1,0.6363636363636364,0.09090909090909091,0.964665815240528,30,14,3.0,3,12,2,25,12,0.7362637362637363,0.1,2
Qwen2.5-14B,21,South Gondar Zone,19,7,0,0,0,0,0,5,0,5,0,0.0,0.0,0.0,0.9583333333333334,0,0,0.0,0,0,0,0,0,0.0,0.0,0
Qwen2.5-14B,22,Morogoro Region,13,2,0,0,0,0,0,0,0,0,0,,0.0,0.0,0.9696969696969697,0,0,0.0,0,0,0,0,0,0.0,0.0,0
Qwen2.5-14B,23,Manon Balletti,11,11,3,2,1,2,1,9,1,8,2,0.1111111111111111,0.2727272727272727,0.18181818181818182,0.9470828688219993,7,3,3.0,3,2,1,7,3,0.6666666666666666,0.42857142857142855,2
Qwen2.5-14B,24,Pittsburgh Catholic,11,7,3,3,0,1,1,6,2,4,4,0.16666666666666666,0.42857142857142855,0.14285714285714285,0.9163398692810457,7,3,3.0,3,3,1,7,3,1.0,0.42857142857142855,1
Qwen2.5-14B,25,Toufique Imrose Khalidi,12,6,2,2,0,1,1,3,0,3,2,0.3333333333333333,0.3333333333333333,0.16666666666666666,0.6685185185185185,5,2,3.0,3,2,1,5,2,1.0,0.6,1
Qwen2.5-14B,26,Mark McNamara,17,15,5,2,3,1,1,10,1,9,2,0.1,0.3333333333333333,0.06666666666666667,0.5440452984312634,11,5,3.0,3,5,1,11,5,1.0,0.2727272727272727,1
Qwen2.5-14B,27,Nexus Q,2,11,0,0,0,0,0,11,0,11,0,0.0,0.0,0.0,0.8805704099821746,0,0,0.0,0,0,0,0,0,0.0,0.0,0
Qwen2.5-14B,28,Cranks and Shadows,9,6,3,3,0,2,2,7,1,6,3,0.2857142857142857,0.5,0.3333333333333333,0.8273504273504274,8,3,3.0,3,2,2,5,2,0.3333333333333333,0.375,2
Qwen2.5-14B,29,The Christian Manifesto,11,7,1,1,0,1,1,5,0,5,1,0.2,0.14285714285714285,0.14285714285714285,0.9523809523809524,3,1,3.0,3,1,1,3,1,0.0,1.0,1
Qwen2.5-14B,30,Joseph in Islam,19,15,4,4,0,3,3,22,8,14,8,0.13636363636363635,0.26666666666666666,0.2,0.927787188656754,11,4,3.0,3,2,3,5,2,0.16666666666666666,0.2727272727272727,3
Qwen2.5-14B,31,List of Prime Ministers of Thailand,16,16,6,6,0,3,3,17,4,13,7,0.17647058823529413,0.375,0.1875,0.9733333333333333,12,5,3.0,3,3,2,9,4,0.4,0.25,3
Qwen2.5-14B,32,Rogaland County Municipality,2,11,0,0,0,0,0,8,1,7,0,0.0,0.0,0.0,0.84850609885673,0,0,0.0,0,0,0,0,0,0.0,0.0,0
Qwen2.5-14B,33,Kyoto Imperial Palace,11,11,4,4,0,1,1,7,0,7,4,0.14285714285714285,0.36363636363636365,0.09090909090909091,0.9824561403508772,9,4,3.0,3,4,1,9,4,1.0,0.3333333333333333,1
Qwen2.5-14B,34,The Yorkshire Post,17,16,1,1,0,1,1,14,0,14,1,0.07142857142857142,0.0625,0.0625,0.5806397306397307,3,1,3.0,3,1,1,3,1,0.0,1.0,1
Qwen2.5-14B,35,Won-yong,13,9,0,0,0,0,0,2,1,1,0,0.0,0.0,0.0,0.48056415548675613,0,0,0.0,0,0,0,0,0,0.0,0.0,0
Qwen2.5-14B,36,Ramada (shelter),10,7,2,1,1,2,1,3,1,2,2,0.3333333333333333,0.2857142857142857,0.2857142857142857,0.8928571428571428,6,2,3.0,3,1,2,3,1,0.0,0.5,2
Qwen2.5-14B,37,Björn von der Esch,23,11,1,1,0,1,1,12,4,8,1,0.08333333333333333,0.09090909090909091,0.09090909090909091,0.7624798711755233,3,1,3.0,3,1,1,3,1,0.0,1.0,1
Qwen2.5-14B,38,Fyllingen Fotball,25,19,10,10,0,1,1,20,6,14,12,0.05,0.5263157894736842,0.05263157894736842,0.8309483385884064,21,10,3.0,3,10,1,21,10,1.0,0.14285714285714285,1
Qwen2.5-14B,39,Martin Ulrich,13,18,7,7,0,1,1,17,1,16,7,0.058823529411764705,0.3888888888888889,0.05555555555555555,0.7572946859903382,15,7,3.0,3,7,1,15,7,1.0,0.2,1
Qwen2.5-14B,40,Two Doors Down,13,11,8,8,0,1,1,11,1,10,8,0.09090909090909091,0.7272727272727273,0.09090909090909091,0.9265700483091788,15,7,3.0,3,7,1,15,7,1.0,0.2,1
Qwen2.5-14B,41,Think Bike,14,10,0,0,0,0,0,7,0,7,0,0.0,0.0,0.0,0.8824561403508772,0,0,0.0,0,0,0,0,0,0.0,0.0,0
Qwen2.5-14B,42,United States Naval Forces Germany,19,18,3,3,0,1,1,16,0,16,3,0.0625,0.16666666666666666,0.05555555555555555,0.8813888888888889,7,3,3.0,3,3,1,7,3,1.0,0.42857142857142855,1
Qwen2.5-14B,43,Cry for Help,18,16,4,4,0,1,1,13,1,12,4,0.07692307692307693,0.25,0.0625,0.8508012820512821,9,4,3.0,3,4,1,9,4,1.0,0.3333333333333333,1
Qwen2.5-14B,44,Surreal (song),14,14,1,1,0,1,1,9,0,9,1,0.1111111111111111,0.07142857142857142,0.07142857142857142,0.7981920040743571,3,1,3.0,3,1,1,3,1,0.0,1.0,1
Qwen2.5-14B,45,Between Five and Seven,22,17,2,2,0,2,2,17,5,12,4,0.11764705882352941,0.11764705882352941,0.11764705882352941,0.8377995642701525,6,2,3.0,3,1,2,3,1,0.0,0.5,2
Qwen2.5-14B,46,List of Square Enix video games,16,17,6,6,0,1,1,15,0,15,6,0.06666666666666667,0.35294117647058826,0.058823529411764705,0.965873015873016,10,6,3.0,3,6,1,10,6,1.0,0.3,1
Qwen2.5-14B,47,Velocifero,21,19,3,3,0,2,2,15,1,14,3,0.13333333333333333,0.15789473684210525,0.10526315789473684,0.8263888888888888,8,3,3.0,3,2,2,5,2,0.3333333333333333,0.375,2
Qwen2.5-14B,48,Zakhary Lyapunov,15,14,0,0,0,0,0,10,3,7,0,0.0,0.0,0.0,0.8395061728395062,0,0,0.0,0,0,0,0,0,0.0,0.0,0
Qwen2.5-14B,49,Kriegers Flak,14,13,3,3,0,3,3,14,2,12,5,0.21428571428571427,0.23076923076923078,0.23076923076923078,0.8003565062388592,9,3,3.0,3,1,3,3,1,0.0,0.3333333333333333,3
Qwen2.5-14B,50,Enasa,13,10,5,5,0,1,1,10,2,8,5,0.1,0.5,0.1,0.8442265795206971,9,5,3.0,3,5,1,9,5,1.0,0.3333333333333333,1
Qwen2.5-14B,51,Christian worship,13,11,3,1,2,2,1,12,4,8,3,0.08333333333333333,0.2727272727272727,0.18181818181818182,0.9722222222222222,8,3,3.0,3,2,2,5,2,0.3333333333333333,0.375,2
Qwen2.5-14B,52,Johan Gottlieb Gahn,21,17,3,2,1,2,1,9,0,9,2,0.1111111111111111,0.17647058823529413,0.11764705882352941,0.8832954545454546,8,3,3.0,3,2,2,5,2,0.3333333333333333,0.375,2
Qwen2.5-14B,53,Bohumín,9,13,0,0,0,0,0,9,1,8,0,0.0,0.0,0.0,0.8093567251461988,0,0,0.0,0,0,0,0,0,0.0,0.0,0
Qwen2.5-14B,54,Leonessa,15,11,0,0,0,0,0,7,1,6,0,0.0,0.0,0.0,0.7736111111111111,0,0,0.0,0,0,0,0,0,0.0,0.0,0
Qwen2.5-14B,55,Philippine Commission,16,12,3,3,0,2,2,10,1,9,3,0.2,0.25,0.16666666666666666,0.9722222222222222,8,3,3.0,3,2,2,5,2,0.3333333333333333,0.375,2
Qwen2.5-14B,56,Chopin and his Europe,23,16,0,0,0,0,0,15,1,14,0,0.0,0.0,0.0,0.9102132435465768,0,0,0.0,0,0,0,0,0,0.0,0.0,0
Qwen2.5-14B,57,Gujranwala,12,8,0,0,0,0,0,7,2,5,0,0.0,0.0,0.0,0.9137254901960784,0,0,0.0,0,0,0,0,0,0.0,0.0,0
Qwen2.5-14B,58,Beibu Gulf Economic Rim,9,9,1,1,0,1,1,12,4,8,2,0.08333333333333333,0.1111111111111111,0.1111111111111111,0.9803921568627452,3,1,3.0,3,1,1,3,1,0.0,1.0,1
Qwen2.5-14B,59,Luis Roche,14,16,0,0,0,0,0,14,0,14,0,0.0,0.0,0.0,0.9313319530710835,0,0,0.0,0,0,0,0,0,0.0,0.0,0
Qwen2.5-14B,60,Nikos Aliagas,19,15,7,7,0,2,2,12,0,12,7,0.16666666666666666,0.4666666666666667,0.13333333333333333,0.7919048497141804,15,7,3.0,3,5,1,15,7,0.6190476190476191,0.2,2
Qwen2.5-14B,61,List of Property Brothers episodes,2,9,0,0,0,0,0,3,0,3,0,0.0,0.0,0.0,0.7833333333333333,0,0,0.0,0,0,0,0,0,0.0,0.0,0
Qwen2.5-14B,62,Anatoly Chubais,2,11,0,0,0,0,0,7,0,7,0,0.0,0.0,0.0,0.7996589940323955,0,0,0.0,0,0,0,0,0,0.0,0.0,0
Qwen2.5-14B,63,"Navy, Army and Air Force Institutes",22,20,5,5,0,3,3,13,3,10,7,0.23076923076923078,0.25,0.15,0.9272125723738628,13,5,3.0,3,3,3,7,3,0.3,0.23076923076923078,3
Qwen2.5-14B,64,Jefferson Madeira,16,16,11,11,0,3,3,14,1,13,10,0.21428571428571427,0.6875,0.1875,0.8938172043010754,21,10,3.0,3,5,1,21,10,0.4666666666666667,0.14285714285714285,3
Qwen2.5-14B,65,Aspren,12,12,1,1,0,1,1,13,1,12,1,0.07692307692307693,0.08333333333333333,0.08333333333333333,0.8744588744588744,3,1,3.0,3,1,1,3,1,0.0,1.0,1
Qwen2.5-14B,66,Jimmy Frise,20,15,0,0,0,0,0,11,2,9,0,0.0,0.0,0.0,0.8998397435897436,0,0,0.0,0,0,0,0,0,0.0,0.0,0
Qwen2.5-14B,67,Vineeth Sreenivasan,22,13,1,1,0,1,1,8,1,7,1,0.125,0.07692307692307693,0.07692307692307693,0.7977729885057471,3,1,3.0,3,1,1,3,1,0.0,1.0,1
Qwen2.5-14B,68,"Zabiele, Warmian-Masurian Voivodeship",12,9,0,0,0,0,0,7,0,7,0,0.0,0.0,0.0,0.8698550724637681,0,0,0.0,0,0,0,0,0,0.0,0.0,0
Qwen2.5-14B,69,"Clark Lake (Gogebic County, Michigan)",12,10,0,0,0,0,0,5,0,5,0,0.0,0.0,0.0,0.8769719169719169,0,0,0.0,0,0,0,0,0,0.0,0.0,0
Qwen2.5-14B,70,O'Shaughnessy Dam (Ohio),13,11,1,1,0,1,1,14,4,10,3,0.07142857142857142,0.09090909090909091,0.09090909090909091,0.8549019607843137,3,1,3.0,3,1,1,3,1,0.0,1.0,1
Qwen2.5-14B,71,Vase de Noces,11,6,0,0,0,0,0,3,0,3,0,0.0,0.0,0.0,0.888111888111888,0,0,0.0,0,0,0,0,0,0.0,0.0,0
Qwen2.5-14B,72,War of the Quadruple Alliance,17,13,1,1,0,1,1,9,3,6,1,0.1111111111111111,0.07692307692307693,0.07692307692307693,0.9761904761904763,3,1,3.0,3,1,1,3,1,0.0,1.0,1
Qwen2.5-14B,73,Can't Take My Eyes Off You,13,12,7,3,4,4,3,4,0,4,3,0.75,0.5833333333333334,0.3333333333333333,0.9076479076479077,17,7,3.0,3,4,3,11,5,0.3333333333333333,0.17647058823529413,4
Qwen2.5-14B,74,Angleton High School,18,14,0,0,0,0,0,14,3,11,0,0.0,0.0,0.0,0.900952380952381,0,0,0.0,0,0,0,0,0,0.0,0.0,0
Qwen2.5-14B,75,List of colleges and universities in Connecticut,10,11,0,0,0,0,0,9,2,7,0,0.0,0.0,0.0,0.6825396825396824,0,0,0.0,0,0,0,0,0,0.0,0.0,0
Qwen2.5-14B,76,Ost Autobahn,19,18,3,3,0,1,1,20,6,14,7,0.05,0.16666666666666666,0.05555555555555555,0.8351804489911907,7,3,3.0,3,3,1,7,3,1.0,0.42857142857142855,1
Qwen2.5-14B,77,Anthony Steel (actor),11,8,0,0,0,0,0,7,2,5,0,0.0,0.0,0.0,0.6565656565656567,0,0,0.0,0,0,0,0,0,0.0,0.0,0
Qwen2.5-14B,78,Dieudonné Gnammankou,15,11,2,2,0,1,1,11,2,9,4,0.09090909090909091,0.18181818181818182,0.09090909090909091,0.866926406926407,5,2,3.0,3,2,1,5,2,1.0,0.6,1
Qwen2.5-14B,79,Your Disco Needs You,16,15,1,1,0,1,1,13,0,13,1,0.07692307692307693,0.06666666666666667,0.06666666666666667,0.7515262515262515,3,1,3.0,3,1,1,3,1,0.0,1.0,1
Qwen2.5-14B,80,Outline of South Sudan,2,10,0,0,0,0,0,5,0,5,0,0.0,0.0,0.0,0.7144249512670565,0,0,0.0,0,0,0,0,0,0.0,0.0,0
Qwen2.5-14B,81,Liverpool Neurological Infectious Diseases Course,14,5,1,1,0,1,1,4,1,3,1,0.25,0.2,0.2,0.4646464646464647,3,1,3.0,3,1,1,3,1,0.0,1.0,1
Qwen2.5-14B,82,Breakout (video game),14,1,0,0,0,0,0,0,0,0,0,,0.0,0.0,0.7555555555555555,0,0,0.0,0,0,0,0,0,0.0,0.0,0
Qwen2.5-14B,83,Winnebago War,13,7,0,0,0,0,0,8,3,5,0,0.0,0.0,0.0,0.8683501683501683,0,0,0.0,0,0,0,0,0,0.0,0.0,0
Qwen2.5-14B,84,Schizoanalysis,7,4,0,0,0,0,0,4,0,4,0,0.0,0.0,0.0,0.746031746031746,0,0,0.0,0,0,0,0,0,0.0,0.0,0
Qwen2.5-14B,85,Paul Beliën,13,12,3,3,0,2,2,12,2,10,4,0.16666666666666666,0.25,0.16666666666666666,0.823529411764706,7,3,3.0,3,2,1,7,3,0.6666666666666666,0.42857142857142855,2
Qwen2.5-14B,86,John R. Thurman,19,11,1,1,0,1,1,10,1,9,2,0.1,0.09090909090909091,0.09090909090909091,0.6552631578947369,3,1,3.0,3,1,1,3,1,0.0,1.0,1
Qwen2.5-14B,87,María la del Barrio,24,22,1,1,0,1,1,21,0,21,1,0.047619047619047616,0.045454545454545456,0.045454545454545456,0.9266066589237321,3,1,3.0,3,1,1,3,1,0.0,1.0,1
Qwen2.5-14B,88,Tigran Petrosian,9,9,1,1,0,1,1,6,1,5,1,0.16666666666666666,0.1111111111111111,0.1111111111111111,0.8869047619047619,3,1,3.0,3,1,1,3,1,0.0,1.0,1
Qwen2.5-14B,89,This Little Girl of Mine,13,11,1,1,0,1,1,7,0,7,1,0.14285714285714285,0.09090909090909091,0.09090909090909091,0.8298245614035088,3,1,3.0,3,1,1,3,1,0.0,1.0,1
Qwen2.5-14B,90,Ernesto D'Alessio,19,12,4,4,0,1,1,7,1,6,2,0.14285714285714285,0.3333333333333333,0.08333333333333333,0.8670006464124111,5,2,3.0,3,2,1,5,2,1.0,0.6,1
Qwen2.5-14B,91,João Paulo de Silva,12,12,5,3,2,3,2,7,2,5,4,0.2857142857142857,0.4166666666666667,0.25,0.7297385620915033,11,5,3.0,3,2,2,8,4,0.4,0.2727272727272727,3
Qwen2.5-14B,92,Regal Mountain,14,15,0,0,0,0,0,10,0,10,0,0.0,0.0,0.0,0.8809219728759959,0,0,0.0,0,0,0,0,0,0.0,0.0,0
Qwen2.5-14B,93,Il regalo più grande,12,13,6,6,0,2,2,11,0,11,6,0.18181818181818182,0.46153846153846156,0.15384615384615385,0.8610343061955965,13,6,3.0,3,5,1,13,6,0.7333333333333333,0.23076923076923078,2
Qwen2.5-14B,94,East Asia Economic Caucus,2,11,0,0,0,0,0,12,2,10,0,0.0,0.0,0.0,0.8968253968253969,0,0,0.0,0,0,0,0,0,0.0,0.0,0
Qwen2.5-14B,95,Tiana (Disney),16,7,0,0,0,0,0,8,3,5,0,0.0,0.0,0.0,0.7437229437229437,0,0,0.0,0,0,0,0,0,0.0,0.0,0
Qwen2.5-14B,96,Vesper sparrow,6,19,0,0,0,0,0,3,0,3,0,0.0,0.0,0.0,0.9731615673644659,0,0,0.0,0,0,0,0,0,0.0,0.0,0
Qwen2.5-14B,97,Silvan Elves,22,20,4,4,0,2,2,23,9,14,8,0.08695652173913043,0.2,0.1,0.9314241486068111,10,4,3.0,3,3,2,7,3,0.5,0.3,2
Qwen2.5-14B,98,ABBA Live,23,16,2,2,0,1,1,14,0,14,2,0.07142857142857142,0.125,0.0625,0.8772893772893773,4,2,3.0,3,2,1,4,2,1.0,0.75,1
Qwen2.5-14B,99,Young Wild Things Tour,2,13,1,1,0,1,1,10,0,10,1,0.1,0.07692307692307693,0.07692307692307693,0.8630952380952381,3,1,3.0,3,1,1,3,1,0.0,1.0,1
Qwen2.5-14B,100,Samuel C. Brightman,10,10,1,1,0,1,1,13,5,8,1,0.07692307692307693,0.1,0.1,0.8333333333333334,3,1,3.0,3,1,1,3,1,0.0,1.0,1
Qwen2.5-14B,101,Alberto Valenzuela Llanos,16,18,1,1,0,1,1,15,0,15,1,0.06666666666666667,0.05555555555555555,0.05555555555555555,0.8777839244370685,3,1,3.0,3,1,1,3,1,0.0,1.0,1
Qwen2.5-14B,102,Amandeep Khare,18,9,2,2,0,1,1,9,3,6,2,0.1111111111111111,0.2222222222222222,0.1111111111111111,0.8210901585514588,5,2,3.0,3,2,1,5,2,1.0,0.6,1
Qwen2.5-14B,103,Blank Page,14,8,4,4,0,2,2,7,0,7,4,0.2857142857142857,0.5,0.25,0.9048772827208688,9,4,3.0,3,3,1,9,4,0.6666666666666666,0.3333333333333333,2
Qwen2.5-14B,104,Jared Allen,10,9,3,3,0,1,1,8,1,7,4,0.125,0.3333333333333333,0.1111111111111111,0.767056530214425,7,3,3.0,3,3,1,7,3,1.0,0.42857142857142855,1
Qwen2.5-14B,105,The Hurting,14,13,1,1,0,1,1,6,0,6,1,0.16666666666666666,0.07692307692307693,0.07692307692307693,0.5279365079365079,3,1,3.0,3,1,1,3,1,0.0,1.0,1
Qwen2.5-14B,106,Link River,12,9,0,0,0,0,0,7,0,7,0,0.0,0.0,0.0,0.8368464052287582,0,0,0.0,0,0,0,0,0,0.0,0.0,0
Qwen2.5-14B,107,Ali Kuli Khan Khattak,3,2,0,0,0,0,0,1,0,1,0,0.0,0.0,0.0,0.8440476190476192,0,0,0.0,0,0,0,0,0,0.0,0.0,0
Qwen2.5-14B,108,Paul Morphy,17,12,4,4,0,1,1,9,1,8,4,0.1111111111111111,0.3333333333333333,0.08333333333333333,0.8250793650793651,9,4,3.0,3,4,1,9,4,1.0,0.3333333333333333,1
Qwen2.5-14B,109,Gloria Estefan albums discography,25,13,1,1,0,1,1,3,0,3,1,0.3333333333333333,0.07692307692307693,0.07692307692307693,0.9777777777777779,3,1,3.0,3,1,1,3,1,0.0,1.0,1
Qwen2.5-14B,110,Tōkai region,18,18,0,0,0,0,0,17,1,16,0,0.0,0.0,0.0,0.8043740573152339,0,0,0.0,0,0,0,0,0,0.0,0.0,0
Qwen2.5-14B,111,Parks in Greater St. Louis,16,10,0,0,0,0,0,6,3,3,0,0.0,0.0,0.0,0.6446428571428572,0,0,0.0,0,0,0,0,0,0.0,0.0,0
Qwen2.5-14B,112,Loopline Bridge,13,9,1,1,0,1,1,9,2,7,3,0.1111111111111111,0.1111111111111111,0.1111111111111111,0.8913189207306855,3,1,3.0,3,1,1,3,1,0.0,1.0,1
Qwen2.5-14B,113,Catholic Church in the Maldives,10,9,2,2,0,2,2,8,2,6,3,0.25,0.2222222222222222,0.2222222222222222,0.9424603174603176,6,2,3.0,3,1,2,3,1,0.0,0.5,2
Qwen2.5-14B,114,Across the Black Waters,3,3,0,0,0,0,0,1,0,1,0,0.0,0.0,0.0,0.953968253968254,0,0,0.0,0,0,0,0,0,0.0,0.0,0
Qwen2.5-14B,115,Cove Lake State Park,14,13,0,0,0,0,0,11,0,11,0,0.0,0.0,0.0,0.7535505430242274,0,0,0.0,0,0,0,0,0,0.0,0.0,0
Qwen2.5-14B,116,German torpedo boat Kondor,15,14,13,13,0,2,2,18,7,11,18,0.1111111111111111,0.9285714285714286,0.14285714285714285,0.7083333333333334,27,13,3.0,3,11,1,27,13,0.7435897435897436,0.1111111111111111,2
Qwen2.5-14B,117,Foulsyke,19,14,1,1,0,1,1,14,1,13,1,0.07142857142857142,0.07142857142857142,0.07142857142857142,0.905993265993266,3,1,3.0,3,1,1,3,1,0.0,1.0,1
Qwen2.5-14B,118,Le Ventre de Paris,13,11,1,1,0,1,1,9,1,8,1,0.1111111111111111,0.09090909090909091,0.09090909090909091,0.8363636363636364,3,1,3.0,3,1,1,3,1,0.0,1.0,1
Qwen2.5-14B,119,Energy and Environmental Security Initiative,15,14,0,0,0,0,0,5,2,3,0,0.0,0.0,0.0,0.9916666666666667,0,0,0.0,0,0,0,0,0,0.0,0.0,0
Qwen2.5-14B,120,Ne crois pas,12,3,1,1,0,1,1,2,0,2,1,0.5,0.3333333333333333,0.3333333333333333,0.934360410830999,3,1,3.0,3,1,1,3,1,0.0,1.0,1
Qwen2.5-14B,121,Downy,27,39,2,2,0,1,1,39,0,39,2,0.02564102564102564,0.05128205128205128,0.02564102564102564,0.9134388070558283,5,2,3.0,3,2,1,5,2,1.0,0.6,1
Qwen2.5-14B,122,Boltenhagen,13,9,0,0,0,0,0,8,0,8,0,0.0,0.0,0.0,0.8922511312217195,0,0,0.0,0,0,0,0,0,0.0,0.0,0
Qwen2.5-14B,123,Upper Ammonoosuc River,24,24,0,0,0,0,0,20,0,20,0,0.0,0.0,0.0,0.8358578025916735,0,0,0.0,0,0,0,0,0,0.0,0.0,0
Qwen2.5-14B,124,Michael Giacchino,28,27,0,0,0,0,0,4,0,4,0,0.0,0.0,0.0,0.15873015873015872,0,0,0.0,0,0,0,0,0,0.0,0.0,0
Qwen2.5-14B,125,Oberliga Rheinland-Pfalz/Saar,2,10,0,0,0,0,0,5,0,5,0,0.0,0.0,0.0,0.8785403050108932,0,0,0.0,0,0,0,0,0,0.0,0.0,0
Qwen2.5-14B,126,Siberia Governorate,14,9,0,0,0,0,0,10,5,5,0,0.0,0.0,0.0,0.7417043740573153,0,0,0.0,0,0,0,0,0,0.0,0.0,0
Qwen2.5-14B,127,Raymond Hermantier,18,12,2,1,1,1,1,12,5,7,2,0.08333333333333333,0.16666666666666666,0.08333333333333333,0.7170099160945843,5,2,3.0,3,2,1,5,2,1.0,0.6,1
Qwen2.5-14B,128,Kurt Tucholsky,14,8,3,3,0,1,1,8,2,6,5,0.125,0.375,0.125,0.8541666666666666,7,3,3.0,3,3,1,7,3,1.0,0.42857142857142855,1
Qwen2.5-14B,129,Urgut,9,5,0,0,0,0,0,4,3,1,0,0.0,0.0,0.0,0.8981684981684982,0,0,0.0,0,0,0,0,0,0.0,0.0,0
Qwen2.5-14B,130,N. C. Wyeth,15,16,4,4,0,1,1,12,2,10,5,0.08333333333333333,0.25,0.0625,0.8658730158730159,9,4,3.0,3,4,1,9,4,1.0,0.3333333333333333,1
Qwen2.5-14B,131,Bound Brook (Raritan River tributary),18,20,0,0,0,0,0,16,0,16,0,0.0,0.0,0.0,0.8370210036876703,0,0,0.0,0,0,0,0,0,0.0,0.0,0
Qwen2.5-14B,132,Bombtrack,14,9,6,6,0,3,3,8,0,8,6,0.375,0.6666666666666666,0.3333333333333333,0.8956228956228957,14,6,3.0,3,3,2,9,4,0.3333333333333333,0.21428571428571427,3
Qwen2.5-14B,133,Christine Razanamahasoa,16,15,9,9,0,2,2,13,0,13,9,0.15384615384615385,0.6,0.13333333333333333,0.888095238095238,17,9,3.0,3,7,2,12,7,0.6111111111111112,0.17647058823529413,2
Qwen2.5-14B,134,Shihlin Electric,20,17,3,3,0,3,3,17,1,16,4,0.17647058823529413,0.17647058823529413,0.17647058823529413,0.8574254742547426,9,3,3.0,3,1,3,3,1,0.0,0.3333333333333333,3
Qwen2.5-14B,135,Wayne Gretzky Drive,18,14,2,2,0,1,1,10,0,10,2,0.1,0.14285714285714285,0.07142857142857142,0.8554865424430642,5,2,3.0,3,2,1,5,2,1.0,0.6,1
Qwen2.5-14B,136,Inner Life,17,9,8,7,1,3,3,11,3,8,10,0.2727272727272727,0.8888888888888888,0.3333333333333333,1.0,18,8,3.0,3,6,2,15,7,0.5714285714285714,0.16666666666666666,3
Qwen2.5-14B,137,Ahmet Kaya,9,9,3,3,0,1,1,7,0,7,3,0.14285714285714285,0.3333333333333333,0.1111111111111111,0.7265707002549108,6,3,3.0,3,3,1,6,3,1.0,0.5,1
Qwen2.5-14B,138,Leone Marucci,20,18,1,1,0,1,1,15,0,15,1,0.06666666666666667,0.05555555555555555,0.05555555555555555,0.8946778711484594,3,1,3.0,3,1,1,3,1,0.0,1.0,1
Qwen2.5-14B,139,Susan Pharr,9,6,1,1,0,1,1,8,3,5,1,0.125,0.16666666666666666,0.16666666666666666,0.8009049773755655,3,1,3.0,3,1,1,3,1,0.0,1.0,1
Qwen2.5-14B,140,Sycamore Canyon Wilderness,33,32,0,0,0,0,0,16,1,15,0,0.0,0.0,0.0,0.836595669776448,0,0,0.0,0,0,0,0,0,0.0,0.0,0
Qwen2.5-14B,141,Eva Bosáková,20,21,0,0,0,0,0,14,4,10,0,0.0,0.0,0.0,0.9005115487828254,0,0,0.0,0,0,0,0,0,0.0,0.0,0
Qwen2.5-14B,142,Ripton (fictional town),12,8,1,1,0,1,1,5,0,5,1,0.2,0.125,0.125,0.6805555555555557,3,1,3.0,3,1,1,3,1,0.0,1.0,1
Qwen2.5-14B,143,Khooni Khanjar,21,7,0,0,0,0,0,1,0,1,0,0.0,0.0,0.0,0.7914438502673796,0,0,0.0,0,0,0,0,0,0.0,0.0,0
Qwen2.5-14B,144,Barry University School of Podiatric Medicine,15,5,0,0,0,0,0,6,3,3,0,0.0,0.0,0.0,0.9387254901960785,0,0,0.0,0,0,0,0,0,0.0,0.0,0
Qwen2.5-14B,145,Louise Faure-Favier,11,9,1,1,0,1,1,6,0,6,1,0.16666666666666666,0.1111111111111111,0.1111111111111111,0.9084533979344639,3,1,3.0,3,1,1,3,1,0.0,1.0,1
Qwen2.5-14B,146,Kirnitzschtal tramway,13,8,0,0,0,0,0,8,2,6,0,0.0,0.0,0.0,0.931547619047619,0,0,0.0,0,0,0,0,0,0.0,0.0,0
Qwen2.5-14B,148,Joy Division discography,13,6,4,4,0,1,1,5,0,5,4,0.2,0.6666666666666666,0.16666666666666666,0.9568151147098516,9,4,3.0,3,4,1,9,4,1.0,0.3333333333333333,1
Qwen2.5-14B,149,Franck Piccard,19,18,2,2,0,1,1,18,3,15,3,0.05555555555555555,0.1111111111111111,0.05555555555555555,0.7005357142857144,5,2,3.0,3,2,1,5,2,1.0,0.6,1
Qwen2.5-14B,150,John Alexander Boyd,18,8,1,1,0,1,1,6,2,4,2,0.16666666666666666,0.125,0.125,0.8124098124098124,3,1,3.0,3,1,1,3,1,0.0,1.0,1
Qwen2.5-14B,151,Hélé Béji,19,13,6,6,0,1,1,9,0,9,6,0.1111111111111111,0.46153846153846156,0.07692307692307693,0.8698240165631471,13,6,3.0,3,6,1,13,6,1.0,0.23076923076923078,1
Qwen2.5-14B,152,Perpetual virginity of Mary,19,6,0,0,0,0,0,12,10,2,0,0.0,0.0,0.0,0.9848484848484849,0,0,0.0,0,0,0,0,0,0.0,0.0,0
Qwen2.5-14B,153,Rachel Proctor,22,18,6,6,0,2,2,10,0,10,6,0.2,0.3333333333333333,0.1111111111111111,0.805318138651472,14,6,3.0,3,5,2,11,5,0.6666666666666666,0.21428571428571427,2
Qwen2.5-14B,154,Die Haut,16,12,4,4,0,1,1,5,0,5,4,0.2,0.3333333333333333,0.08333333333333333,0.7842712842712842,9,4,3.0,3,4,1,9,4,1.0,0.3333333333333333,1
Qwen2.5-14B,155,Mehmet Çetingöz,12,13,4,3,1,1,1,8,1,7,4,0.125,0.3076923076923077,0.07692307692307693,0.7196545284780579,9,4,3.0,3,4,1,9,4,1.0,0.3333333333333333,1
Qwen2.5-14B,156,Extreme Makeover: Home Edition,19,18,3,3,0,1,1,14,0,14,3,0.07142857142857142,0.16666666666666666,0.05555555555555555,0.8668845315904138,7,3,3.0,3,3,1,7,3,1.0,0.42857142857142855,1
Qwen2.5-14B,157,George Prévost,13,5,1,1,0,1,1,3,0,3,1,0.3333333333333333,0.2,0.2,0.9666666666666667,3,1,3.0,3,1,1,3,1,0.0,1.0,1
Qwen2.5-14B,158,"Tire, İzmir",16,14,1,1,0,1,1,12,2,10,2,0.08333333333333333,0.07142857142857142,0.07142857142857142,0.9201724137931034,3,1,3.0,3,1,1,3,1,0.0,1.0,1
Qwen2.5-14B,159,Oecophora bractella,11,10,1,1,0,1,1,7,0,7,1,0.14285714285714285,0.1,0.1,0.6514619883040935,3,1,3.0,3,1,1,3,1,0.0,1.0,1
Qwen2.5-14B,160,U.S. European Command State Partnership Program,16,11,0,0,0,0,0,13,5,8,0,0.0,0.0,0.0,0.9547619047619048,0,0,0.0,0,0,0,0,0,0.0,0.0,0
Qwen2.5-14B,161,The Swingle Singers,10,8,3,3,0,1,1,5,0,5,3,0.2,0.375,0.125,0.9555072463768116,7,3,3.0,3,3,1,7,3,1.0,0.42857142857142855,1
Qwen2.5-14B,162,Pete Ham,13,9,0,0,0,0,0,2,0,2,0,0.0,0.0,0.0,0.6017501017501017,0,0,0.0,0,0,0,0,0,0.0,0.0,0
Qwen2.5-14B,163,Beijing Ducks,13,4,0,0,0,0,0,2,0,2,0,0.0,0.0,0.0,0.8869047619047619,0,0,0.0,0,0,0,0,0,0.0,0.0,0
Qwen2.5-14B,164,Hope Town,7,6,2,2,0,1,1,5,0,5,2,0.2,0.3333333333333333,0.16666666666666666,0.8679653679653679,5,2,3.0,3,2,1,5,2,1.0,0.6,1
Qwen2.5-14B,165,Calueque,10,9,0,0,0,0,0,3,1,2,0,0.0,0.0,0.0,0.85650623885918,0,0,0.0,0,0,0,0,0,0.0,0.0,0
Qwen2.5-14B,166,Ali Akbar Moradi,26,24,4,4,0,1,1,20,1,19,4,0.05,0.16666666666666666,0.041666666666666664,0.8869895536562203,9,4,3.0,3,4,1,9,4,1.0,0.3333333333333333,1
Qwen2.5-14B,167,Dan Chupong,19,17,7,7,0,1,1,20,5,15,12,0.05,0.4117647058823529,0.058823529411764705,0.7952380952380952,15,7,3.0,3,7,1,15,7,1.0,0.2,1
Qwen2.5-14B,168,Mount Shinn,22,10,0,0,0,0,0,9,1,8,0,0.0,0.0,0.0,0.8933960292580982,0,0,0.0,0,0,0,0,0,0.0,0.0,0
Qwen2.5-14B,169,Georg Jochmann,3,11,0,0,0,0,0,9,0,9,0,0.0,0.0,0.0,0.9058641975308642,0,0,0.0,0,0,0,0,0,0.0,0.0,0
Qwen2.5-14B,170,Abdul Jabar Sabet,14,14,8,7,1,2,2,12,1,11,7,0.16666666666666666,0.5714285714285714,0.14285714285714285,0.9435431235431236,15,7,3.0,3,6,1,15,7,0.7619047619047619,0.2,2
Qwen2.5-14B,171,Joseph Octave Mousseau,20,9,3,3,0,1,1,9,1,8,3,0.1111111111111111,0.3333333333333333,0.1111111111111111,0.7702020202020202,7,3,3.0,3,3,1,7,3,1.0,0.42857142857142855,1
Qwen2.5-14B,172,Christian Atsu,14,2,0,0,0,0,0,0,0,0,0,,0.0,0.0,0.8911064425770308,0,0,0.0,0,0,0,0,0,0.0,0.0,0
Qwen2.5-14B,173,Kahului Airport,21,9,0,0,0,0,0,5,0,5,0,0.0,0.0,0.0,0.9183280170122275,0,0,0.0,0,0,0,0,0,0.0,0.0,0
Qwen2.5-14B,174,Greatest Hits (A-Teens album),28,20,2,2,0,1,1,14,0,14,2,0.07142857142857142,0.1,0.05,0.9561858076563959,5,2,3.0,3,2,1,5,2,1.0,0.6,1
Qwen2.5-14B,175,Torrejonian,15,9,1,1,0,1,1,13,9,4,2,0.07692307692307693,0.1111111111111111,0.1111111111111111,1.0,3,1,3.0,3,1,1,3,1,0.0,1.0,1
Qwen2.5-14B,177,Metropolitan statistical area,10,9,0,0,0,0,0,8,0,8,0,0.0,0.0,0.0,0.7999999999999999,0,0,0.0,0,0,0,0,0,0.0,0.0,0
Qwen2.5-14B,178,Sarah Gibb,2,4,0,0,0,0,0,3,1,2,0,0.0,0.0,0.0,0.8771043771043772,0,0,0.0,0,0,0,0,0,0.0,0.0,0
Qwen2.5-14B,179,List of songs recorded by Rage Against the Machine,26,26,4,0,4,1,0,6,0,6,4,0.0,0.15384615384615385,0.038461538461538464,0.7404954184402804,9,4,3.0,3,4,1,9,4,1.0,0.3333333333333333,1
Qwen2.5-14B,180,National Turkey Federation,11,7,0,0,0,0,0,5,0,5,0,0.0,0.0,0.0,0.8772893772893773,0,0,0.0,0,0,0,0,0,0.0,0.0,0
Qwen2.5-14B,181,Mike Padden,18,15,4,4,0,1,1,10,1,9,4,0.1,0.26666666666666666,0.06666666666666667,0.88,9,4,3.0,3,4,1,9,4,1.0,0.3333333333333333,1
Qwen2.5-14B,182,Puskás,20,17,1,1,0,1,1,12,5,7,1,0.08333333333333333,0.058823529411764705,0.058823529411764705,0.6909937888198758,3,1,3.0,3,1,1,3,1,0.0,1.0,1
Qwen2.5-14B,183,Zevs (artist),16,19,1,1,0,1,1,8,1,7,2,0.125,0.05263157894736842,0.05263157894736842,0.7889066951566952,3,1,3.0,3,1,1,3,1,0.0,1.0,1
Qwen2.5-14B,184,Camp Caves,20,24,1,1,0,1,1,18,1,17,1,0.05555555555555555,0.041666666666666664,0.041666666666666664,0.7964519140989729,3,1,3.0,3,1,1,3,1,0.0,1.0,1
Qwen2.5-14B,185,Independent Democratic Action,9,12,1,1,0,1,1,11,2,9,1,0.09090909090909091,0.08333333333333333,0.08333333333333333,0.9163636363636364,3,1,3.0,3,1,1,3,1,0.0,1.0,1
Qwen2.5-14B,186,I Knew You Were Trouble,15,14,2,2,0,1,1,10,0,10,2,0.1,0.14285714285714285,0.07142857142857142,0.6759370015948963,5,2,3.0,3,2,1,5,2,1.0,0.6,1
Qwen2.5-14B,187,Great South Australian Coastal Upwelling System,18,15,1,0,1,1,0,6,1,5,0,0.0,0.06666666666666667,0.06666666666666667,0.9043478260869566,3,1,3.0,3,1,1,3,1,0.0,1.0,1
Qwen2.5-14B,188,X-Men Legends II: Rise of Apocalypse,17,12,7,7,0,1,1,14,3,11,7,0.07142857142857142,0.5833333333333334,0.08333333333333333,0.9168253968253968,15,7,3.0,3,7,1,15,7,1.0,0.2,1
Qwen2.5-14B,189,Çağlar Söyüncü,13,8,0,0,0,0,0,2,1,1,0,0.0,0.0,0.0,0.9303451178451178,0,0,0.0,0,0,0,0,0,0.0,0.0,0
Qwen2.5-14B,190,Chachalaca,2,8,0,0,0,0,0,5,0,5,0,0.0,0.0,0.0,0.5671696724328303,0,0,0.0,0,0,0,0,0,0.0,0.0,0
Qwen2.5-14B,191,William James Wallace,14,10,4,4,0,1,1,9,1,8,4,0.1111111111111111,0.4,0.1,0.77109440267335,9,4,3.0,3,4,1,9,4,1.0,0.3333333333333333,1
Qwen2.5-14B,192,Horst Eidenmüller,18,24,1,1,0,1,1,8,0,8,1,0.125,0.041666666666666664,0.041666666666666664,0.7179028681782419,3,1,3.0,3,1,1,3,1,0.0,1.0,1
Qwen2.5-14B,193,Goght,16,15,0,0,0,0,0,5,0,5,0,0.0,0.0,0.0,0.818796992481203,0,0,0.0,0,0,0,0,0,0.0,0.0,0
Qwen2.5-14B,194,Riksakten,18,14,1,0,1,1,0,12,1,11,0,0.0,0.07142857142857142,0.07142857142857142,0.9079365079365079,3,1,3.0,3,1,1,3,1,0.0,1.0,1
Qwen2.5-14B,195,Astana International Financial Centre,16,12,2,2,0,1,1,9,0,9,1,0.1111111111111111,0.16666666666666666,0.08333333333333333,0.960341054543953,3,1,3.0,3,1,1,3,1,0.0,1.0,1
Qwen2.5-14B,196,Amos Hochstein,15,16,7,6,1,1,1,7,0,7,6,0.14285714285714285,0.4375,0.0625,0.850505419559128,15,7,3.0,3,7,1,15,7,1.0,0.2,1
Qwen2.5-14B,197,Gregorio Pacheco,13,9,3,2,1,1,1,5,0,5,2,0.2,0.3333333333333333,0.1111111111111111,0.9019607843137255,7,3,3.0,3,3,1,7,3,1.0,0.42857142857142855,1
Qwen2.5-14B,198,Pete Murray,18,11,1,1,0,1,1,7,1,6,2,0.14285714285714285,0.09090909090909091,0.09090909090909091,0.8591269841269842,3,1,3.0,3,1,1,3,1,0.0,1.0,1
Qwen2.5-14B,199,Malpai Borderlands,13,12,2,2,0,2,2,11,1,10,2,0.18181818181818182,0.16666666666666666,0.16666666666666666,0.8000000000000002,6,2,3.0,3,1,2,3,1,0.0,0.5,2
Qwen2.5-14B,200,Lost Verizon,15,10,5,4,1,2,1,6,0,6,4,0.16666666666666666,0.5,0.2,0.8939946018893387,12,5,3.0,3,4,2,9,4,0.6,0.25,2
Qwen2.5-14B,201,Leandro Mbomio Nsue,19,19,10,10,0,3,3,16,1,15,10,0.1875,0.5263157894736842,0.15789473684210525,0.8376068376068376,23,10,3.0,3,6,3,13,6,0.37777777777777777,0.13043478260869565,3
Qwen2.5-14B,202,LEC billing,8,8,0,0,0,0,0,5,1,4,0,0.0,0.0,0.0,1.0,0,0,0.0,0,0,0,0,0,0.0,0.0,0
Qwen2.5-14B,203,Joe Gates,11,13,8,8,0,2,2,10,1,9,9,0.2,0.6153846153846154,0.15384615384615385,0.9353979353979355,16,8,3.0,3,7,1,16,8,0.8214285714285714,0.1875,2
Qwen2.5-14B,204,Lunula (amulet),12,10,2,2,0,1,1,5,0,5,2,0.2,0.2,0.1,0.9411764705882352,4,2,2.5,3,2,1,4,2,1.0,0.625,1
Qwen2.5-14B,205,Schiedea haleakalensis,8,6,0,0,0,0,0,4,1,3,0,0.0,0.0,0.0,0.9002525252525252,0,0,0.0,0,0,0,0,0,0.0,0.0,0
Qwen2.5-14B,206,Jeanne Thérèse du Han,17,12,1,1,0,1,1,8,0,8,1,0.125,0.08333333333333333,0.08333333333333333,0.78766835016835,3,1,3.0,3,1,1,3,1,0.0,1.0,1
Qwen2.5-14B,207,Kokumin Dōmei,23,13,6,6,0,5,5,17,4,13,9,0.29411764705882354,0.46153846153846156,0.38461538461538464,0.9620132953466287,17,6,3.0,3,2,5,5,2,0.06666666666666667,0.17647058823529413,5
Qwen2.5-14B,208,Vanya Mishra,12,13,1,1,0,1,1,10,0,10,1,0.1,0.07692307692307693,0.07692307692307693,0.7655122655122656,3,1,3.0,3,1,1,3,1,0.0,1.0,1
Qwen2.5-14B,209,Kitigan Zibi,12,22,0,0,0,0,0,9,2,7,0,0.0,0.0,0.0,0.7313750532141338,0,0,0.0,0,0,0,0,0,0.0,0.0,0
Qwen2.5-14B,210,CKNL-FM,17,15,0,0,0,0,0,21,8,13,0,0.0,0.0,0.0,0.7552700922266139,0,0,0.0,0,0,0,0,0,0.0,0.0,0
Qwen2.5-14B,211,William Hepburn Armstrong,24,17,9,9,0,1,1,12,2,10,6,0.08333333333333333,0.5294117647058824,0.058823529411764705,0.817738791423002,13,6,3.0,3,6,1,13,6,1.0,0.23076923076923078,1
Qwen2.5-14B,212,Joseph Israel,16,25,6,6,0,1,1,20,0,20,6,0.05,0.24,0.04,0.8714985994397759,13,6,3.0,3,6,1,13,6,1.0,0.23076923076923078,1
Qwen2.5-14B,213,Ellerbusch Site,4,3,0,0,0,0,0,1,0,1,0,0.0,0.0,0.0,1.0,0,0,0.0,0,0,0,0,0,0.0,0.0,0
Qwen2.5-14B,214,Brother Man,11,9,0,0,0,0,0,9,3,6,0,0.0,0.0,0.0,0.8851851851851852,0,0,0.0,0,0,0,0,0,0.0,0.0,0
Qwen2.5-14B,215,Big Muddy Creek (Missouri River tributary),18,19,0,0,0,0,0,17,0,17,0,0.0,0.0,0.0,0.830296756383713,0,0,0.0,0,0,0,0,0,0.0,0.0,0
Qwen2.5-14B,216,Clear and Present Danger (film),15,20,8,8,0,3,3,15,0,15,8,0.2,0.4,0.15,0.8944642857142857,15,8,3.0,3,6,1,15,8,0.6785714285714286,0.2,3
Qwen2.5-14B,217,Osmund Ueland,10,5,0,0,0,0,0,3,0,3,0,0.0,0.0,0.0,0.8174603174603176,0,0,0.0,0,0,0,0,0,0.0,0.0,0
Qwen2.5-14B,218,Alecu Russo,15,12,1,1,0,1,1,8,1,7,2,0.125,0.08333333333333333,0.08333333333333333,0.45488721804511273,3,1,3.0,3,1,1,3,1,0.0,1.0,1
Qwen2.5-14B,219,Ramapo High School (New Jersey),16,7,0,0,0,0,0,9,4,5,0,0.0,0.0,0.0,0.7901793195910841,0,0,0.0,0,0,0,0,0,0.0,0.0,0
Qwen2.5-14B,220,Tulelake camp,21,14,0,0,0,0,0,13,7,6,0,0.0,0.0,0.0,0.878968253968254,0,0,0.0,0,0,0,0,0,0.0,0.0,0
Qwen2.5-14B,221,Tomasz Bohdanowicz-Dworzecki,18,18,7,7,0,1,1,12,1,11,7,0.08333333333333333,0.3888888888888889,0.05555555555555555,0.8126984126984128,15,7,3.0,3,7,1,15,7,1.0,0.2,1
Qwen2.5-14B,222,"Financial District, Manhattan",16,10,1,1,0,1,1,11,2,9,1,0.09090909090909091,0.1,0.1,0.9721739130434782,3,1,3.0,3,1,1,3,1,0.0,1.0,1
Qwen2.5-14B,223,King Louie,12,8,2,1,1,2,1,8,2,6,1,0.125,0.25,0.25,0.8996114996114996,6,2,3.0,3,1,2,3,1,0.0,0.5,2
Qwen2.5-14B,224,John Henry Dearle,13,9,0,0,0,0,0,5,2,3,0,0.0,0.0,0.0,0.7694805194805195,0,0,0.0,0,0,0,0,0,0.0,0.0,0
Qwen2.5-14B,225,Patrick Stettner,14,7,4,4,0,3,3,8,2,6,6,0.375,0.5714285714285714,0.42857142857142855,0.8997354497354498,11,4,3.0,3,2,3,5,2,0.16666666666666666,0.2727272727272727,3
Qwen2.5-14B,226,Arjuna,20,9,2,2,0,1,1,10,1,9,2,0.1,0.2222222222222222,0.1111111111111111,0.8674242424242425,5,2,3.0,3,2,1,5,2,1.0,0.6,1
Qwen2.5-14B,227,The Two Mrs. Nahasapeemapetilons,13,13,6,6,0,1,1,12,1,11,6,0.08333333333333333,0.46153846153846156,0.07692307692307693,0.9251304251304252,13,6,3.0,3,6,1,13,6,1.0,0.23076923076923078,1
Qwen2.5-14B,228,Daniel Ajayi-Adeniran,3,6,0,0,0,0,0,4,0,4,0,0.0,0.0,0.0,0.8616161616161616,0,0,0.0,0,0,0,0,0,0.0,0.0,0
Qwen2.5-14B,229,Ocean Waves (film),17,2,0,0,0,0,0,1,0,1,0,0.0,0.0,0.0,0.9791666666666666,0,0,0.0,0,0,0,0,0,0.0,0.0,0
Qwen2.5-14B,230,Mavis Grind,10,8,0,0,0,0,0,6,0,6,0,0.0,0.0,0.0,0.933249791144528,0,0,0.0,0,0,0,0,0,0.0,0.0,0
Qwen2.5-14B,231,Ages of consent in Oceania,12,11,0,0,0,0,0,11,1,10,0,0.0,0.0,0.0,1.0,0,0,0.0,0,0,0,0,0,0.0,0.0,0
Qwen2.5-14B,232,Trane's Blues,24,12,4,4,0,2,2,8,2,6,5,0.25,0.3333333333333333,0.16666666666666666,0.8578923208079218,10,4,3.0,3,3,2,7,3,0.5,0.3,2
Qwen2.5-14B,233,Hooshang Seyhoun,17,19,3,3,0,1,1,17,2,15,3,0.058823529411764705,0.15789473684210525,0.05263157894736842,0.8393468737554759,7,3,3.0,3,3,1,7,3,1.0,0.42857142857142855,1
Qwen2.5-14B,234,Thirteens (album),17,17,6,6,0,2,2,15,1,14,7,0.13333333333333333,0.35294117647058826,0.11764705882352941,0.7930014430014429,12,6,3.0,3,5,1,12,6,0.8,0.25,2
Qwen2.5-14B,235,Babyfingers,12,11,6,6,0,2,2,11,1,10,7,0.18181818181818182,0.5454545454545454,0.18181818181818182,0.9087962962962962,13,6,3.0,3,5,1,13,6,0.7333333333333333,0.23076923076923078,2
Qwen2.5-14B,236,"Brigden, Ontario",20,17,0,0,0,0,0,11,2,9,0,0.0,0.0,0.0,0.672979797979798,0,0,0.0,0,0,0,0,0,0.0,0.0,0
Qwen2.5-14B,237,Carl Dix,11,9,4,4,0,2,2,7,1,6,5,0.2857142857142857,0.4444444444444444,0.2222222222222222,0.7257187257187256,9,4,3.0,3,3,1,9,4,0.6666666666666666,0.3333333333333333,2
Qwen2.5-14B,238,US Airways Group,9,7,4,4,0,2,2,6,0,6,4,0.3333333333333333,0.5714285714285714,0.2857142857142857,0.9679633867276888,10,4,3.0,3,3,2,7,3,0.5,0.3,2
Qwen2.5-14B,239,Jerry Steiner,20,19,9,9,0,1,1,15,1,14,9,0.06666666666666667,0.47368421052631576,0.05263157894736842,0.7868958997991257,19,9,3.0,3,9,1,19,9,1.0,0.15789473684210525,1
Qwen2.5-14B,240,Joan Burton,14,14,3,3,0,1,1,9,1,8,3,0.1111111111111111,0.21428571428571427,0.07142857142857142,0.9704545454545456,7,3,3.0,3,3,1,7,3,1.0,0.42857142857142855,1
Qwen2.5-14B,241,How to Save a Life (Grey's Anatomy),20,17,2,2,0,2,2,18,3,15,3,0.1111111111111111,0.11764705882352941,0.11764705882352941,0.9146969696969697,6,2,3.0,3,1,2,3,1,0.0,0.5,2
Qwen2.5-14B,242,Lappeenranta,2,8,0,0,0,0,0,7,0,7,0,0.0,0.0,0.0,0.8156565656565656,0,0,0.0,0,0,0,0,0,0.0,0.0,0
Qwen2.5-14B,243,James P. Maher,27,9,1,1,0,1,1,11,4,7,1,0.09090909090909091,0.1111111111111111,0.1111111111111111,0.8568471035137701,3,1,3.0,3,1,1,3,1,0.0,1.0,1
Qwen2.5-14B,244,"Statue of Jan Smuts, Parliament Square",22,14,2,2,0,2,2,8,1,7,2,0.25,0.14285714285714285,0.14285714285714285,0.7842613780828884,6,2,3.0,3,1,2,3,1,0.0,0.5,2
Qwen2.5-14B,245,Panama during World War II,10,7,3,3,0,1,1,9,3,6,5,0.1111111111111111,0.42857142857142855,0.14285714285714285,0.8333333333333334,7,3,3.0,3,3,1,7,3,1.0,0.42857142857142855,1
Qwen2.5-14B,246,Arthur Percival,12,13,3,3,0,1,1,9,2,7,3,0.1111111111111111,0.23076923076923078,0.07692307692307693,0.9,7,3,3.0,3,3,1,7,3,1.0,0.42857142857142855,1
Qwen2.5-14B,247,Holden New Zealand,18,13,1,1,0,1,1,23,11,12,1,0.043478260869565216,0.07692307692307693,0.07692307692307693,0.8960683760683761,3,1,3.0,3,1,1,3,1,0.0,1.0,1
Qwen2.5-14B,248,Piton des Neiges,21,19,1,1,0,1,1,13,3,10,2,0.07692307692307693,0.05263157894736842,0.05263157894736842,0.7693972693972695,3,1,3.0,3,1,1,3,1,0.0,1.0,1
Qwen2.5-14B,249,Irish experiment,15,14,1,1,0,1,1,13,2,11,2,0.07692307692307693,0.07142857142857142,0.07142857142857142,0.8592117758784426,3,1,3.0,3,1,1,3,1,0.0,1.0,1
Qwen2.5-14B,250,Bookbinder soup,10,8,2,2,0,1,1,4,0,4,2,0.25,0.25,0.125,0.7712121212121211,5,2,3.0,3,2,1,5,2,1.0,0.6,1
Qwen2.5-14B,251,"Durán, Ecuador",14,10,0,0,0,0,0,8,1,7,0,0.0,0.0,0.0,0.922689075630252,0,0,0.0,0,0,0,0,0,0.0,0.0,0
Qwen2.5-14B,252,Argentine heavy metal,17,19,5,5,0,3,3,18,1,17,5,0.16666666666666666,0.2631578947368421,0.15789473684210525,0.9710648148148149,12,5,3.0,3,2,2,9,4,0.3,0.25,3
Qwen2.5-14B,253,Guarenas Cathedral,20,24,0,0,0,0,0,17,2,15,0,0.0,0.0,0.0,0.8590921748816486,0,0,0.0,0,0,0,0,0,0.0,0.0,0
Qwen2.5-14B,254,"Foots Creek, Oregon",13,11,2,2,0,2,2,10,1,9,3,0.2,0.18181818181818182,0.18181818181818182,0.9235209235209235,6,2,3.0,3,1,2,3,1,0.0,0.5,2
Qwen2.5-14B,255,Committee against the Finnish White Terror,11,9,6,6,0,1,1,9,1,8,6,0.1111111111111111,0.6666666666666666,0.1111111111111111,0.9369747899159663,13,6,3.0,3,6,1,13,6,1.0,0.23076923076923078,1
Qwen2.5-14B,256,Bessang Pass Natural Monument,2,12,0,0,0,0,0,8,0,8,0,0.0,0.0,0.0,0.9466666666666667,0,0,0.0,0,0,0,0,0,0.0,0.0,0
Qwen2.5-14B,257,Panlongcheng,22,18,5,5,0,1,1,22,5,17,7,0.045454545454545456,0.2777777777777778,0.05555555555555555,0.8802681992337164,11,5,3.0,3,5,1,11,5,1.0,0.2727272727272727,1
Qwen2.5-14B,258,El Tren de los Momentos,17,14,5,5,0,1,1,12,0,12,5,0.08333333333333333,0.35714285714285715,0.07142857142857142,0.7729468599033816,11,5,3.0,3,5,1,11,5,1.0,0.2727272727272727,1
Qwen2.5-14B,259,Quokka,14,11,0,0,0,0,0,2,1,1,0,0.0,0.0,0.0,0.9511784511784511,0,0,0.0,0,0,0,0,0,0.0,0.0,0
Qwen2.5-14B,260,Google Springboard,9,10,5,5,0,1,1,10,0,10,5,0.1,0.5,0.1,0.7675070028011204,11,5,3.0,3,5,1,11,5,1.0,0.2727272727272727,1
Qwen2.5-14B,261,White Sea,14,14,0,0,0,0,0,13,0,13,0,0.0,0.0,0.0,0.8070175438596491,0,0,0.0,0,0,0,0,0,0.0,0.0,0
Qwen2.5-14B,262,Robert K. Huntington,16,13,4,4,0,1,1,12,2,10,4,0.08333333333333333,0.3076923076923077,0.07692307692307693,0.8620833333333334,9,4,3.0,3,4,1,9,4,1.0,0.3333333333333333,1
Qwen2.5-14B,263,Achilles Last Stand,13,11,5,5,0,1,1,9,1,8,5,0.1111111111111111,0.45454545454545453,0.09090909090909091,0.7935185185185185,11,5,3.0,3,5,1,11,5,1.0,0.2727272727272727,1
Qwen2.5-14B,264,Toyota Avalon,2,11,0,0,0,0,0,11,0,11,0,0.0,0.0,0.0,0.7415954415954417,0,0,0.0,0,0,0,0,0,0.0,0.0,0
Qwen2.5-14B,265,Truth in Music Advertising,11,7,1,1,0,1,1,3,0,3,1,0.3333333333333333,0.14285714285714285,0.14285714285714285,0.7264957264957266,3,1,3.0,3,1,1,3,1,0.0,1.0,1
Qwen2.5-14B,266,Cranford Agreement,24,18,4,4,0,4,4,8,0,8,4,0.5,0.2222222222222222,0.2222222222222222,0.9707287933094385,12,4,3.0,3,1,4,3,1,0.0,0.25,4
Qwen2.5-14B,267,"Cy Becker, Edmonton",14,8,1,1,0,1,1,6,1,5,2,0.16666666666666666,0.125,0.125,0.8307692307692308,3,1,3.0,3,1,1,3,1,0.0,1.0,1
Qwen2.5-14B,268,Ici Paris,18,13,1,1,0,1,1,12,2,10,2,0.08333333333333333,0.07692307692307693,0.07692307692307693,0.7776811594202898,3,1,3.0,3,1,1,3,1,0.0,1.0,1
Qwen2.5-14B,269,Luan Bo,18,13,0,0,0,0,0,6,1,5,0,0.0,0.0,0.0,0.7498412698412699,0,0,0.0,0,0,0,0,0,0.0,0.0,0
Qwen2.5-14B,270,Burseraceae,23,16,3,1,2,2,1,14,1,13,2,0.07142857142857142,0.1875,0.125,0.9286075036075037,8,3,3.0,3,2,2,5,2,0.3333333333333333,0.375,2
Qwen2.5-14B,271,National Executive Committee of the African National Congress,11,8,2,2,0,1,1,4,1,3,2,0.25,0.25,0.125,0.9487179487179488,5,2,3.0,3,2,1,5,2,1.0,0.6,1
Qwen2.5-14B,272,Economic history of Cambodia,13,12,6,6,0,1,1,11,2,9,8,0.09090909090909091,0.5,0.08333333333333333,0.9814814814814815,13,6,3.0,3,6,1,13,6,1.0,0.23076923076923078,1
Qwen2.5-14B,273,FLAMA,14,12,2,2,0,1,1,5,0,5,2,0.2,0.16666666666666666,0.08333333333333333,0.8614718614718614,5,2,3.0,3,2,1,5,2,1.0,0.6,1
Qwen2.5-14B,274,Guillermo Endara,21,17,3,3,0,1,1,9,0,9,3,0.1111111111111111,0.17647058823529413,0.058823529411764705,0.7626728110599078,7,3,3.0,3,3,1,7,3,1.0,0.42857142857142855,1
Qwen2.5-14B,275,Washington Place (West Virginia),14,14,0,0,0,0,0,13,1,12,0,0.0,0.0,0.0,0.9329501915708813,0,0,0.0,0,0,0,0,0,0.0,0.0,0
Qwen2.5-14B,276,Abbas Kiarostami,29,19,7,7,0,1,1,11,1,10,7,0.09090909090909091,0.3684210526315789,0.05263157894736842,0.8344281781781783,15,7,3.0,3,7,1,15,7,1.0,0.2,1
Qwen2.5-14B,277,Tomcats Screaming Outside,10,8,2,2,0,2,2,3,0,3,2,0.6666666666666666,0.25,0.25,0.7261904761904763,6,2,3.0,3,1,2,3,1,0.0,0.5,2
Qwen2.5-14B,278,Mark Harmsworth,16,7,0,0,0,0,0,6,1,5,0,0.0,0.0,0.0,0.8948412698412698,0,0,0.0,0,0,0,0,0,0.0,0.0,0
Qwen2.5-14B,279,Friends of Peter G.,19,17,7,7,0,1,1,16,1,15,7,0.0625,0.4117647058823529,0.058823529411764705,0.977920227920228,15,7,3.0,3,7,1,15,7,1.0,0.2,1
Qwen2.5-14B,280,Joyce Godenzi,13,14,4,4,0,2,2,10,0,10,4,0.2,0.2857142857142857,0.14285714285714285,0.8948101706722397,8,4,3.0,3,3,1,8,4,0.6666666666666666,0.375,2
Qwen2.5-14B,281,Pskhu,18,16,2,2,0,2,2,10,1,9,3,0.2,0.125,0.125,0.9305779569892474,6,2,3.0,3,1,2,3,1,0.0,0.5,2
Qwen2.5-14B,282,Cassin's finch,13,11,3,3,0,2,2,11,0,11,3,0.18181818181818182,0.2727272727272727,0.18181818181818182,0.9046176046176045,7,3,3.0,3,2,1,7,3,0.6666666666666666,0.42857142857142855,2
Qwen2.5-14B,283,Christie Elliott,11,6,1,1,0,1,1,7,2,5,1,0.14285714285714285,0.16666666666666666,0.16666666666666666,0.727124183006536,3,1,3.0,3,1,1,3,1,0.0,1.0,1
Qwen2.5-14B,284,Bajofondo,10,8,0,0,0,0,0,7,0,7,0,0.0,0.0,0.0,0.8841269841269842,0,0,0.0,0,0,0,0,0,0.0,0.0,0
Qwen2.5-14B,285,Mendenhall Glacier,11,9,0,0,0,0,0,8,2,6,0,0.0,0.0,0.0,0.7564102564102564,0,0,0.0,0,0,0,0,0,0.0,0.0,0
Qwen2.5-14B,286,Battle of Chiari,18,16,0,0,0,0,0,12,3,9,0,0.0,0.0,0.0,1.0,0,0,0.0,0,0,0,0,0,0.0,0.0,0
Qwen2.5-14B,287,Washington v. Texas,15,12,0,0,0,0,0,12,3,9,0,0.0,0.0,0.0,0.8539562289562289,0,0,0.0,0,0,0,0,0,0.0,0.0,0
Qwen2.5-14B,288,Raunaq (album),10,13,8,8,0,2,2,12,0,12,8,0.16666666666666666,0.6153846153846154,0.15384615384615385,0.9057239057239057,15,8,3.0,3,7,1,15,8,0.7857142857142857,0.2,2
Qwen2.5-14B,289,Carl Buchheister,14,12,1,1,0,1,1,9,1,8,2,0.1111111111111111,0.08333333333333333,0.08333333333333333,0.688235294117647,3,1,3.0,3,1,1,3,1,0.0,1.0,1
Qwen2.5-14B,290,Roald,13,18,1,1,0,1,1,12,0,12,1,0.08333333333333333,0.05555555555555555,0.05555555555555555,0.8194444444444443,3,1,3.0,3,1,1,3,1,0.0,1.0,1
Qwen2.5-14B,291,"They Shoot Horses, Don't They? (film)",25,10,0,0,0,0,0,0,0,0,0,,0.0,0.0,0.5868620268620269,0,0,0.0,0,0,0,0,0,0.0,0.0,0
Qwen2.5-14B,292,Bonnie Blair,17,19,3,3,0,1,1,15,4,11,6,0.06666666666666667,0.15789473684210525,0.05263157894736842,0.8911435786435787,7,3,3.0,3,3,1,7,3,1.0,0.42857142857142855,1
Qwen2.5-14B,293,Signaling of the New York City Subway,2,2,0,0,0,0,0,1,0,1,0,0.0,0.0,0.0,0.8359359938307307,0,0,0.0,0,0,0,0,0,0.0,0.0,0
Qwen2.5-14B,294,"Symphony Hall, Boston",13,4,1,1,0,1,1,4,1,3,1,0.25,0.25,0.25,0.880952380952381,3,1,3.0,3,1,1,3,1,0.0,1.0,1
Qwen2.5-14B,296,Pleistocene coyote,19,17,2,2,0,1,1,9,1,8,2,0.1111111111111111,0.11764705882352941,0.058823529411764705,1.0,5,2,3.0,3,2,1,5,2,1.0,0.6,1
Qwen2.5-14B,297,Skylake (microarchitecture),2,12,1,1,0,1,1,11,0,11,1,0.09090909090909091,0.08333333333333333,0.08333333333333333,0.8142414860681114,3,1,3.0,3,1,1,3,1,0.0,1.0,1
Qwen2.5-14B,298,Lewis of Luxembourg,19,15,4,2,2,1,1,9,2,7,3,0.1111111111111111,0.26666666666666666,0.06666666666666667,0.8288025299519552,9,4,3.0,3,4,1,9,4,1.0,0.3333333333333333,1
Qwen2.5-14B,299,Ronald Leonard,20,15,1,1,0,1,1,15,1,14,1,0.06666666666666667,0.06666666666666667,0.06666666666666667,0.6937452326468344,3,1,3.0,3,1,1,3,1,0.0,1.0,1
Qwen2.5-32B,0,Willi Schneider (skeleton racer),24,18,7,7,0,2,2,12,1,11,7,0.16666666666666666,0.3888888888888889,0.1111111111111111,0.6816743471582182,16,7,3.0,3,6,2,13,6,0.7142857142857143,0.1875,2
Qwen2.5-32B,1,Ross Alger,16,17,1,1,0,1,1,12,1,11,1,0.08333333333333333,0.058823529411764705,0.058823529411764705,0.9112787356321839,3,1,3.0,3,1,1,3,1,0.0,1.0,1
Qwen2.5-32B,2,Mess of Blues (Jeff Healey album),14,10,2,2,0,1,1,9,3,6,2,0.1111111111111111,0.2,0.1,0.7747319688109161,5,2,3.0,3,2,1,5,2,1.0,0.6,1
Qwen2.5-32B,3,Ramey Idriss,16,16,3,3,0,1,1,6,0,6,3,0.16666666666666666,0.1875,0.0625,0.656280193236715,6,3,3.0,3,3,1,6,3,1.0,0.5,1
Qwen2.5-32B,4,ELAM (Latin American School of Medicine) Cuba,19,11,0,0,0,0,0,7,0,7,0,0.0,0.0,0.0,0.949667616334283,0,0,0.0,0,0,0,0,0,0.0,0.0,0
Qwen2.5-32B,5,Song of Freedom,13,9,1,1,0,1,1,4,1,3,1,0.25,0.1111111111111111,0.1111111111111111,0.8554639804639805,3,1,3.0,3,1,1,3,1,0.0,1.0,1
Qwen2.5-32B,6,Soccer Academy,9,4,0,0,0,0,0,3,0,3,0,0.0,0.0,0.0,0.9523809523809524,0,0,0.0,0,0,0,0,0,0.0,0.0,0
Qwen2.5-32B,7,ROKETSAN,17,11,3,3,0,1,1,9,0,9,3,0.1111111111111111,0.2727272727272727,0.09090909090909091,0.7642246642246642,7,3,3.0,3,3,1,7,3,1.0,0.42857142857142855,1
Qwen2.5-32B,8,The Sacramento Bee,17,18,0,0,0,0,0,15,3,12,0,0.0,0.0,0.0,0.9008978675645342,0,0,0.0,0,0,0,0,0,0.0,0.0,0
Qwen2.5-32B,9,Cambodia–Vietnam Friendship Monument,10,11,0,0,0,0,0,6,0,6,0,0.0,0.0,0.0,0.8041666666666667,0,0,0.0,0,0,0,0,0,0.0,0.0,0
Qwen2.5-32B,10,Paul Desmarais Jr.,23,23,9,9,0,2,2,18,2,16,9,0.1111111111111111,0.391304347826087,0.08695652173913043,0.7404127305443096,20,9,3.0,3,8,2,17,8,0.7777777777777778,0.15,2
Qwen2.5-32B,11,Mola di Bari,9,8,0,0,0,0,0,5,0,5,0,0.0,0.0,0.0,0.42948717948717946,0,0,0.0,0,0,0,0,0,0.0,0.0,0
Qwen2.5-32B,12,"Westmere, New York",10,7,0,0,0,0,0,5,2,3,0,0.0,0.0,0.0,0.7356711915535445,0,0,0.0,0,0,0,0,0,0.0,0.0,0
Qwen2.5-32B,13,Edward Rowan Finnegan,26,21,5,5,0,2,2,17,2,15,5,0.11764705882352941,0.23809523809523808,0.09523809523809523,0.8985088985088986,12,5,3.0,3,4,2,9,4,0.6,0.25,2
Qwen2.5-32B,14,Foix (river),11,8,0,0,0,0,0,5,2,3,0,0.0,0.0,0.0,0.9108734402852049,0,0,0.0,0,0,0,0,0,0.0,0.0,0
Qwen2.5-32B,15,Eivind Bolle,25,15,3,3,0,1,1,9,1,8,3,0.1111111111111111,0.2,0.06666666666666667,0.7440476190476191,7,3,3.0,3,3,1,7,3,1.0,0.42857142857142855,1
Qwen2.5-32B,16,Henrik Angell,24,21,4,4,0,1,1,14,1,13,4,0.07142857142857142,0.19047619047619047,0.047619047619047616,0.7088052612349287,9,4,3.0,3,4,1,9,4,1.0,0.3333333333333333,1
Qwen2.5-32B,17,Carey Business School,12,7,2,2,0,2,2,4,1,3,2,0.5,0.2857142857142857,0.2857142857142857,0.8965811965811966,6,2,3.0,3,1,2,3,1,0.0,0.5,2
Qwen2.5-32B,18,Lehmann Bernheimer,18,11,0,0,0,0,0,7,4,3,0,0.0,0.0,0.0,0.832936507936508,0,0,0.0,0,0,0,0,0,0.0,0.0,0
Qwen2.5-32B,19,Railroad Revival Tour,21,15,1,0,1,1,0,16,3,13,0,0.0,0.06666666666666667,0.06666666666666667,0.8382650029708852,3,1,3.0,3,1,1,3,1,0.0,1.0,1
Qwen2.5-32B,20,Australia–Chile Free Trade Agreement,11,9,1,1,0,1,1,6,0,6,1,0.16666666666666666,0.1111111111111111,0.1111111111111111,0.8907019704433498,3,1,3.0,3,1,1,3,1,0.0,1.0,1
Qwen2.5-32B,21,South Gondar Zone,17,15,0,0,0,0,0,13,0,13,0,0.0,0.0,0.0,0.8680555555555557,0,0,0.0,0,0,0,0,0,0.0,0.0,0
Qwen2.5-32B,22,Morogoro Region,16,10,0,0,0,0,0,2,0,2,0,0.0,0.0,0.0,0.9127169127169127,0,0,0.0,0,0,0,0,0,0.0,0.0,0
Qwen2.5-32B,23,Manon Balletti,12,14,1,0,1,1,0,12,0,12,0,0.0,0.07142857142857142,0.07142857142857142,0.8765061913487701,3,1,3.0,3,1,1,3,1,0.0,1.0,1
Qwen2.5-32B,24,Pittsburgh Catholic,10,12,1,1,0,1,1,4,2,2,1,0.25,0.08333333333333333,0.08333333333333333,0.8701410388716891,3,1,3.0,3,1,1,3,1,0.0,1.0,1
Qwen2.5-32B,25,Toufique Imrose Khalidi,11,7,1,1,0,1,1,2,0,2,1,0.5,0.14285714285714285,0.14285714285714285,0.5518518518518518,3,1,3.0,3,1,1,3,1,0.0,1.0,1
Qwen2.5-32B,26,Mark McNamara,19,13,1,1,0,1,1,12,2,10,1,0.08333333333333333,0.07692307692307693,0.07692307692307693,0.5226608187134504,3,1,3.0,3,1,1,3,1,0.0,1.0,1
Qwen2.5-32B,27,Nexus Q,18,15,1,1,0,1,1,16,1,15,1,0.0625,0.06666666666666667,0.06666666666666667,0.8516746411483253,3,1,3.0,3,1,1,3,1,0.0,1.0,1
Qwen2.5-32B,28,Cranks and Shadows,10,9,3,1,2,1,1,6,0,6,1,0.16666666666666666,0.3333333333333333,0.1111111111111111,0.7185592185592186,7,3,3.0,3,3,1,7,3,1.0,0.42857142857142855,1
Qwen2.5-32B,29,The Christian Manifesto,10,10,4,4,0,1,1,10,2,8,4,0.1,0.4,0.1,0.9880952380952381,9,4,3.0,3,4,1,9,4,1.0,0.3333333333333333,1
Qwen2.5-32B,30,Joseph in Islam,18,9,3,3,0,1,1,15,6,9,5,0.06666666666666667,0.3333333333333333,0.1111111111111111,0.9321739130434783,7,3,3.0,3,3,1,7,3,1.0,0.42857142857142855,1
Qwen2.5-32B,31,List of Prime Ministers of Thailand,14,11,3,3,0,2,2,13,3,10,4,0.15384615384615385,0.2727272727272727,0.18181818181818182,0.9352069716775601,8,3,3.0,3,2,2,5,2,0.3333333333333333,0.375,2
Qwen2.5-32B,32,Rogaland County Municipality,19,15,0,0,0,0,0,8,2,6,0,0.0,0.0,0.0,0.7977307642475058,0,0,0.0,0,0,0,0,0,0.0,0.0,0
Qwen2.5-32B,33,Kyoto Imperial Palace,14,11,0,0,0,0,0,7,2,5,0,0.0,0.0,0.0,0.9194847020933977,0,0,0.0,0,0,0,0,0,0.0,0.0,0
Qwen2.5-32B,34,The Yorkshire Post,18,10,0,0,0,0,0,9,0,9,0,0.0,0.0,0.0,0.5074074074074074,0,0,0.0,0,0,0,0,0,0.0,0.0,0
Qwen2.5-32B,35,Won-yong,13,11,1,1,0,1,1,5,2,3,3,0.2,0.09090909090909091,0.09090909090909091,0.43567251461988304,3,1,3.0,3,1,1,3,1,0.0,1.0,1
Qwen2.5-32B,36,Ramada (shelter),5,8,0,0,0,0,0,2,0,2,0,0.0,0.0,0.0,0.8225957049486462,0,0,0.0,0,0,0,0,0,0.0,0.0,0
Qwen2.5-32B,37,Björn von der Esch,22,15,6,6,0,1,1,11,0,11,6,0.09090909090909091,0.4,0.06666666666666667,0.8777173913043478,13,6,3.0,3,6,1,13,6,1.0,0.23076923076923078,1
Qwen2.5-32B,38,Fyllingen Fotball,15,17,4,4,0,1,1,11,0,11,4,0.09090909090909091,0.23529411764705882,0.058823529411764705,0.8854380110454111,9,4,3.0,3,4,1,9,4,1.0,0.3333333333333333,1
Qwen2.5-32B,39,Martin Ulrich,15,11,1,1,0,1,1,3,1,2,1,0.3333333333333333,0.09090909090909091,0.09090909090909091,0.7269507101086048,3,1,3.0,3,1,1,3,1,0.0,1.0,1
Qwen2.5-32B,40,Two Doors Down,11,10,6,6,0,2,2,8,0,8,6,0.25,0.6,0.2,0.7669590643274854,12,6,3.0,3,5,1,12,6,0.8,0.25,2
Qwen2.5-32B,41,Think Bike,15,10,1,1,0,1,1,4,0,4,1,0.25,0.1,0.1,0.9649122807017544,3,1,3.0,3,1,1,3,1,0.0,1.0,1
Qwen2.5-32B,42,United States Naval Forces Germany,17,11,0,0,0,0,0,9,0,9,0,0.0,0.0,0.0,0.8758751393534002,0,0,0.0,0,0,0,0,0,0.0,0.0,0
Qwen2.5-32B,43,Cry for Help,17,14,4,4,0,1,1,10,1,9,4,0.1,0.2857142857142857,0.07142857142857142,0.7152235847888022,8,4,3.0,3,4,1,8,4,1.0,0.375,1
Qwen2.5-32B,44,Surreal (song),14,10,6,6,0,1,1,7,0,7,6,0.14285714285714285,0.6,0.1,0.7998168498168498,13,6,3.0,3,6,1,13,6,1.0,0.23076923076923078,1
Qwen2.5-32B,45,Between Five and Seven,20,18,1,1,0,1,1,17,5,12,1,0.058823529411764705,0.05555555555555555,0.05555555555555555,0.8187363834422658,3,1,3.0,3,1,1,3,1,0.0,1.0,1
Qwen2.5-32B,46,List of Square Enix video games,13,4,1,1,0,1,1,4,0,4,1,0.25,0.25,0.25,0.9814814814814815,3,1,3.0,3,1,1,3,1,0.0,1.0,1
Qwen2.5-32B,47,Velocifero,23,19,5,5,0,4,4,9,1,8,5,0.4444444444444444,0.2631578947368421,0.21052631578947367,0.7633064516129032,13,5,3.0,3,2,3,7,3,0.2,0.23076923076923078,4
Qwen2.5-32B,48,Zakhary Lyapunov,14,7,0,0,0,0,0,3,1,2,0,0.0,0.0,0.0,0.7525584795321638,0,0,0.0,0,0,0,0,0,0.0,0.0,0
Qwen2.5-32B,49,Kriegers Flak,10,10,3,3,0,1,1,11,2,9,5,0.09090909090909091,0.3,0.1,0.9046345811051694,6,3,2.6666666666666665,3,3,1,6,3,1.0,0.4444444444444444,1
Qwen2.5-32B,50,Enasa,14,11,7,7,0,2,2,13,3,10,8,0.15384615384615385,0.6363636363636364,0.18181818181818182,0.7753697970416237,15,7,3.0,3,6,1,15,7,0.7619047619047619,0.2,2
Qwen2.5-32B,51,Christian worship,14,9,6,6,0,1,1,9,3,6,7,0.1111111111111111,0.6666666666666666,0.1111111111111111,0.9907407407407408,13,6,3.0,3,6,1,13,6,1.0,0.23076923076923078,1
Qwen2.5-32B,52,Johan Gottlieb Gahn,16,8,2,2,0,1,1,5,0,5,2,0.2,0.25,0.125,0.742849548112706,5,2,3.0,3,2,1,5,2,1.0,0.6,1
Qwen2.5-32B,53,Bohumín,13,8,0,0,0,0,0,4,2,2,0,0.0,0.0,0.0,0.8121775025799794,0,0,0.0,0,0,0,0,0,0.0,0.0,0
Qwen2.5-32B,54,Leonessa,11,8,1,1,0,1,1,3,0,3,1,0.3333333333333333,0.125,0.125,0.8468567251461989,3,1,3.0,3,1,1,3,1,0.0,1.0,1
Qwen2.5-32B,55,Philippine Commission,11,10,1,1,0,1,1,8,1,7,2,0.125,0.1,0.1,0.9424603174603176,3,1,3.0,3,1,1,3,1,0.0,1.0,1
Qwen2.5-32B,56,Chopin and his Europe,19,13,0,0,0,0,0,15,3,12,0,0.0,0.0,0.0,0.9045040442741592,0,0,0.0,0,0,0,0,0,0.0,0.0,0
Qwen2.5-32B,57,Gujranwala,11,10,1,1,0,1,1,8,2,6,2,0.125,0.1,0.1,0.8849376114081996,3,1,3.0,3,1,1,3,1,0.0,1.0,1
Qwen2.5-32B,58,Beibu Gulf Economic Rim,11,7,0,0,0,0,0,9,3,6,0,0.0,0.0,0.0,0.873015873015873,0,0,0.0,0,0,0,0,0,0.0,0.0,0
Qwen2.5-32B,59,Luis Roche,15,13,2,2,0,1,1,4,0,4,2,0.25,0.15384615384615385,0.07692307692307693,0.9419191919191919,5,2,3.0,3,2,1,5,2,1.0,0.6,1
Qwen2.5-32B,60,Nikos Aliagas,17,15,1,1,0,1,1,10,0,10,1,0.1,0.06666666666666667,0.06666666666666667,0.7402847923681257,3,1,3.0,3,1,1,3,1,0.0,1.0,1
Qwen2.5-32B,61,List of Property Brothers episodes,15,6,0,0,0,0,0,5,2,3,0,0.0,0.0,0.0,0.7467320261437909,0,0,0.0,0,0,0,0,0,0.0,0.0,0
Qwen2.5-32B,62,Anatoly Chubais,16,10,0,0,0,0,0,8,2,6,0,0.0,0.0,0.0,0.7927807486631017,0,0,0.0,0,0,0,0,0,0.0,0.0,0
Qwen2.5-32B,63,"Navy, Army and Air Force Institutes",12,10,2,2,0,2,2,9,1,8,3,0.2222222222222222,0.2,0.2,0.9487179487179488,6,2,3.0,3,1,2,3,1,0.0,0.5,2
Qwen2.5-32B,64,Jefferson Madeira,22,19,2,2,0,1,1,13,1,12,2,0.07692307692307693,0.10526315789473684,0.05263157894736842,0.8992861660793349,5,2,3.0,3,2,1,5,2,1.0,0.6,1
Qwen2.5-32B,65,Aspren,12,13,0,0,0,0,0,18,6,12,0,0.0,0.0,0.0,0.8772193989585294,0,0,0.0,0,0,0,0,0,0.0,0.0,0
Qwen2.5-32B,66,Jimmy Frise,13,11,1,1,0,1,1,4,2,2,1,0.25,0.09090909090909091,0.09090909090909091,0.8820346320346321,3,1,3.0,3,1,1,3,1,0.0,1.0,1
Qwen2.5-32B,67,Vineeth Sreenivasan,24,20,9,9,0,1,1,12,1,11,9,0.08333333333333333,0.45,0.05,0.8323124621899577,19,9,3.0,3,9,1,19,9,1.0,0.15789473684210525,1
Qwen2.5-32B,68,"Zabiele, Warmian-Masurian Voivodeship",13,13,0,0,0,0,0,5,0,5,0,0.0,0.0,0.0,0.8558608058608058,0,0,0.0,0,0,0,0,0,0.0,0.0,0
Qwen2.5-32B,69,"Clark Lake (Gogebic County, Michigan)",6,5,0,0,0,0,0,2,0,2,0,0.0,0.0,0.0,0.7608872608872609,0,0,0.0,0,0,0,0,0,0.0,0.0,0
Qwen2.5-32B,70,O'Shaughnessy Dam (Ohio),11,10,3,3,0,2,2,12,4,8,7,0.16666666666666666,0.3,0.2,0.7741830065359476,8,3,3.0,3,2,2,5,2,0.3333333333333333,0.375,2
Qwen2.5-32B,71,Vase de Noces,11,7,0,0,0,0,0,5,0,5,0,0.0,0.0,0.0,0.8047785547785548,0,0,0.0,0,0,0,0,0,0.0,0.0,0
Qwen2.5-32B,72,War of the Quadruple Alliance,15,11,0,0,0,0,0,8,1,7,0,0.0,0.0,0.0,0.974320987654321,0,0,0.0,0,0,0,0,0,0.0,0.0,0
Qwen2.5-32B,73,Can't Take My Eyes Off You,13,12,0,0,0,0,0,1,0,1,0,0.0,0.0,0.0,0.8044308632543927,0,0,0.0,0,0,0,0,0,0.0,0.0,0
Qwen2.5-32B,74,Angleton High School,16,13,0,0,0,0,0,11,2,9,0,0.0,0.0,0.0,0.693030303030303,0,0,0.0,0,0,0,0,0,0.0,0.0,0
Qwen2.5-32B,75,List of colleges and universities in Connecticut,6,5,0,0,0,0,0,0,0,0,0,,0.0,0.0,0.5,0,0,0.0,0,0,0,0,0,0.0,0.0,0
Qwen2.5-32B,76,Ost Autobahn,20,20,1,1,0,1,1,9,4,5,2,0.1111111111111111,0.05,0.05,0.9006393861892583,3,1,3.0,3,1,1,3,1,0.0,1.0,1
Qwen2.5-32B,77,Anthony Steel (actor),7,7,2,2,0,1,1,5,1,4,2,0.2,0.2857142857142857,0.14285714285714285,0.593073593073593,5,2,3.0,3,2,1,5,2,1.0,0.6,1
Qwen2.5-32B,78,Dieudonné Gnammankou,17,13,0,0,0,0,0,9,2,7,0,0.0,0.0,0.0,0.80995670995671,0,0,0.0,0,0,0,0,0,0.0,0.0,0
Qwen2.5-32B,79,Your Disco Needs You,16,14,5,5,0,1,1,14,1,13,5,0.07142857142857142,0.35714285714285715,0.07142857142857142,0.9142351900972591,11,5,3.0,3,5,1,11,5,1.0,0.2727272727272727,1
Qwen2.5-32B,80,Outline of South Sudan,13,15,0,0,0,0,0,10,0,10,0,0.0,0.0,0.0,0.7168712294570417,0,0,0.0,0,0,0,0,0,0.0,0.0,0
Qwen2.5-32B,81,Liverpool Neurological Infectious Diseases Course,14,9,5,5,0,1,1,7,0,7,5,0.14285714285714285,0.5555555555555556,0.1111111111111111,0.7272727272727272,11,5,3.0,3,5,1,11,5,1.0,0.2727272727272727,1
Qwen2.5-32B,82,Breakout (video game),14,3,0,0,0,0,0,2,0,2,0,0.0,0.0,0.0,0.7555555555555555,0,0,0.0,0,0,0,0,0,0.0,0.0,0
Qwen2.5-32B,83,Winnebago War,12,12,2,2,0,1,1,8,0,8,2,0.125,0.16666666666666666,0.08333333333333333,0.907178075908726,5,2,3.0,3,2,1,5,2,1.0,0.6,1
Qwen2.5-32B,84,Schizoanalysis,7,6,2,2,0,1,1,5,0,5,2,0.2,0.3333333333333333,0.16666666666666666,0.6935064935064935,5,2,3.0,3,2,1,5,2,1.0,0.6,1
Qwen2.5-32B,85,Paul Beliën,12,7,0,0,0,0,0,6,2,4,0,0.0,0.0,0.0,0.728461081402258,0,0,0.0,0,0,0,0,0,0.0,0.0,0
Qwen2.5-32B,86,John R. Thurman,15,16,2,2,0,1,1,16,4,12,3,0.0625,0.125,0.0625,0.6468379446640317,5,2,3.0,3,2,1,5,2,1.0,0.6,1
Qwen2.5-32B,87,María la del Barrio,23,22,0,0,0,0,0,21,0,21,0,0.0,0.0,0.0,0.9440572977158342,0,0,0.0,0,0,0,0,0,0.0,0.0,0
Qwen2.5-32B,88,Tigran Petrosian,11,9,3,3,0,1,1,7,1,6,3,0.14285714285714285,0.3333333333333333,0.1111111111111111,0.8142307692307692,7,3,3.0,3,3,1,7,3,1.0,0.42857142857142855,1
Qwen2.5-32B,89,This Little Girl of Mine,12,12,1,1,0,1,1,8,0,8,1,0.125,0.08333333333333333,0.08333333333333333,0.7357142857142858,3,1,3.0,3,1,1,3,1,0.0,1.0,1
Qwen2.5-32B,90,Ernesto D'Alessio,13,8,0,0,0,0,0,7,1,6,0,0.0,0.0,0.0,0.7998721227621483,0,0,0.0,0,0,0,0,0,0.0,0.0,0
Qwen2.5-32B,91,João Paulo de Silva,10,7,1,1,0,1,1,4,2,2,2,0.25,0.14285714285714285,0.14285714285714285,0.6611111111111111,3,1,3.0,3,1,1,3,1,0.0,1.0,1
Qwen2.5-32B,92,Regal Mountain,13,12,0,0,0,0,0,8,0,8,0,0.0,0.0,0.0,0.862955884695015,0,0,0.0,0,0,0,0,0,0.0,0.0,0
Qwen2.5-32B,93,Il regalo più grande,14,14,2,2,0,1,1,9,1,8,2,0.1111111111111111,0.14285714285714285,0.07142857142857142,0.7116754850088182,5,2,3.0,3,2,1,5,2,1.0,0.6,1
Qwen2.5-32B,94,East Asia Economic Caucus,14,10,3,3,0,2,2,11,2,9,4,0.18181818181818182,0.3,0.2,0.8799102132435466,8,3,3.0,3,2,2,5,2,0.3333333333333333,0.375,2
Qwen2.5-32B,95,Tiana (Disney),17,15,3,3,0,2,2,17,3,14,4,0.11764705882352941,0.2,0.13333333333333333,0.8545454545454546,8,3,3.0,3,2,2,5,2,0.3333333333333333,0.375,2
Qwen2.5-32B,96,Vesper sparrow,5,3,0,0,0,0,0,3,0,3,0,0.0,0.0,0.0,0.9220779220779222,0,0,0.0,0,0,0,0,0,0.0,0.0,0
Qwen2.5-32B,97,Silvan Elves,20,19,1,1,0,1,1,26,9,17,3,0.038461538461538464,0.05263157894736842,0.05263157894736842,0.8053306342780028,3,1,3.0,3,1,1,3,1,0.0,1.0,1
Qwen2.5-32B,98,ABBA Live,17,14,1,1,0,1,1,8,0,8,1,0.125,0.07142857142857142,0.07142857142857142,0.8666896710374972,3,1,3.0,3,1,1,3,1,0.0,1.0,1
Qwen2.5-32B,99,Young Wild Things Tour,20,14,5,4,1,2,2,12,0,12,4,0.16666666666666666,0.35714285714285715,0.14285714285714285,0.8793589743589744,12,5,3.0,3,4,2,9,4,0.6,0.25,2
Qwen2.5-32B,100,Samuel C. Brightman,18,14,1,1,0,1,1,16,4,12,1,0.0625,0.07142857142857142,0.07142857142857142,0.8019323671497585,3,1,3.0,3,1,1,3,1,0.0,1.0,1
Qwen2.5-32B,101,Alberto Valenzuela Llanos,15,19,0,0,0,0,0,14,0,14,0,0.0,0.0,0.0,0.8170594837261506,0,0,0.0,0,0,0,0,0,0.0,0.0,0
Qwen2.5-32B,102,Amandeep Khare,18,12,1,1,0,1,1,11,3,8,2,0.09090909090909091,0.08333333333333333,0.08333333333333333,0.7049019607843138,3,1,3.0,3,1,1,3,1,0.0,1.0,1
Qwen2.5-32B,103,Blank Page,13,10,0,0,0,0,0,6,0,6,0,0.0,0.0,0.0,0.8776143790849673,0,0,0.0,0,0,0,0,0,0.0,0.0,0
Qwen2.5-32B,104,Jared Allen,15,12,8,7,1,1,1,11,2,9,9,0.09090909090909091,0.6666666666666666,0.08333333333333333,0.7924485125858123,17,8,3.0,3,8,1,17,8,1.0,0.17647058823529413,1
Qwen2.5-32B,105,The Hurting,15,10,1,1,0,1,1,4,1,3,2,0.25,0.1,0.1,0.4770311813790074,3,1,3.0,3,1,1,3,1,0.0,1.0,1
Qwen2.5-32B,106,Link River,13,7,1,1,0,1,1,4,1,3,1,0.25,0.14285714285714285,0.14285714285714285,0.9384259259259259,3,1,3.0,3,1,1,3,1,0.0,1.0,1
Qwen2.5-32B,107,Ali Kuli Khan Khattak,10,7,0,0,0,0,0,6,1,5,0,0.0,0.0,0.0,0.8138888888888888,0,0,0.0,0,0,0,0,0,0.0,0.0,0
Qwen2.5-32B,108,Paul Morphy,13,9,1,1,0,1,1,7,1,6,1,0.14285714285714285,0.1111111111111111,0.1111111111111111,0.7690058479532164,3,1,3.0,3,1,1,3,1,0.0,1.0,1
Qwen2.5-32B,109,Gloria Estefan albums discography,15,9,0,0,0,0,0,3,1,2,0,0.0,0.0,0.0,0.865036231884058,0,0,0.0,0,0,0,0,0,0.0,0.0,0
Qwen2.5-32B,110,Tōkai region,17,12,3,3,0,1,1,12,1,11,3,0.08333333333333333,0.25,0.08333333333333333,0.7707602339181286,7,3,3.0,3,3,1,7,3,1.0,0.42857142857142855,1
Qwen2.5-32B,111,Parks in Greater St. Louis,13,10,0,0,0,0,0,5,2,3,0,0.0,0.0,0.0,0.6126984126984127,0,0,0.0,0,0,0,0,0,0.0,0.0,0
Qwen2.5-32B,112,Loopline Bridge,16,11,4,4,0,1,1,12,3,9,6,0.08333333333333333,0.36363636363636365,0.09090909090909091,0.8074074074074074,9,4,3.0,3,4,1,9,4,1.0,0.3333333333333333,1
Qwen2.5-32B,113,Catholic Church in the Maldives,9,5,0,0,0,0,0,5,1,4,0,0.0,0.0,0.0,0.9547511312217195,0,0,0.0,0,0,0,0,0,0.0,0.0,0
Qwen2.5-32B,114,Across the Black Waters,13,11,3,3,0,2,2,8,1,7,3,0.25,0.2727272727272727,0.18181818181818182,0.7946336429308566,8,3,3.0,3,2,2,5,2,0.3333333333333333,0.375,2
Qwen2.5-32B,115,Cove Lake State Park,14,11,0,0,0,0,0,7,0,7,0,0.0,0.0,0.0,0.7809081527347782,0,0,0.0,0,0,0,0,0,0.0,0.0,0
Qwen2.5-32B,116,German torpedo boat Kondor,15,11,2,2,0,1,1,11,3,8,4,0.09090909090909091,0.18181818181818182,0.09090909090909091,0.5680761733393312,5,2,3.0,3,2,1,5,2,1.0,0.6,1
Qwen2.5-32B,117,Foulsyke,12,13,0,0,0,0,0,2,0,2,0,0.0,0.0,0.0,0.7694871794871795,0,0,0.0,0,0,0,0,0,0.0,0.0,0
Qwen2.5-32B,118,Le Ventre de Paris,11,10,3,3,0,1,1,8,0,8,3,0.125,0.3,0.1,0.7376676986584106,7,3,3.0,3,3,1,7,3,1.0,0.42857142857142855,1
Qwen2.5-32B,119,Energy and Environmental Security Initiative,7,6,0,0,0,0,0,3,1,2,0,0.0,0.0,0.0,0.9583333333333334,0,0,0.0,0,0,0,0,0,0.0,0.0,0
Qwen2.5-32B,120,Ne crois pas,13,12,4,4,0,4,4,12,1,11,5,0.3333333333333333,0.3333333333333333,0.3333333333333333,0.8860317460317461,12,4,3.0,3,1,4,3,1,0.0,0.25,4
Qwen2.5-32B,121,Downy,26,4,0,0,0,0,0,3,0,3,0,0.0,0.0,0.0,1.0,0,0,0.0,0,0,0,0,0,0.0,0.0,0
Qwen2.5-32B,122,Boltenhagen,14,9,0,0,0,0,0,4,0,4,0,0.0,0.0,0.0,0.8359477124183007,0,0,0.0,0,0,0,0,0,0.0,0.0,0
Qwen2.5-32B,123,Upper Ammonoosuc River,22,11,0,0,0,0,0,7,0,7,0,0.0,0.0,0.0,0.830654761904762,0,0,0.0,0,0,0,0,0,0.0,0.0,0
Qwen2.5-32B,124,Michael Giacchino,28,27,0,0,0,0,0,5,1,4,0,0.0,0.0,0.0,0.1175595238095238,0,0,0.0,0,0,0,0,0,0.0,0.0,0
Qwen2.5-32B,125,Oberliga Rheinland-Pfalz/Saar,15,10,0,0,0,0,0,11,6,5,0,0.0,0.0,0.0,0.8357843137254902,0,0,0.0,0,0,0,0,0,0.0,0.0,0
Qwen2.5-32B,126,Siberia Governorate,14,7,1,1,0,1,1,10,5,5,2,0.1,0.14285714285714285,0.14285714285714285,0.866432042902631,3,1,3.0,3,1,1,3,1,0.0,1.0,1
Qwen2.5-32B,127,Raymond Hermantier,17,13,2,2,0,1,1,13,5,8,4,0.07692307692307693,0.15384615384615385,0.07692307692307693,0.7071466545150756,5,2,3.0,3,2,1,5,2,1.0,0.6,1
Qwen2.5-32B,128,Kurt Tucholsky,13,11,2,2,0,1,1,9,2,7,2,0.1111111111111111,0.18181818181818182,0.09090909090909091,0.810049019607843,5,2,3.0,3,2,1,5,2,1.0,0.6,1
Qwen2.5-32B,129,Urgut,18,12,1,0,1,1,0,8,6,2,0,0.0,0.08333333333333333,0.08333333333333333,0.8371345029239766,3,1,3.0,3,1,1,3,1,0.0,1.0,1
Qwen2.5-32B,130,N. C. Wyeth,12,7,0,0,0,0,0,2,1,1,0,0.0,0.0,0.0,0.8428978428978429,0,0,0.0,0,0,0,0,0,0.0,0.0,0
Qwen2.5-32B,131,Bound Brook (Raritan River tributary),17,10,0,0,0,0,0,7,0,7,0,0.0,0.0,0.0,0.8547273982056591,0,0,0.0,0,0,0,0,0,0.0,0.0,0
Qwen2.5-32B,132,Bombtrack,13,11,2,2,0,2,2,9,1,8,2,0.2222222222222222,0.18181818181818182,0.18181818181818182,1.0,6,2,3.0,3,1,2,3,1,0.0,0.5,2
Qwen2.5-32B,133,Christine Razanamahasoa,15,10,3,3,0,3,3,8,3,5,4,0.375,0.3,0.3,0.8951612903225806,9,3,3.0,3,1,3,3,1,0.0,0.3333333333333333,3
Qwen2.5-32B,134,Shihlin Electric,21,16,2,2,0,2,2,12,1,11,2,0.16666666666666666,0.125,0.125,0.8165124933545985,6,2,3.0,3,1,2,3,1,0.0,0.5,2
Qwen2.5-32B,135,Wayne Gretzky Drive,20,24,1,1,0,1,1,20,0,20,1,0.05,0.041666666666666664,0.041666666666666664,0.8156999841093278,3,1,3.0,3,1,1,3,1,0.0,1.0,1
Qwen2.5-32B,136,Inner Life,13,12,5,5,0,1,1,10,2,8,6,0.1,0.4166666666666667,0.08333333333333333,0.8856140350877193,11,5,3.0,3,5,1,11,5,1.0,0.2727272727272727,1
Qwen2.5-32B,137,Ahmet Kaya,11,14,4,3,1,1,1,7,0,7,3,0.14285714285714285,0.2857142857142857,0.07142857142857142,0.7955653021442496,9,4,3.0,3,4,1,9,4,1.0,0.3333333333333333,1
Qwen2.5-32B,138,Leone Marucci,19,21,2,2,0,2,2,9,1,8,2,0.2222222222222222,0.09523809523809523,0.09523809523809523,0.6528370735267287,6,2,3.0,3,1,2,3,1,0.0,0.5,2
Qwen2.5-32B,139,Susan Pharr,13,9,1,1,0,1,1,12,5,7,2,0.08333333333333333,0.1111111111111111,0.1111111111111111,0.8580746738641475,3,1,3.0,3,1,1,3,1,0.0,1.0,1
Qwen2.5-32B,140,Sycamore Canyon Wilderness,35,10,0,0,0,0,0,10,1,9,0,0.0,0.0,0.0,0.9315789473684211,0,0,0.0,0,0,0,0,0,0.0,0.0,0
Qwen2.5-32B,141,Eva Bosáková,18,14,3,3,0,1,1,6,1,5,3,0.16666666666666666,0.21428571428571427,0.07142857142857142,0.7534722222222223,7,3,3.0,3,3,1,7,3,1.0,0.42857142857142855,1
Qwen2.5-32B,142,Ripton (fictional town),11,7,1,1,0,1,1,4,0,4,1,0.25,0.14285714285714285,0.14285714285714285,0.7170231729055258,3,1,3.0,3,1,1,3,1,0.0,1.0,1
Qwen2.5-32B,143,Khooni Khanjar,19,16,4,4,0,1,1,4,0,4,4,0.25,0.25,0.0625,0.6191254279489574,9,4,3.0,3,4,1,9,4,1.0,0.3333333333333333,1
Qwen2.5-32B,144,Barry University School of Podiatric Medicine,15,13,6,6,0,1,1,12,3,9,9,0.08333333333333333,0.46153846153846156,0.07692307692307693,0.6748366013071895,13,6,3.0,3,6,1,13,6,1.0,0.23076923076923078,1
Qwen2.5-32B,145,Louise Faure-Favier,14,16,1,1,0,1,1,13,1,12,1,0.07692307692307693,0.0625,0.0625,0.8447181964573268,3,1,3.0,3,1,1,3,1,0.0,1.0,1
Qwen2.5-32B,146,Kirnitzschtal tramway,13,9,0,0,0,0,0,4,2,2,0,0.0,0.0,0.0,0.894498474446987,0,0,0.0,0,0,0,0,0,0.0,0.0,0
Qwen2.5-32B,148,Joy Division discography,12,8,4,4,0,1,1,6,0,6,4,0.16666666666666666,0.5,0.125,0.7854700854700855,9,4,3.0,3,4,1,9,4,1.0,0.3333333333333333,1
Qwen2.5-32B,149,Franck Piccard,17,16,1,1,0,1,1,15,2,13,1,0.06666666666666667,0.0625,0.0625,0.6466666666666667,3,1,3.0,3,1,1,3,1,0.0,1.0,1
Qwen2.5-32B,150,John Alexander Boyd,20,10,5,5,0,1,1,11,3,8,5,0.09090909090909091,0.5,0.1,0.835776397515528,11,5,3.0,3,5,1,11,5,1.0,0.2727272727272727,1
Qwen2.5-32B,151,Hélé Béji,19,12,6,6,0,2,2,12,3,9,8,0.16666666666666666,0.5,0.16666666666666666,0.7940914158305462,14,6,3.0,3,5,2,11,5,0.6666666666666666,0.21428571428571427,2
Qwen2.5-32B,152,Perpetual virginity of Mary,14,2,1,1,0,1,1,8,6,2,2,0.125,0.5,0.5,1.0,3,1,3.0,3,1,1,3,1,0.0,1.0,1
Qwen2.5-32B,153,Rachel Proctor,22,19,8,8,0,2,2,14,1,13,8,0.14285714285714285,0.42105263157894735,0.10526315789473684,0.7326720660053994,18,8,3.0,3,7,2,15,7,0.75,0.16666666666666666,2
Qwen2.5-32B,154,Die Haut,15,13,3,3,0,1,1,10,0,10,3,0.1,0.23076923076923078,0.07692307692307693,0.8595454545454545,7,3,3.0,3,3,1,7,3,1.0,0.42857142857142855,1
Qwen2.5-32B,155,Mehmet Çetingöz,12,10,4,3,1,1,1,9,2,7,4,0.1111111111111111,0.4,0.1,0.664760348583878,9,4,3.0,3,4,1,9,4,1.0,0.3333333333333333,1
Qwen2.5-32B,156,Extreme Makeover: Home Edition,17,12,5,5,0,2,2,12,0,12,5,0.16666666666666666,0.4166666666666667,0.16666666666666666,0.8796296296296297,12,5,3.0,3,4,2,9,4,0.6,0.25,2
Qwen2.5-32B,157,George Prévost,16,13,0,0,0,0,0,9,0,9,0,0.0,0.0,0.0,0.923076923076923,0,0,0.0,0,0,0,0,0,0.0,0.0,0
Qwen2.5-32B,158,"Tire, İzmir",16,16,2,2,0,1,1,11,3,8,4,0.09090909090909091,0.125,0.0625,0.9115826702033599,5,2,3.0,3,2,1,5,2,1.0,0.6,1
Qwen2.5-32B,159,Oecophora bractella,13,12,2,2,0,1,1,8,0,8,2,0.125,0.16666666666666666,0.08333333333333333,0.6507936507936508,5,2,3.0,3,2,1,5,2,1.0,0.6,1
Qwen2.5-32B,160,U.S. European Command State Partnership Program,15,11,1,1,0,1,1,15,6,9,1,0.06666666666666667,0.09090909090909091,0.09090909090909091,0.9396103896103897,3,1,3.0,3,1,1,3,1,0.0,1.0,1
Qwen2.5-32B,161,The Swingle Singers,15,13,10,10,0,1,1,12,0,12,10,0.08333333333333333,0.7692307692307693,0.07692307692307693,0.8126984126984126,21,10,3.0,3,10,1,21,10,1.0,0.14285714285714285,1
Qwen2.5-32B,162,Pete Ham,13,12,2,2,0,1,1,7,1,6,3,0.14285714285714285,0.16666666666666666,0.08333333333333333,0.613499245852187,5,2,3.0,3,2,1,5,2,1.0,0.6,1
Qwen2.5-32B,163,Beijing Ducks,9,5,2,2,0,1,1,3,0,3,2,0.3333333333333333,0.4,0.2,0.8408730158730159,5,2,3.0,3,2,1,5,2,1.0,0.6,1
Qwen2.5-32B,164,Hope Town,9,7,0,0,0,0,0,4,0,4,0,0.0,0.0,0.0,0.8203463203463204,0,0,0.0,0,0,0,0,0,0.0,0.0,0
Qwen2.5-32B,165,Calueque,13,10,0,0,0,0,0,6,2,4,0,0.0,0.0,0.0,0.7668449197860961,0,0,0.0,0,0,0,0,0,0.0,0.0,0
Qwen2.5-32B,166,Ali Akbar Moradi,18,16,5,4,1,1,1,13,1,12,4,0.07692307692307693,0.3125,0.0625,0.8200154613816851,11,5,3.0,3,5,1,11,5,1.0,0.2727272727272727,1
Qwen2.5-32B,167,Dan Chupong,13,12,1,1,0,1,1,9,0,9,1,0.1111111111111111,0.08333333333333333,0.08333333333333333,0.7287734487734486,3,1,3.0,3,1,1,3,1,0.0,1.0,1
Qwen2.5-32B,168,Mount Shinn,27,15,0,0,0,0,0,12,0,12,0,0.0,0.0,0.0,0.8150392817059484,0,0,0.0,0,0,0,0,0,0.0,0.0,0
Qwen2.5-32B,169,Georg Jochmann,23,18,2,2,0,1,1,18,4,14,2,0.05555555555555555,0.1111111111111111,0.05555555555555555,0.8445340501792115,5,2,3.0,3,2,1,5,2,1.0,0.6,1
Qwen2.5-32B,170,Abdul Jabar Sabet,17,12,0,0,0,0,0,8,0,8,0,0.0,0.0,0.0,0.8898412698412699,0,0,0.0,0,0,0,0,0,0.0,0.0,0
Qwen2.5-32B,171,Joseph Octave Mousseau,19,8,1,1,0,1,1,6,1,5,1,0.16666666666666666,0.125,0.125,0.7656565656565656,3,1,3.0,3,1,1,3,1,0.0,1.0,1
Qwen2.5-32B,172,Christian Atsu,17,14,12,12,0,1,1,13,1,12,13,0.07692307692307693,0.8571428571428571,0.07142857142857142,0.8772893772893773,25,12,3.0,3,12,1,25,12,1.0,0.12,1
Qwen2.5-32B,173,Kahului Airport,20,14,2,2,0,1,1,8,0,8,2,0.125,0.14285714285714285,0.07142857142857142,0.934990934990935,5,2,3.0,3,2,1,5,2,1.0,0.6,1
Qwen2.5-32B,174,Greatest Hits (A-Teens album),23,21,8,8,0,1,1,20,0,20,8,0.05,0.38095238095238093,0.047619047619047616,0.8434194890077243,17,8,3.0,3,8,1,17,8,1.0,0.17647058823529413,1
Qwen2.5-32B,175,Torrejonian,14,4,4,2,2,1,1,10,8,2,4,0.1,1.0,0.25,1.0,9,4,3.0,3,4,1,9,4,1.0,0.3333333333333333,1
Qwen2.5-32B,177,Metropolitan statistical area,10,9,0,0,0,0,0,1,0,1,0,0.0,0.0,0.0,0.9833333333333334,0,0,0.0,0,0,0,0,0,0.0,0.0,0
Qwen2.5-32B,178,Sarah Gibb,16,10,0,0,0,0,0,8,1,7,0,0.0,0.0,0.0,0.85,0,0,0.0,0,0,0,0,0,0.0,0.0,0
Qwen2.5-32B,179,List of songs recorded by Rage Against the Machine,15,12,4,0,4,1,0,5,0,5,4,0.0,0.3333333333333333,0.08333333333333333,0.7628461795128462,9,4,3.0,3,4,1,9,4,1.0,0.3333333333333333,1
Qwen2.5-32B,180,National Turkey Federation,11,8,0,0,0,0,0,8,1,7,0,0.0,0.0,0.0,0.907051282051282,0,0,0.0,0,0,0,0,0,0.0,0.0,0
Qwen2.5-32B,181,Mike Padden,11,12,4,4,0,2,2,11,1,10,5,0.18181818181818182,0.3333333333333333,0.16666666666666666,0.9333333333333332,10,4,3.0,3,3,2,7,3,0.5,0.3,2
Qwen2.5-32B,182,Puskás,17,15,0,0,0,0,0,6,2,4,0,0.0,0.0,0.0,0.6495074973335843,0,0,0.0,0,0,0,0,0,0.0,0.0,0
Qwen2.5-32B,183,Zevs (artist),14,12,0,0,0,0,0,4,1,3,0,0.0,0.0,0.0,0.7780479735318444,0,0,0.0,0,0,0,0,0,0.0,0.0,0
Qwen2.5-32B,184,Camp Caves,20,17,0,0,0,0,0,8,0,8,0,0.0,0.0,0.0,0.6897707231040564,0,0,0.0,0,0,0,0,0,0.0,0.0,0
Qwen2.5-32B,185,Independent Democratic Action,14,12,8,8,0,3,3,12,2,10,8,0.25,0.6666666666666666,0.25,0.931672278338945,16,8,3.0,3,5,1,16,8,0.5,0.1875,3
Qwen2.5-32B,186,I Knew You Were Trouble,16,13,1,1,0,1,1,9,0,9,1,0.1111111111111111,0.07692307692307693,0.07692307692307693,0.7015051834130782,3,1,3.0,3,1,1,3,1,0.0,1.0,1
Qwen2.5-32B,187,Great South Australian Coastal Upwelling System,16,9,2,0,2,1,0,2,1,1,0,0.0,0.2222222222222222,0.1111111111111111,0.8316176470588236,5,2,3.0,3,2,1,5,2,1.0,0.6,1
Qwen2.5-32B,188,X-Men Legends II: Rise of Apocalypse,16,12,1,1,0,1,1,14,3,11,1,0.07142857142857142,0.08333333333333333,0.08333333333333333,0.753688141923436,3,1,3.0,3,1,1,3,1,0.0,1.0,1
Qwen2.5-32B,189,Çağlar Söyüncü,15,9,3,3,0,2,2,6,2,4,4,0.3333333333333333,0.3333333333333333,0.2222222222222222,0.8125,8,3,3.0,3,2,2,5,2,0.3333333333333333,0.375,2
Qwen2.5-32B,190,Chachalaca,14,10,2,0,2,1,0,9,1,8,3,0.0,0.2,0.1,0.544017094017094,5,2,3.0,3,2,1,5,2,1.0,0.6,1
Qwen2.5-32B,191,William James Wallace,18,14,5,5,0,2,2,11,1,10,6,0.18181818181818182,0.35714285714285715,0.14285714285714285,0.7909178743961353,12,5,3.0,3,3,2,7,3,0.4,0.25,2
Qwen2.5-32B,192,Horst Eidenmüller,17,18,8,8,0,2,2,12,0,12,8,0.16666666666666666,0.4444444444444444,0.1111111111111111,0.8124522536287242,17,8,3.0,3,7,1,17,8,0.7857142857142857,0.17647058823529413,2
Qwen2.5-32B,193,Goght,7,7,0,0,0,0,0,4,0,4,0,0.0,0.0,0.0,0.7941176470588235,0,0,0.0,0,0,0,0,0,0.0,0.0,0
Qwen2.5-32B,194,Riksakten,13,10,0,0,0,0,0,10,0,10,0,0.0,0.0,0.0,0.9153439153439153,0,0,0.0,0,0,0,0,0,0.0,0.0,0
Qwen2.5-32B,195,Astana International Financial Centre,14,12,2,2,0,1,1,9,0,9,2,0.1111111111111111,0.16666666666666666,0.08333333333333333,0.7226867335562988,5,2,3.0,3,2,1,5,2,1.0,0.6,1
Qwen2.5-32B,196,Amos Hochstein,20,16,5,2,3,1,1,12,2,10,3,0.08333333333333333,0.3125,0.0625,0.7412698412698413,11,5,3.0,3,5,1,11,5,1.0,0.2727272727272727,1
Qwen2.5-32B,197,Gregorio Pacheco,11,9,4,4,0,2,2,5,0,5,4,0.4,0.4444444444444444,0.2222222222222222,0.8221288515406163,9,4,3.0,3,3,1,9,4,0.6666666666666666,0.3333333333333333,2
Qwen2.5-32B,198,Pete Murray,17,14,2,2,0,1,1,4,2,2,3,0.25,0.14285714285714285,0.07142857142857142,0.7307108350586612,5,2,3.0,3,2,1,5,2,1.0,0.6,1
Qwen2.5-32B,199,Malpai Borderlands,11,7,0,0,0,0,0,7,1,6,0,0.0,0.0,0.0,0.8041666666666667,0,0,0.0,0,0,0,0,0,0.0,0.0,0
Qwen2.5-32B,200,Lost Verizon,12,10,0,0,0,0,0,8,0,8,0,0.0,0.0,0.0,0.8119314489928525,0,0,0.0,0,0,0,0,0,0.0,0.0,0
Qwen2.5-32B,201,Leandro Mbomio Nsue,18,16,3,3,0,1,1,14,1,13,3,0.07142857142857142,0.1875,0.0625,0.5957602339181287,7,3,3.0,3,3,1,7,3,1.0,0.42857142857142855,1
Qwen2.5-32B,202,LEC billing,13,8,0,0,0,0,0,4,1,3,0,0.0,0.0,0.0,0.8037037037037038,0,0,0.0,0,0,0,0,0,0.0,0.0,0
Qwen2.5-32B,203,Joe Gates,12,10,9,9,0,1,1,10,1,9,10,0.1,0.9,0.1,0.9291963109354414,19,9,3.0,3,9,1,19,9,1.0,0.15789473684210525,1
Qwen2.5-32B,204,Lunula (amulet),8,6,2,2,0,2,2,7,1,6,3,0.2857142857142857,0.3333333333333333,0.3333333333333333,0.9777777777777779,6,2,3.0,3,1,2,3,1,0.0,0.5,2
Qwen2.5-32B,205,Schiedea haleakalensis,6,7,0,0,0,0,0,4,1,3,0,0.0,0.0,0.0,0.6749999999999999,0,0,0.0,0,0,0,0,0,0.0,0.0,0
Qwen2.5-32B,206,Jeanne Thérèse du Han,12,7,0,0,0,0,0,4,0,4,0,0.0,0.0,0.0,0.8234259259259259,0,0,0.0,0,0,0,0,0,0.0,0.0,0
Qwen2.5-32B,207,Kokumin Dōmei,18,15,4,4,0,3,3,16,4,12,6,0.1875,0.26666666666666666,0.2,0.9018895110849133,10,4,3.0,3,2,2,7,3,0.3333333333333333,0.3,3
Qwen2.5-32B,208,Vanya Mishra,17,14,2,2,0,1,1,11,1,10,2,0.09090909090909091,0.14285714285714285,0.07142857142857142,0.7105263157894738,5,2,3.0,3,2,1,5,2,1.0,0.6,1
Qwen2.5-32B,209,Kitigan Zibi,12,10,1,1,0,1,1,8,2,6,2,0.125,0.1,0.1,0.8271604938271606,3,1,3.0,3,1,1,3,1,0.0,1.0,1
Qwen2.5-32B,210,CKNL-FM,15,10,1,1,0,1,1,6,2,4,1,0.16666666666666666,0.1,0.1,0.7049480310349875,3,1,3.0,3,1,1,3,1,0.0,1.0,1
Qwen2.5-32B,211,William Hepburn Armstrong,27,16,6,5,1,1,1,14,1,13,6,0.07142857142857142,0.375,0.0625,0.7384960718294051,13,6,3.0,3,6,1,13,6,1.0,0.23076923076923078,1
Qwen2.5-32B,212,Joseph Israel,18,15,2,2,0,1,1,11,1,10,2,0.09090909090909091,0.13333333333333333,0.06666666666666667,0.800552104899931,5,2,3.0,3,2,1,5,2,1.0,0.6,1
Qwen2.5-32B,213,Ellerbusch Site,6,5,1,1,0,1,1,5,3,2,3,0.2,0.2,0.2,1.0,3,1,3.0,3,1,1,3,1,0.0,1.0,1
Qwen2.5-32B,214,Brother Man,9,8,1,1,0,1,1,5,2,3,1,0.2,0.125,0.125,0.8014202172096909,3,1,3.0,3,1,1,3,1,0.0,1.0,1
Qwen2.5-32B,215,Big Muddy Creek (Missouri River tributary),20,26,2,2,0,1,1,25,1,24,2,0.04,0.07692307692307693,0.038461538461538464,0.9296846943905767,5,2,3.0,3,2,1,5,2,1.0,0.6,1
Qwen2.5-32B,216,Clear and Present Danger (film),16,7,0,0,0,0,0,0,0,0,0,,0.0,0.0,0.8600435729847495,0,0,0.0,0,0,0,0,0,0.0,0.0,0
Qwen2.5-32B,217,Osmund Ueland,14,12,5,5,0,1,1,5,0,5,5,0.2,0.4166666666666667,0.08333333333333333,0.8627525252525253,11,5,3.0,3,5,1,11,5,1.0,0.2727272727272727,1
Qwen2.5-32B,218,Alecu Russo,13,12,1,1,0,1,1,8,1,7,2,0.125,0.08333333333333333,0.08333333333333333,0.5079831932773109,3,1,3.0,3,1,1,3,1,0.0,1.0,1
Qwen2.5-32B,219,Ramapo High School (New Jersey),14,15,4,4,0,1,1,11,1,10,4,0.09090909090909091,0.26666666666666666,0.06666666666666667,0.6803118908382068,9,4,3.0,3,4,1,9,4,1.0,0.3333333333333333,1
Qwen2.5-32B,220,Tulelake camp,22,9,5,5,0,3,3,14,7,7,10,0.21428571428571427,0.5555555555555556,0.3333333333333333,0.8932539682539682,13,5,3.0,3,3,3,7,3,0.3,0.23076923076923078,3
Qwen2.5-32B,221,Tomasz Bohdanowicz-Dworzecki,16,15,3,3,0,1,1,10,0,10,3,0.1,0.2,0.06666666666666667,0.6578674948240165,7,3,3.0,3,3,1,7,3,1.0,0.42857142857142855,1
Qwen2.5-32B,222,"Financial District, Manhattan",17,11,0,0,0,0,0,11,2,9,0,0.0,0.0,0.0,1.0,0,0,0.0,0,0,0,0,0,0.0,0.0,0
Qwen2.5-32B,223,King Louie,8,4,1,1,0,1,1,5,2,3,2,0.2,0.25,0.25,0.8863636363636364,3,1,3.0,3,1,1,3,1,0.0,1.0,1
Qwen2.5-32B,224,John Henry Dearle,11,8,2,2,0,2,2,6,0,6,2,0.3333333333333333,0.25,0.25,0.7660714285714286,6,2,3.0,3,1,2,3,1,0.0,0.5,2
Qwen2.5-32B,225,Patrick Stettner,14,12,2,2,0,2,2,5,2,3,3,0.4,0.16666666666666666,0.16666666666666666,0.6079004701295723,6,2,3.0,3,1,2,3,1,0.0,0.5,2
Qwen2.5-32B,226,Arjuna,19,4,1,1,0,1,1,4,0,4,1,0.25,0.25,0.25,0.8935185185185185,3,1,3.0,3,1,1,3,1,0.0,1.0,1
Qwen2.5-32B,227,The Two Mrs. Nahasapeemapetilons,13,10,0,0,0,0,0,11,2,9,0,0.0,0.0,0.0,0.8337842712842712,0,0,0.0,0,0,0,0,0,0.0,0.0,0
Qwen2.5-32B,228,Daniel Ajayi-Adeniran,9,7,0,0,0,0,0,1,0,1,0,0.0,0.0,0.0,0.8025518341307816,0,0,0.0,0,0,0,0,0,0.0,0.0,0
Qwen2.5-32B,229,Ocean Waves (film),15,8,3,3,0,1,1,6,0,6,3,0.16666666666666666,0.375,0.125,0.8822055137844611,7,3,3.0,3,3,1,7,3,1.0,0.42857142857142855,1
Qwen2.5-32B,230,Mavis Grind,13,12,2,1,1,1,1,11,2,9,2,0.09090909090909091,0.16666666666666666,0.08333333333333333,0.8546783625730994,5,2,3.0,3,2,1,5,2,1.0,0.6,1
Qwen2.5-32B,231,Ages of consent in Oceania,13,12,2,2,0,1,1,12,0,12,2,0.08333333333333333,0.16666666666666666,0.08333333333333333,0.8412698412698413,5,2,3.0,3,2,1,5,2,1.0,0.6,1
Qwen2.5-32B,232,Trane's Blues,19,13,0,0,0,0,0,11,0,11,0,0.0,0.0,0.0,0.8400621118012422,0,0,0.0,0,0,0,0,0,0.0,0.0,0
Qwen2.5-32B,233,Hooshang Seyhoun,12,13,2,2,0,1,1,8,0,8,2,0.125,0.15384615384615385,0.07692307692307693,0.8314339981006649,5,2,3.0,3,2,1,5,2,1.0,0.6,1
Qwen2.5-32B,234,Thirteens (album),17,13,0,0,0,0,0,9,1,8,0,0.0,0.0,0.0,0.7627565982404692,0,0,0.0,0,0,0,0,0,0.0,0.0,0
Qwen2.5-32B,235,Babyfingers,6,6,2,2,0,1,1,7,1,6,2,0.14285714285714285,0.3333333333333333,0.16666666666666666,0.7932692307692308,5,2,3.0,3,2,1,5,2,1.0,0.6,1
Qwen2.5-32B,236,"Brigden, Ontario",19,16,1,1,0,1,1,13,2,11,1,0.07692307692307693,0.0625,0.0625,0.7122844827586207,3,1,3.0,3,1,1,3,1,0.0,1.0,1
Qwen2.5-32B,237,Carl Dix,11,11,6,6,0,1,1,8,0,8,6,0.125,0.5454545454545454,0.09090909090909091,0.7430555555555557,12,6,3.0,3,6,1,12,6,1.0,0.25,1
Qwen2.5-32B,238,US Airways Group,19,17,1,0,1,1,0,14,0,14,0,0.0,0.058823529411764705,0.058823529411764705,0.719843085975809,3,1,3.0,3,1,1,3,1,0.0,1.0,1
Qwen2.5-32B,239,Jerry Steiner,20,17,7,7,0,1,1,10,0,10,7,0.1,0.4117647058823529,0.058823529411764705,0.7412300343334826,15,7,3.0,3,7,1,15,7,1.0,0.2,1
Qwen2.5-32B,240,Joan Burton,16,20,9,7,2,1,1,25,8,17,11,0.04,0.45,0.05,0.9294794732551231,19,9,3.0,3,9,1,19,9,1.0,0.15789473684210525,1
Qwen2.5-32B,241,How to Save a Life (Grey's Anatomy),26,10,0,0,0,0,0,8,2,6,0,0.0,0.0,0.0,0.8615699032365699,0,0,0.0,0,0,0,0,0,0.0,0.0,0
Qwen2.5-32B,242,Lappeenranta,11,8,0,0,0,0,0,3,0,3,0,0.0,0.0,0.0,0.8565656565656564,0,0,0.0,0,0,0,0,0,0.0,0.0,0
Qwen2.5-32B,243,James P. Maher,21,20,0,0,0,0,0,23,6,17,0,0.0,0.0,0.0,0.8471593765711413,0,0,0.0,0,0,0,0,0,0.0,0.0,0
Qwen2.5-32B,244,"Statue of Jan Smuts, Parliament Square",17,10,1,1,0,1,1,7,1,6,1,0.14285714285714285,0.1,0.1,0.713450292397661,3,1,3.0,3,1,1,3,1,0.0,1.0,1
Qwen2.5-32B,245,Panama during World War II,13,9,2,2,0,1,1,8,1,7,2,0.125,0.2222222222222222,0.1111111111111111,0.8722222222222222,5,2,3.0,3,2,1,5,2,1.0,0.6,1
Qwen2.5-32B,246,Arthur Percival,10,8,0,0,0,0,0,5,0,5,0,0.0,0.0,0.0,0.8467418546365915,0,0,0.0,0,0,0,0,0,0.0,0.0,0
Qwen2.5-32B,247,Holden New Zealand,22,18,1,1,0,1,1,16,1,15,1,0.0625,0.05555555555555555,0.05555555555555555,0.7585858585858586,3,1,3.0,3,1,1,3,1,0.0,1.0,1
Qwen2.5-32B,248,Piton des Neiges,18,13,0,0,0,0,0,10,3,7,0,0.0,0.0,0.0,0.7870060696147653,0,0,0.0,0,0,0,0,0,0.0,0.0,0
Qwen2.5-32B,249,Irish experiment,15,12,0,0,0,0,0,11,1,10,0,0.0,0.0,0.0,0.960727969348659,0,0,0.0,0,0,0,0,0,0.0,0.0,0
Qwen2.5-32B,250,Bookbinder soup,9,5,1,1,0,1,1,2,0,2,1,0.5,0.2,0.2,0.7362573099415205,3,1,3.0,3,1,1,3,1,0.0,1.0,1
Qwen2.5-32B,251,"Durán, Ecuador",15,12,0,0,0,0,0,7,1,6,0,0.0,0.0,0.0,0.9645191409897292,0,0,0.0,0,0,0,0,0,0.0,0.0,0
Qwen2.5-32B,252,Argentine heavy metal,16,15,11,11,0,3,3,12,0,12,11,0.25,0.7333333333333333,0.2,0.9544753086419754,23,11,3.0,3,8,1,23,11,0.5818181818181818,0.13043478260869565,3
Qwen2.5-32B,253,Guarenas Cathedral,19,17,1,1,0,1,1,15,3,12,2,0.06666666666666667,0.058823529411764705,0.058823529411764705,0.8053731070972451,3,1,3.0,3,1,1,3,1,0.0,1.0,1
Qwen2.5-32B,254,"Foots Creek, Oregon",11,11,1,1,0,1,1,9,1,8,2,0.1111111111111111,0.09090909090909091,0.09090909090909091,0.9235209235209235,3,1,3.0,3,1,1,3,1,0.0,1.0,1
Qwen2.5-32B,255,Committee against the Finnish White Terror,12,6,1,1,0,1,1,7,2,5,1,0.14285714285714285,0.16666666666666666,0.16666666666666666,0.8992673992673993,3,1,3.0,3,1,1,3,1,0.0,1.0,1
Qwen2.5-32B,256,Bessang Pass Natural Monument,14,11,0,0,0,0,0,9,5,4,0,0.0,0.0,0.0,0.9155354449472096,0,0,0.0,0,0,0,0,0,0.0,0.0,0
Qwen2.5-32B,257,Panlongcheng,14,8,0,0,0,0,0,3,2,1,0,0.0,0.0,0.0,0.7847222222222222,0,0,0.0,0,0,0,0,0,0.0,0.0,0
Qwen2.5-32B,258,El Tren de los Momentos,20,14,1,1,0,1,1,13,1,12,1,0.07692307692307693,0.07142857142857142,0.07142857142857142,0.7366522366522367,3,1,3.0,3,1,1,3,1,0.0,1.0,1
Qwen2.5-32B,259,Quokka,14,8,0,0,0,0,0,4,1,3,0,0.0,0.0,0.0,0.8765432098765432,0,0,0.0,0,0,0,0,0,0.0,0.0,0
Qwen2.5-32B,260,Google Springboard,10,8,1,1,0,1,1,9,1,8,2,0.1111111111111111,0.125,0.125,0.6686507936507936,3,1,3.0,3,1,1,3,1,0.0,1.0,1
Qwen2.5-32B,261,White Sea,17,8,0,0,0,0,0,8,2,6,0,0.0,0.0,0.0,0.9555555555555556,0,0,0.0,0,0,0,0,0,0.0,0.0,0
Qwen2.5-32B,262,Robert K. Huntington,21,11,2,2,0,1,1,9,1,8,2,0.1111111111111111,0.18181818181818182,0.09090909090909091,0.8132034632034632,5,2,3.0,3,2,1,5,2,1.0,0.6,1
Qwen2.5-32B,263,Achilles Last Stand,13,6,2,2,0,1,1,3,1,2,2,0.3333333333333333,0.3333333333333333,0.16666666666666666,0.8075369075369077,5,2,3.0,3,2,1,5,2,1.0,0.6,1
Qwen2.5-32B,264,Toyota Avalon,15,12,0,0,0,0,0,11,0,11,0,0.0,0.0,0.0,0.7174074074074074,0,0,0.0,0,0,0,0,0,0.0,0.0,0
Qwen2.5-32B,265,Truth in Music Advertising,10,5,1,1,0,1,1,3,0,3,1,0.3333333333333333,0.2,0.2,0.7277777777777779,3,1,3.0,3,1,1,3,1,0.0,1.0,1
Qwen2.5-32B,266,Cranford Agreement,21,20,0,0,0,0,0,19,3,16,0,0.0,0.0,0.0,0.900754403160177,0,0,0.0,0,0,0,0,0,0.0,0.0,0
Qwen2.5-32B,267,"Cy Becker, Edmonton",11,4,1,1,0,1,1,2,1,1,2,0.5,0.25,0.25,0.5523809523809524,3,1,3.0,3,1,1,3,1,0.0,1.0,1
Qwen2.5-32B,268,Ici Paris,18,8,0,0,0,0,0,8,1,7,0,0.0,0.0,0.0,0.7999164578111947,0,0,0.0,0,0,0,0,0,0.0,0.0,0
Qwen2.5-32B,269,Luan Bo,16,12,2,2,0,1,1,8,3,5,4,0.125,0.16666666666666666,0.08333333333333333,0.7754773406947321,5,2,3.0,3,2,1,5,2,1.0,0.6,1
Qwen2.5-32B,270,Burseraceae,29,11,2,0,2,1,0,6,1,5,0,0.0,0.18181818181818182,0.09090909090909091,0.8713369963369964,5,2,3.0,3,2,1,5,2,1.0,0.6,1
Qwen2.5-32B,271,National Executive Committee of the African National Congress,8,7,3,3,0,1,1,4,0,4,3,0.25,0.42857142857142855,0.14285714285714285,0.8231768231768232,7,3,3.0,3,3,1,7,3,1.0,0.42857142857142855,1
Qwen2.5-32B,272,Economic history of Cambodia,7,5,2,2,0,1,1,6,1,5,3,0.16666666666666666,0.4,0.2,0.9521531100478469,5,2,3.0,3,2,1,5,2,1.0,0.6,1
Qwen2.5-32B,273,FLAMA,15,12,2,2,0,1,1,8,2,6,2,0.125,0.16666666666666666,0.08333333333333333,0.8787878787878788,5,2,3.0,3,2,1,5,2,1.0,0.6,1
Qwen2.5-32B,274,Guillermo Endara,16,16,9,9,0,1,1,14,0,14,9,0.07142857142857142,0.5625,0.0625,0.9104273967651576,19,9,3.0,3,9,1,19,9,1.0,0.15789473684210525,1
Qwen2.5-32B,275,Washington Place (West Virginia),13,14,0,0,0,0,0,10,1,9,0,0.0,0.0,0.0,0.8531623931623932,0,0,0.0,0,0,0,0,0,0.0,0.0,0
Qwen2.5-32B,276,Abbas Kiarostami,15,14,2,2,0,1,1,13,1,12,2,0.07692307692307693,0.14285714285714285,0.07142857142857142,0.9431547619047619,5,2,3.0,3,2,1,5,2,1.0,0.6,1
Qwen2.5-32B,277,Tomcats Screaming Outside,11,7,0,0,0,0,0,2,0,2,0,0.0,0.0,0.0,0.7115384615384616,0,0,0.0,0,0,0,0,0,0.0,0.0,0
Qwen2.5-32B,278,Mark Harmsworth,17,15,6,6,0,2,2,12,1,11,6,0.16666666666666666,0.4,0.13333333333333333,0.9087301587301587,13,6,3.0,3,4,1,13,6,0.6,0.23076923076923078,2
Qwen2.5-32B,279,Friends of Peter G.,18,10,1,1,0,1,1,10,1,9,1,0.1,0.1,0.1,0.8645741231948129,3,1,3.0,3,1,1,3,1,0.0,1.0,1
Qwen2.5-32B,280,Joyce Godenzi,13,9,1,1,0,1,1,9,2,7,2,0.1111111111111111,0.1111111111111111,0.1111111111111111,0.8951314386096995,3,1,3.0,3,1,1,3,1,0.0,1.0,1
Qwen2.5-32B,281,Pskhu,23,17,1,1,0,1,1,14,2,12,1,0.07142857142857142,0.058823529411764705,0.058823529411764705,0.9026399228012131,3,1,3.0,3,1,1,3,1,0.0,1.0,1
Qwen2.5-32B,282,Cassin's finch,13,13,0,0,0,0,0,10,0,10,0,0.0,0.0,0.0,0.8930924148315453,0,0,0.0,0,0,0,0,0,0.0,0.0,0
Qwen2.5-32B,283,Christie Elliott,15,14,4,4,0,1,1,12,3,9,4,0.08333333333333333,0.2857142857142857,0.07142857142857142,0.743939393939394,9,4,3.0,3,4,1,9,4,1.0,0.3333333333333333,1
Qwen2.5-32B,284,Bajofondo,9,7,3,3,0,1,1,7,0,7,3,0.14285714285714285,0.42857142857142855,0.14285714285714285,0.815934065934066,7,3,3.0,3,3,1,7,3,1.0,0.42857142857142855,1
Qwen2.5-32B,285,Mendenhall Glacier,11,8,0,0,0,0,0,5,1,4,0,0.0,0.0,0.0,0.7747252747252747,0,0,0.0,0,0,0,0,0,0.0,0.0,0
Qwen2.5-32B,286,Battle of Chiari,23,15,7,7,0,3,3,20,6,14,8,0.15,0.4666666666666667,0.2,1.0,17,7,3.0,3,3,3,7,3,0.2857142857142857,0.17647058823529413,3
Qwen2.5-32B,287,Washington v. Texas,9,6,2,1,1,1,1,7,1,6,3,0.14285714285714285,0.3333333333333333,0.16666666666666666,0.840873015873016,5,2,3.0,3,2,1,5,2,1.0,0.6,1
Qwen2.5-32B,288,Raunaq (album),12,6,1,1,0,1,1,3,1,2,1,0.3333333333333333,0.16666666666666666,0.16666666666666666,0.8654100529100529,3,1,3.0,3,1,1,3,1,0.0,1.0,1
Qwen2.5-32B,289,Carl Buchheister,15,9,2,2,0,1,1,8,3,5,3,0.125,0.2222222222222222,0.1111111111111111,0.6208144796380091,5,2,3.0,3,2,1,5,2,1.0,0.6,1
Qwen2.5-32B,290,Roald,15,13,2,2,0,1,1,7,0,7,2,0.14285714285714285,0.15384615384615385,0.07692307692307693,0.7885281385281386,5,2,3.0,3,2,1,5,2,1.0,0.6,1
Qwen2.5-32B,291,"They Shoot Horses, Don't They? (film)",26,19,2,0,2,1,0,6,1,5,1,0.0,0.10526315789473684,0.05263157894736842,0.5309106098579783,5,2,3.0,3,2,1,5,2,1.0,0.6,1
Qwen2.5-32B,292,Bonnie Blair,16,15,5,5,0,5,5,18,4,14,5,0.2777777777777778,0.3333333333333333,0.3333333333333333,0.8471790890269152,15,5,3.0,3,1,5,3,1,0.0,0.2,5
Qwen2.5-32B,293,Signaling of the New York City Subway,8,7,0,0,0,0,0,6,1,5,0,0.0,0.0,0.0,0.8169528681037632,0,0,0.0,0,0,0,0,0,0.0,0.0,0
Qwen2.5-32B,294,"Symphony Hall, Boston",12,14,0,0,0,0,0,13,1,12,0,0.0,0.0,0.0,0.9861111111111112,0,0,0.0,0,0,0,0,0,0.0,0.0,0
Qwen2.5-32B,296,Pleistocene coyote,11,9,0,0,0,0,0,4,0,4,0,0.0,0.0,0.0,0.9392712550607287,0,0,0.0,0,0,0,0,0,0.0,0.0,0
Qwen2.5-32B,297,Skylake (microarchitecture),15,12,2,2,0,2,2,10,1,9,2,0.2,0.16666666666666666,0.16666666666666666,0.7809081527347782,6,2,3.0,3,1,2,3,1,0.0,0.5,2
Qwen2.5-32B,298,Lewis of Luxembourg,13,10,1,1,0,1,1,7,0,7,1,0.14285714285714285,0.1,0.1,0.7698412698412698,3,1,3.0,3,1,1,3,1,0.0,1.0,1
Qwen2.5-32B,299,Ronald Leonard,20,14,0,0,0,0,0,14,1,13,0,0.0,0.0,0.0,0.6315789473684211,0,0,0.0,0,0,0,0,0,0.0,0.0,0
Qwen2.5-72B,0,Willi Schneider (skeleton racer),25,19,1,1,0,1,1,9,2,7,1,0.1111111111111111,0.05263157894736842,0.05263157894736842,0.6234126984126984,3,1,3.0,3,1,1,3,1,0.0,1.0,1
Qwen2.5-72B,1,Ross Alger,21,15,2,2,0,1,1,13,1,12,2,0.07692307692307693,0.13333333333333333,0.06666666666666667,0.8813020738308094,5,2,3.0,3,2,1,5,2,1.0,0.6,1
Qwen2.5-72B,2,Mess of Blues (Jeff Healey album),15,13,4,4,0,1,1,9,1,8,4,0.1111111111111111,0.3076923076923077,0.07692307692307693,0.7763854079643554,9,4,3.0,3,4,1,9,4,1.0,0.3333333333333333,1
Qwen2.5-72B,3,Ramey Idriss,25,24,6,6,0,1,1,17,5,12,9,0.058823529411764705,0.25,0.041666666666666664,0.6851851851851851,11,5,3.0,3,5,1,11,5,1.0,0.2727272727272727,1
Qwen2.5-72B,4,ELAM (Latin American School of Medicine) Cuba,23,17,0,0,0,0,0,11,2,9,0,0.0,0.0,0.0,0.9083867521367521,0,0,0.0,0,0,0,0,0,0.0,0.0,0
Qwen2.5-72B,5,Song of Freedom,18,16,6,6,0,2,2,13,2,11,7,0.15384615384615385,0.375,0.125,0.9487327188940092,14,6,3.0,3,4,2,9,4,0.4666666666666667,0.21428571428571427,2
Qwen2.5-72B,6,Soccer Academy,10,8,1,1,0,1,1,6,0,6,1,0.16666666666666666,0.125,0.125,0.9607843137254902,3,1,3.0,3,1,1,3,1,0.0,1.0,1
Qwen2.5-72B,7,ROKETSAN,20,22,7,7,0,5,5,19,1,18,8,0.2631578947368421,0.3181818181818182,0.22727272727272727,0.8144902812241522,19,7,3.0,3,2,5,5,2,0.09523809523809523,0.15789473684210525,5
Qwen2.5-72B,8,The Sacramento Bee,16,14,1,1,0,1,1,15,3,12,1,0.06666666666666667,0.07142857142857142,0.07142857142857142,0.9192592592592592,3,1,3.0,3,1,1,3,1,0.0,1.0,1
Qwen2.5-72B,9,Cambodia–Vietnam Friendship Monument,15,10,0,0,0,0,0,11,4,7,0,0.0,0.0,0.0,0.8180555555555555,0,0,0.0,0,0,0,0,0,0.0,0.0,0
Qwen2.5-72B,10,Paul Desmarais Jr.,26,27,6,4,2,2,1,18,2,16,5,0.05555555555555555,0.2222222222222222,0.07407407407407407,0.6887486438570031,14,6,3.0,3,5,2,11,5,0.6666666666666666,0.21428571428571427,2
Qwen2.5-72B,11,Mola di Bari,14,11,0,0,0,0,0,7,0,7,0,0.0,0.0,0.0,0.5041666666666667,0,0,0.0,0,0,0,0,0,0.0,0.0,0
Qwen2.5-72B,12,"Westmere, New York",13,14,2,2,0,1,1,10,3,7,2,0.1,0.14285714285714285,0.07142857142857142,0.7981920040743571,5,2,3.0,3,2,1,5,2,1.0,0.6,1
Qwen2.5-72B,13,Edward Rowan Finnegan,24,24,1,1,0,1,1,21,4,17,1,0.047619047619047616,0.041666666666666664,0.041666666666666664,0.9511544011544011,3,1,3.0,3,1,1,3,1,0.0,1.0,1
Qwen2.5-72B,14,Foix (river),19,16,1,0,1,1,0,10,0,10,0,0.0,0.0625,0.0625,0.9058874458874459,3,1,3.0,3,1,1,3,1,0.0,1.0,1
Qwen2.5-72B,15,Eivind Bolle,24,15,1,1,0,1,1,12,2,10,1,0.08333333333333333,0.06666666666666667,0.06666666666666667,0.7710084033613445,3,1,3.0,3,1,1,3,1,0.0,1.0,1
Qwen2.5-72B,16,Henrik Angell,30,36,6,6,0,1,1,24,1,23,7,0.041666666666666664,0.16666666666666666,0.027777777777777776,0.7644927536231885,13,6,3.0,3,6,1,13,6,1.0,0.23076923076923078,1
Qwen2.5-72B,17,Carey Business School,25,21,3,3,0,2,2,9,1,8,3,0.2222222222222222,0.14285714285714285,0.09523809523809523,0.9059159231573025,8,3,3.0,3,2,2,5,2,0.3333333333333333,0.375,2
Qwen2.5-72B,18,Lehmann Bernheimer,22,18,7,7,0,4,4,14,4,10,9,0.2857142857142857,0.3888888888888889,0.2222222222222222,0.8302538964303671,17,7,3.0,3,3,3,9,4,0.23809523809523808,0.17647058823529413,4
Qwen2.5-72B,19,Railroad Revival Tour,22,22,10,6,4,4,3,23,2,21,10,0.13043478260869565,0.45454545454545453,0.18181818181818182,0.9613289760348583,20,10,3.0,3,5,2,17,9,0.4,0.15,4
Qwen2.5-72B,20,Australia–Chile Free Trade Agreement,22,6,1,1,0,1,1,6,1,5,1,0.16666666666666666,0.16666666666666666,0.16666666666666666,0.9416225749559084,3,1,3.0,3,1,1,3,1,0.0,1.0,1
Qwen2.5-72B,21,South Gondar Zone,21,21,2,2,0,2,2,16,0,16,2,0.125,0.09523809523809523,0.09523809523809523,0.888888888888889,6,2,3.0,3,1,2,3,1,0.0,0.5,2
Qwen2.5-72B,22,Morogoro Region,18,19,7,5,2,1,1,15,0,15,5,0.06666666666666667,0.3684210526315789,0.05263157894736842,0.9491927825261159,15,7,3.0,3,7,1,15,7,1.0,0.2,1
Qwen2.5-72B,23,Manon Balletti,12,16,2,2,0,2,2,14,1,13,3,0.14285714285714285,0.125,0.125,0.9198394198394199,6,2,3.0,3,1,2,3,1,0.0,0.5,2
Qwen2.5-72B,24,Pittsburgh Catholic,11,9,1,1,0,1,1,9,1,8,1,0.1111111111111111,0.1111111111111111,0.1111111111111111,0.8474519632414369,3,1,3.0,3,1,1,3,1,0.0,1.0,1
Qwen2.5-72B,25,Toufique Imrose Khalidi,15,14,1,1,0,1,1,10,1,9,1,0.1,0.07142857142857142,0.07142857142857142,0.6715686274509803,3,1,3.0,3,1,1,3,1,0.0,1.0,1
Qwen2.5-72B,26,Mark McNamara,23,22,6,2,4,1,1,17,2,15,2,0.058823529411764705,0.2727272727272727,0.045454545454545456,0.5928130511463845,13,6,3.0,3,6,1,13,6,1.0,0.23076923076923078,1
Qwen2.5-72B,27,Nexus Q,18,3,1,1,0,1,1,4,1,3,1,0.25,0.3333333333333333,0.3333333333333333,1.0,3,1,3.0,3,1,1,3,1,0.0,1.0,1
Qwen2.5-72B,28,Cranks and Shadows,13,11,3,2,1,2,2,9,1,8,2,0.2222222222222222,0.2727272727272727,0.18181818181818182,0.7660130718954248,8,3,3.0,3,2,2,5,2,0.3333333333333333,0.375,2
Qwen2.5-72B,29,The Christian Manifesto,15,19,4,4,0,2,2,16,3,13,5,0.125,0.21052631578947367,0.10526315789473684,0.9880952380952381,10,4,3.0,3,3,2,7,3,0.5,0.3,2
Qwen2.5-72B,30,Joseph in Islam,19,17,2,2,0,2,2,22,7,15,4,0.09090909090909091,0.11764705882352941,0.11764705882352941,0.8973809523809524,6,2,3.0,3,1,2,3,1,0.0,0.5,2
Qwen2.5-72B,31,List of Prime Ministers of Thailand,17,8,3,3,0,2,2,8,2,6,4,0.25,0.375,0.25,0.9576719576719577,8,3,3.0,3,2,2,5,2,0.3333333333333333,0.375,2
Qwen2.5-72B,32,Rogaland County Municipality,13,16,3,1,2,1,1,9,1,8,2,0.1111111111111111,0.1875,0.0625,0.8832359004772798,7,3,3.0,3,3,1,7,3,1.0,0.42857142857142855,1
Qwen2.5-72B,33,Kyoto Imperial Palace,15,9,0,0,0,0,0,4,1,3,0,0.0,0.0,0.0,0.8787524366471735,0,0,0.0,0,0,0,0,0,0.0,0.0,0
Qwen2.5-72B,34,The Yorkshire Post,17,14,1,1,0,1,1,14,1,13,2,0.07142857142857142,0.07142857142857142,0.07142857142857142,0.4829545454545454,3,1,3.0,3,1,1,3,1,0.0,1.0,1
Qwen2.5-72B,35,Won-yong,21,18,2,2,0,1,1,9,3,6,3,0.1111111111111111,0.1111111111111111,0.05555555555555555,0.581646423751687,5,2,3.0,3,2,1,5,2,1.0,0.6,1
Qwen2.5-72B,36,Ramada (shelter),9,14,0,0,0,0,0,4,1,3,0,0.0,0.0,0.0,0.7875816993464051,0,0,0.0,0,0,0,0,0,0.0,0.0,0
Qwen2.5-72B,37,Björn von der Esch,17,12,2,2,0,1,1,13,5,8,2,0.07692307692307693,0.16666666666666666,0.08333333333333333,0.7522141706924316,5,2,3.0,3,2,1,5,2,1.0,0.6,1
Qwen2.5-72B,38,Fyllingen Fotball,27,24,15,15,0,1,1,28,7,21,22,0.03571428571428571,0.625,0.041666666666666664,0.8148820326678766,31,15,3.0,3,15,1,31,15,1.0,0.0967741935483871,1
Qwen2.5-72B,39,Martin Ulrich,18,16,1,1,0,1,1,4,1,3,1,0.25,0.0625,0.0625,0.751102114260009,3,1,3.0,3,1,1,3,1,0.0,1.0,1
Qwen2.5-72B,40,Two Doors Down,15,14,5,5,0,1,1,10,1,9,5,0.1,0.35714285714285715,0.07142857142857142,0.6844647851512841,10,5,3.0,3,5,1,10,5,1.0,0.3,1
Qwen2.5-72B,41,Think Bike,15,10,0,0,0,0,0,9,0,9,0,0.0,0.0,0.0,0.8824561403508772,0,0,0.0,0,0,0,0,0,0.0,0.0,0
Qwen2.5-72B,42,United States Naval Forces Germany,20,16,3,3,0,1,1,16,1,15,4,0.0625,0.1875,0.0625,0.9555934656741109,7,3,3.0,3,3,1,7,3,1.0,0.42857142857142855,1
Qwen2.5-72B,43,Cry for Help,17,19,5,5,0,1,1,13,1,12,6,0.07692307692307693,0.2631578947368421,0.05263157894736842,0.8340698653198654,11,5,3.0,3,5,1,11,5,1.0,0.2727272727272727,1
Qwen2.5-72B,44,Surreal (song),16,7,1,1,0,1,1,1,0,1,1,1.0,0.14285714285714285,0.14285714285714285,0.7356711915535445,3,1,3.0,3,1,1,3,1,0.0,1.0,1
Qwen2.5-72B,45,Between Five and Seven,21,19,9,9,0,2,2,20,5,15,9,0.1,0.47368421052631576,0.10526315789473684,0.9128851540616246,19,9,3.0,3,8,1,19,9,0.8055555555555556,0.15789473684210525,2
Qwen2.5-72B,46,List of Square Enix video games,16,12,3,3,0,3,3,11,0,11,3,0.2727272727272727,0.25,0.25,0.8928571428571429,9,3,3.0,3,1,3,3,1,0.0,0.3333333333333333,3
Qwen2.5-72B,47,Velocifero,25,22,7,4,3,5,4,9,0,9,4,0.4444444444444444,0.3181818181818182,0.22727272727272727,0.711665037471489,19,7,3.0,3,3,5,7,3,0.14285714285714285,0.15789473684210525,5
Qwen2.5-72B,48,Zakhary Lyapunov,20,14,0,0,0,0,0,9,2,7,0,0.0,0.0,0.0,0.7602777777777779,0,0,0.0,0,0,0,0,0,0.0,0.0,0
Qwen2.5-72B,49,Kriegers Flak,16,16,3,3,0,2,2,17,2,15,5,0.11764705882352941,0.1875,0.125,0.7456140350877193,8,3,3.0,3,2,2,5,2,0.3333333333333333,0.375,2
Qwen2.5-72B,50,Enasa,14,9,5,5,0,2,2,10,2,8,5,0.2,0.5555555555555556,0.2222222222222222,0.8703703703703703,11,5,3.0,3,3,1,11,5,0.5,0.2727272727272727,2
Qwen2.5-72B,51,Christian worship,31,28,0,0,0,0,0,12,4,8,0,0.0,0.0,0.0,0.9478114478114478,0,0,0.0,0,0,0,0,0,0.0,0.0,0
Qwen2.5-72B,52,Johan Gottlieb Gahn,20,18,2,2,0,1,1,12,2,10,2,0.08333333333333333,0.1111111111111111,0.05555555555555555,0.7398823763955343,5,2,3.0,3,2,1,5,2,1.0,0.6,1
Qwen2.5-72B,53,Bohumín,13,15,3,3,0,1,1,12,3,9,6,0.08333333333333333,0.2,0.06666666666666667,0.7358882947118243,7,3,3.0,3,3,1,7,3,1.0,0.42857142857142855,1
Qwen2.5-72B,54,Leonessa,19,20,3,3,0,2,2,12,0,12,3,0.16666666666666666,0.15,0.1,0.7876984126984127,8,3,3.0,3,2,2,5,2,0.3333333333333333,0.375,2
Qwen2.5-72B,55,Philippine Commission,16,17,0,0,0,0,0,11,1,10,0,0.0,0.0,0.0,0.9186507936507936,0,0,0.0,0,0,0,0,0,0.0,0.0,0
Qwen2.5-72B,56,Chopin and his Europe,26,13,0,0,0,0,0,15,4,11,0,0.0,0.0,0.0,0.941141975308642,0,0,0.0,0,0,0,0,0,0.0,0.0,0
Qwen2.5-72B,57,Gujranwala,16,15,1,1,0,1,1,9,3,6,2,0.1111111111111111,0.06666666666666667,0.06666666666666667,0.8320816864295125,3,1,3.0,3,1,1,3,1,0.0,1.0,1
Qwen2.5-72B,58,Beibu Gulf Economic Rim,12,15,1,1,0,1,1,15,3,12,2,0.06666666666666667,0.06666666666666667,0.06666666666666667,0.9538239538239538,3,1,3.0,3,1,1,3,1,0.0,1.0,1
Qwen2.5-72B,59,Luis Roche,19,23,3,3,0,1,1,22,2,20,3,0.045454545454545456,0.13043478260869565,0.043478260869565216,0.9311665037471489,7,3,3.0,3,3,1,7,3,1.0,0.42857142857142855,1
Qwen2.5-72B,60,Nikos Aliagas,23,22,3,3,0,1,1,19,2,17,3,0.05263157894736842,0.13636363636363635,0.045454545454545456,0.8498774509803922,7,3,3.0,3,3,1,7,3,1.0,0.42857142857142855,1
Qwen2.5-72B,61,List of Property Brothers episodes,15,6,0,0,0,0,0,5,2,3,0,0.0,0.0,0.0,0.7222222222222223,0,0,0.0,0,0,0,0,0,0.0,0.0,0
Qwen2.5-72B,62,Anatoly Chubais,18,10,0,0,0,0,0,8,1,7,0,0.0,0.0,0.0,0.7549019607843137,0,0,0.0,0,0,0,0,0,0.0,0.0,0
Qwen2.5-72B,63,"Navy, Army and Air Force Institutes",15,13,6,5,1,5,5,13,2,11,5,0.38461538461538464,0.46153846153846156,0.38461538461538464,0.978494623655914,17,6,3.0,3,2,5,5,2,0.06666666666666667,0.17647058823529413,5
Qwen2.5-72B,64,Jefferson Madeira,22,20,6,6,0,3,3,22,4,18,9,0.13636363636363635,0.3,0.15,0.8282840722495894,14,6,3.0,3,2,2,9,4,0.26666666666666666,0.21428571428571427,3
Qwen2.5-72B,65,Aspren,14,12,0,0,0,0,0,15,5,10,0,0.0,0.0,0.0,0.9255599472990778,0,0,0.0,0,0,0,0,0,0.0,0.0,0
Qwen2.5-72B,66,Jimmy Frise,20,18,0,0,0,0,0,13,3,10,0,0.0,0.0,0.0,0.8566849816849818,0,0,0.0,0,0,0,0,0,0.0,0.0,0
Qwen2.5-72B,67,Vineeth Sreenivasan,24,20,0,0,0,0,0,14,1,13,0,0.0,0.0,0.0,0.8407894736842105,0,0,0.0,0,0,0,0,0,0.0,0.0,0
Qwen2.5-72B,68,"Zabiele, Warmian-Masurian Voivodeship",17,17,1,1,0,1,1,11,0,11,1,0.09090909090909091,0.058823529411764705,0.058823529411764705,0.8758279231425011,3,1,3.0,3,1,1,3,1,0.0,1.0,1
Qwen2.5-72B,69,"Clark Lake (Gogebic County, Michigan)",13,18,0,0,0,0,0,3,0,3,0,0.0,0.0,0.0,0.731043771043771,0,0,0.0,0,0,0,0,0,0.0,0.0,0
Qwen2.5-72B,70,O'Shaughnessy Dam (Ohio),13,10,2,2,0,2,2,12,5,7,6,0.16666666666666666,0.2,0.2,0.7363834422657952,6,2,3.0,3,1,2,3,1,0.0,0.5,2
Qwen2.5-72B,71,Vase de Noces,13,8,4,4,0,1,1,9,3,6,5,0.1111111111111111,0.5,0.125,0.7715617715617715,9,4,3.0,3,4,1,9,4,1.0,0.3333333333333333,1
Qwen2.5-72B,72,War of the Quadruple Alliance,19,17,7,7,0,2,2,14,3,11,8,0.14285714285714285,0.4117647058823529,0.11764705882352941,0.8869217202550536,16,7,3.0,3,6,2,13,6,0.7142857142857143,0.1875,2
Qwen2.5-72B,73,Can't Take My Eyes Off You,16,12,4,3,1,3,3,4,0,4,3,0.75,0.3333333333333333,0.25,0.8294853294853296,11,4,3.0,3,2,3,5,2,0.16666666666666666,0.2727272727272727,3
Qwen2.5-72B,74,Angleton High School,21,23,0,0,0,0,0,14,1,13,0,0.0,0.0,0.0,0.9114336643748407,0,0,0.0,0,0,0,0,0,0.0,0.0,0
Qwen2.5-72B,75,List of colleges and universities in Connecticut,7,7,0,0,0,0,0,4,1,3,0,0.0,0.0,0.0,0.5714285714285715,0,0,0.0,0,0,0,0,0,0.0,0.0,0
Qwen2.5-72B,76,Ost Autobahn,23,6,1,1,0,1,1,11,7,4,2,0.09090909090909091,0.16666666666666666,0.16666666666666666,0.9020289855072464,3,1,3.0,3,1,1,3,1,0.0,1.0,1
Qwen2.5-72B,77,Anthony Steel (actor),14,12,1,1,0,1,1,7,2,5,1,0.14285714285714285,0.08333333333333333,0.08333333333333333,0.6865079365079364,3,1,3.0,3,1,1,3,1,0.0,1.0,1
Qwen2.5-72B,78,Dieudonné Gnammankou,18,17,3,3,0,2,2,16,3,13,3,0.125,0.17647058823529413,0.11764705882352941,0.8133333333333335,8,3,3.0,3,2,2,5,2,0.3333333333333333,0.375,2
Qwen2.5-72B,79,Your Disco Needs You,17,16,1,1,0,1,1,15,1,14,1,0.06666666666666667,0.0625,0.0625,0.6510989010989011,3,1,3.0,3,1,1,3,1,0.0,1.0,1
Qwen2.5-72B,80,Outline of South Sudan,16,13,1,1,0,1,1,7,0,7,1,0.14285714285714285,0.07692307692307693,0.07692307692307693,0.6998316498316498,3,1,3.0,3,1,1,3,1,0.0,1.0,1
Qwen2.5-72B,81,Liverpool Neurological Infectious Diseases Course,20,5,0,0,0,0,0,2,0,2,0,0.0,0.0,0.0,0.4646464646464647,0,0,0.0,0,0,0,0,0,0.0,0.0,0
Qwen2.5-72B,82,Breakout (video game),16,3,0,0,0,0,0,0,0,0,0,,0.0,0.0,0.7555555555555555,0,0,0.0,0,0,0,0,0,0.0,0.0,0
Qwen2.5-72B,83,Winnebago War,14,7,0,0,0,0,0,4,0,4,0,0.0,0.0,0.0,0.8222561751973517,0,0,0.0,0,0,0,0,0,0.0,0.0,0
Qwen2.5-72B,84,Schizoanalysis,8,8,0,0,0,0,0,7,0,7,0,0.0,0.0,0.0,0.72991452991453,0,0,0.0,0,0,0,0,0,0.0,0.0,0
Qwen2.5-72B,85,Paul Beliën,13,9,0,0,0,0,0,6,2,4,0,0.0,0.0,0.0,0.6286393345216875,0,0,0.0,0,0,0,0,0,0.0,0.0,0
Qwen2.5-72B,86,John R. Thurman,18,13,3,3,0,1,1,9,1,8,3,0.1111111111111111,0.23076923076923078,0.07692307692307693,0.6792359687096529,7,3,3.0,3,3,1,7,3,1.0,0.42857142857142855,1
Qwen2.5-72B,87,María la del Barrio,24,21,3,3,0,1,1,20,0,20,3,0.05,0.14285714285714285,0.047619047619047616,0.934349593495935,7,3,3.0,3,3,1,7,3,1.0,0.42857142857142855,1
Qwen2.5-72B,88,Tigran Petrosian,22,22,2,2,0,1,1,20,1,19,2,0.05,0.09090909090909091,0.045454545454545456,0.8574481074481075,5,2,3.0,3,2,1,5,2,1.0,0.6,1
Qwen2.5-72B,89,This Little Girl of Mine,15,12,1,1,0,1,1,8,0,8,1,0.125,0.08333333333333333,0.08333333333333333,0.8547619047619048,3,1,3.0,3,1,1,3,1,0.0,1.0,1
Qwen2.5-72B,90,Ernesto D'Alessio,20,19,0,0,0,0,0,13,1,12,0,0.0,0.0,0.0,0.8110766045548655,0,0,0.0,0,0,0,0,0,0.0,0.0,0
Qwen2.5-72B,91,João Paulo de Silva,15,13,3,2,1,2,1,11,4,7,3,0.09090909090909091,0.23076923076923078,0.15384615384615385,0.6277777777777778,8,3,3.0,3,2,2,5,2,0.3333333333333333,0.375,2
Qwen2.5-72B,92,Regal Mountain,15,15,1,1,0,1,1,9,0,9,1,0.1111111111111111,0.06666666666666667,0.06666666666666667,0.75999895979612,3,1,3.0,3,1,1,3,1,0.0,1.0,1
Qwen2.5-72B,93,Il regalo più grande,15,19,7,7,0,2,2,15,1,14,8,0.13333333333333333,0.3684210526315789,0.10526315789473684,0.7981944444444444,15,7,3.0,3,6,1,15,7,0.7619047619047619,0.2,2
Qwen2.5-72B,94,East Asia Economic Caucus,18,21,4,4,0,2,2,22,2,20,4,0.09090909090909091,0.19047619047619047,0.09523809523809523,0.9029982363315696,8,4,3.0,3,2,1,8,4,0.6666666666666666,0.375,2
Qwen2.5-72B,95,Tiana (Disney),16,9,2,2,0,2,2,10,2,8,3,0.2,0.2222222222222222,0.2222222222222222,0.627972027972028,6,2,3.0,3,1,2,3,1,0.0,0.5,2
Qwen2.5-72B,96,Vesper sparrow,8,9,0,0,0,0,0,9,1,8,0,0.0,0.0,0.0,0.8240179573512907,0,0,0.0,0,0,0,0,0,0.0,0.0,0
Qwen2.5-72B,97,Silvan Elves,25,26,3,3,0,1,1,33,9,24,6,0.030303030303030304,0.11538461538461539,0.038461538461538464,0.7980392156862747,7,3,3.0,3,3,1,7,3,1.0,0.42857142857142855,1
Qwen2.5-72B,98,ABBA Live,24,16,3,3,0,1,1,10,0,10,3,0.1,0.1875,0.0625,0.8640618640618641,7,3,3.0,3,3,1,7,3,1.0,0.42857142857142855,1
Qwen2.5-72B,99,Young Wild Things Tour,20,14,6,6,0,2,2,12,1,11,7,0.16666666666666666,0.42857142857142855,0.14285714285714285,0.8257875457875458,14,6,3.0,3,5,2,11,5,0.6666666666666666,0.21428571428571427,2
Qwen2.5-72B,100,Samuel C. Brightman,17,11,1,1,0,1,1,12,3,9,2,0.08333333333333333,0.09090909090909091,0.09090909090909091,0.8015873015873015,3,1,3.0,3,1,1,3,1,0.0,1.0,1
Qwen2.5-72B,101,Alberto Valenzuela Llanos,16,13,0,0,0,0,0,9,0,9,0,0.0,0.0,0.0,0.8319497658578118,0,0,0.0,0,0,0,0,0,0.0,0.0,0
Qwen2.5-72B,102,Amandeep Khare,16,14,3,3,0,2,2,12,2,10,4,0.16666666666666666,0.21428571428571427,0.14285714285714285,0.7764912280701753,7,3,3.0,3,2,1,7,3,0.6666666666666666,0.42857142857142855,2
Qwen2.5-72B,103,Blank Page,15,12,2,2,0,1,1,9,1,8,2,0.1111111111111111,0.16666666666666666,0.08333333333333333,0.9134085213032582,5,2,3.0,3,2,1,5,2,1.0,0.6,1
Qwen2.5-72B,104,Jared Allen,17,14,1,1,0,1,1,10,1,9,1,0.1,0.07142857142857142,0.07142857142857142,0.7059581320450885,3,1,3.0,3,1,1,3,1,0.0,1.0,1
Qwen2.5-72B,105,The Hurting,21,18,3,2,1,2,1,11,2,9,3,0.09090909090909091,0.16666666666666666,0.1111111111111111,0.7566271409749671,8,3,3.0,3,2,2,5,2,0.3333333333333333,0.375,2
Qwen2.5-72B,106,Link River,16,12,2,2,0,2,2,10,1,9,3,0.2,0.16666666666666666,0.16666666666666666,0.8504185299850935,6,2,3.0,3,1,2,3,1,0.0,0.5,2
Qwen2.5-72B,107,Ali Kuli Khan Khattak,13,6,0,0,0,0,0,4,1,3,0,0.0,0.0,0.0,0.8047619047619049,0,0,0.0,0,0,0,0,0,0.0,0.0,0
Qwen2.5-72B,108,Paul Morphy,20,16,5,5,0,2,2,14,2,12,6,0.14285714285714285,0.3125,0.125,0.7880701754385965,12,5,3.0,3,4,2,9,4,0.6,0.25,2
Qwen2.5-72B,109,Gloria Estefan albums discography,24,29,5,3,2,4,2,16,2,14,3,0.125,0.1724137931034483,0.13793103448275862,0.8898809523809524,14,5,3.0,3,2,4,5,2,0.1,0.21428571428571427,4
Qwen2.5-72B,110,Tōkai region,23,20,0,0,0,0,0,20,2,18,0,0.0,0.0,0.0,0.8955513388150959,0,0,0.0,0,0,0,0,0,0.0,0.0,0
Qwen2.5-72B,111,Parks in Greater St. Louis,17,14,0,0,0,0,0,10,4,6,0,0.0,0.0,0.0,0.7263157894736842,0,0,0.0,0,0,0,0,0,0.0,0.0,0
Qwen2.5-72B,112,Loopline Bridge,19,18,3,3,0,1,1,10,3,7,4,0.1,0.16666666666666666,0.05555555555555555,0.9871794871794872,7,3,3.0,3,3,1,7,3,1.0,0.42857142857142855,1
Qwen2.5-72B,113,Catholic Church in the Maldives,14,13,3,3,0,2,2,11,2,9,3,0.18181818181818182,0.23076923076923078,0.15384615384615385,0.9118875620423608,7,3,3.0,3,2,1,7,3,0.6666666666666666,0.42857142857142855,2
Qwen2.5-72B,114,Across the Black Waters,16,12,3,3,0,2,2,10,3,7,3,0.2,0.25,0.16666666666666666,0.7752100840336134,8,3,3.0,3,2,2,5,2,0.3333333333333333,0.375,2
Qwen2.5-72B,115,Cove Lake State Park,14,11,0,0,0,0,0,8,0,8,0,0.0,0.0,0.0,0.8210084033613446,0,0,0.0,0,0,0,0,0,0.0,0.0,0
Qwen2.5-72B,116,German torpedo boat Kondor,18,9,0,0,0,0,0,9,3,6,0,0.0,0.0,0.0,0.5612535612535613,0,0,0.0,0,0,0,0,0,0.0,0.0,0
Qwen2.5-72B,117,Foulsyke,17,10,5,5,0,1,1,9,0,9,5,0.1111111111111111,0.5,0.1,0.8720779220779221,11,5,3.0,3,5,1,11,5,1.0,0.2727272727272727,1
Qwen2.5-72B,118,Le Ventre de Paris,15,10,3,3,0,3,3,9,2,7,4,0.3333333333333333,0.3,0.3,0.8710010319917441,9,3,3.0,3,1,3,3,1,0.0,0.3333333333333333,3
Qwen2.5-72B,119,Energy and Environmental Security Initiative,18,27,0,0,0,0,0,4,1,3,0,0.0,0.0,0.0,0.9916666666666667,0,0,0.0,0,0,0,0,0,0.0,0.0,0
Qwen2.5-72B,120,Ne crois pas,15,15,0,0,0,0,0,12,1,11,0,0.0,0.0,0.0,0.9280844645550529,0,0,0.0,0,0,0,0,0,0.0,0.0,0
Qwen2.5-72B,121,Downy,28,1,0,0,0,0,0,1,0,1,0,0.0,0.0,0.0,0.9739091318038687,0,0,0.0,0,0,0,0,0,0.0,0.0,0
Qwen2.5-72B,122,Boltenhagen,18,19,1,1,0,1,1,9,1,8,1,0.1111111111111111,0.05263157894736842,0.05263157894736842,0.8493589743589743,3,1,3.0,3,1,1,3,1,0.0,1.0,1
Qwen2.5-72B,123,Upper Ammonoosuc River,23,13,0,0,0,0,0,5,0,5,0,0.0,0.0,0.0,0.7221505376344086,0,0,0.0,0,0,0,0,0,0.0,0.0,0
Qwen2.5-72B,124,Michael Giacchino,28,28,0,0,0,0,0,6,1,5,0,0.0,0.0,0.0,0.2986111111111111,0,0,0.0,0,0,0,0,0,0.0,0.0,0
Qwen2.5-72B,125,Oberliga Rheinland-Pfalz/Saar,16,9,1,0,1,1,0,7,1,6,0,0.0,0.1111111111111111,0.1111111111111111,0.8397016926428691,3,1,3.0,3,1,1,3,1,0.0,1.0,1
Qwen2.5-72B,126,Siberia Governorate,11,11,0,0,0,0,0,10,1,9,0,0.0,0.0,0.0,0.7859477124183006,0,0,0.0,0,0,0,0,0,0.0,0.0,0
Qwen2.5-72B,127,Raymond Hermantier,19,13,5,4,1,2,2,14,5,9,7,0.14285714285714285,0.38461538461538464,0.15384615384615385,0.7807974481658692,12,5,3.0,3,3,2,7,3,0.4,0.25,2
Qwen2.5-72B,128,Kurt Tucholsky,30,26,6,4,2,3,3,20,5,15,6,0.15,0.23076923076923078,0.11538461538461539,0.9203431372549019,13,6,3.0,3,3,2,10,5,0.4,0.23076923076923078,3
Qwen2.5-72B,129,Urgut,11,18,2,1,1,2,1,9,3,6,2,0.1111111111111111,0.1111111111111111,0.1111111111111111,0.8721001221001221,6,2,3.0,3,1,2,3,1,0.0,0.5,2
Qwen2.5-72B,130,N. C. Wyeth,15,15,1,1,0,1,1,9,1,8,1,0.1111111111111111,0.06666666666666667,0.06666666666666667,0.8584656084656085,3,1,3.0,3,1,1,3,1,0.0,1.0,1
Qwen2.5-72B,131,Bound Brook (Raritan River tributary),20,17,0,0,0,0,0,23,9,14,0,0.0,0.0,0.0,0.7905138339920948,0,0,0.0,0,0,0,0,0,0.0,0.0,0
Qwen2.5-72B,132,Bombtrack,23,15,3,3,0,2,2,8,1,7,4,0.25,0.2,0.13333333333333333,0.9296969696969697,8,3,3.0,3,2,2,5,2,0.3333333333333333,0.375,2
Qwen2.5-72B,133,Christine Razanamahasoa,24,23,4,4,0,1,1,20,3,17,4,0.05,0.17391304347826086,0.043478260869565216,0.9281840646497028,8,4,3.0,3,4,1,8,4,1.0,0.375,1
Qwen2.5-72B,134,Shihlin Electric,24,22,5,5,0,2,2,21,1,20,5,0.09523809523809523,0.22727272727272727,0.09090909090909091,0.8907094197791873,12,5,3.0,3,4,2,9,4,0.6,0.25,2
Qwen2.5-72B,135,Wayne Gretzky Drive,20,12,0,0,0,0,0,8,0,8,0,0.0,0.0,0.0,0.7760619690154922,0,0,0.0,0,0,0,0,0,0.0,0.0,0
Qwen2.5-72B,136,Inner Life,17,12,5,3,2,3,2,8,3,5,4,0.25,0.4166666666666667,0.25,0.8543096872616324,11,5,3.0,3,2,2,8,4,0.4,0.2727272727272727,3
Qwen2.5-72B,137,Ahmet Kaya,14,13,5,4,1,1,1,12,1,11,6,0.08333333333333333,0.38461538461538464,0.07692307692307693,0.8076625386996904,11,5,3.0,3,5,1,11,5,1.0,0.2727272727272727,1
Qwen2.5-72B,138,Leone Marucci,24,22,2,2,0,1,1,12,3,9,3,0.08333333333333333,0.09090909090909091,0.045454545454545456,0.5914614121510673,5,2,3.0,3,2,1,5,2,1.0,0.6,1
Qwen2.5-72B,139,Susan Pharr,11,12,4,4,0,1,1,14,3,11,7,0.07142857142857142,0.3333333333333333,0.08333333333333333,0.8786377708978327,9,4,3.0,3,4,1,9,4,1.0,0.3333333333333333,1
Qwen2.5-72B,140,Sycamore Canyon Wilderness,40,34,6,6,0,1,1,18,2,16,6,0.05555555555555555,0.17647058823529413,0.029411764705882353,0.9615384615384616,13,6,3.0,3,6,1,13,6,1.0,0.23076923076923078,1
Qwen2.5-72B,141,Eva Bosáková,19,22,8,8,0,2,2,26,11,15,11,0.07692307692307693,0.36363636363636365,0.09090909090909091,0.7616641031275178,17,8,3.0,3,5,1,17,8,0.5,0.17647058823529413,2
Qwen2.5-72B,142,Ripton (fictional town),13,14,2,2,0,2,2,8,0,8,2,0.25,0.14285714285714285,0.14285714285714285,0.7224945533769063,6,2,3.0,3,1,2,3,1,0.0,0.5,2
Qwen2.5-72B,143,Khooni Khanjar,22,21,9,9,0,2,2,9,0,9,9,0.2222222222222222,0.42857142857142855,0.09523809523809523,0.6469925738218422,20,9,3.0,3,5,2,11,5,0.4444444444444444,0.15,2
Qwen2.5-72B,144,Barry University School of Podiatric Medicine,16,12,6,6,0,2,2,10,2,8,8,0.2,0.5,0.16666666666666666,0.6458333333333334,14,6,3.0,3,5,2,11,5,0.6666666666666666,0.21428571428571427,2
Qwen2.5-72B,145,Louise Faure-Favier,16,15,0,0,0,0,0,10,1,9,0,0.0,0.0,0.0,0.8420779220779221,0,0,0.0,0,0,0,0,0,0.0,0.0,0
Qwen2.5-72B,146,Kirnitzschtal tramway,17,15,0,0,0,0,0,9,3,6,0,0.0,0.0,0.0,0.9290698566060885,0,0,0.0,0,0,0,0,0,0.0,0.0,0
Qwen2.5-72B,148,Joy Division discography,14,14,8,8,0,2,2,12,2,10,9,0.16666666666666666,0.5714285714285714,0.14285714285714285,0.7544368166793797,15,8,3.0,3,5,1,15,8,0.5714285714285714,0.2,2
Qwen2.5-72B,149,Franck Piccard,23,23,0,0,0,0,0,19,2,17,0,0.0,0.0,0.0,0.6645833333333333,0,0,0.0,0,0,0,0,0,0.0,0.0,0
Qwen2.5-72B,150,John Alexander Boyd,23,18,0,0,0,0,0,17,3,14,0,0.0,0.0,0.0,0.8253198653198653,0,0,0.0,0,0,0,0,0,0.0,0.0,0
Qwen2.5-72B,151,Hélé Béji,19,14,3,3,0,1,1,14,4,10,5,0.07142857142857142,0.21428571428571427,0.07142857142857142,0.7194444444444444,7,3,3.0,3,3,1,7,3,1.0,0.42857142857142855,1
Qwen2.5-72B,152,Perpetual virginity of Mary,24,17,0,0,0,0,0,20,7,13,0,0.0,0.0,0.0,0.9545454545454546,0,0,0.0,0,0,0,0,0,0.0,0.0,0
Qwen2.5-72B,153,Rachel Proctor,25,22,10,10,0,3,3,14,1,13,10,0.21428571428571427,0.45454545454545453,0.13636363636363635,0.8032075137338296,22,10,3.0,3,8,2,19,9,0.6444444444444445,0.13636363636363635,3
Qwen2.5-72B,154,Die Haut,18,14,2,1,1,1,1,5,0,5,2,0.2,0.14285714285714285,0.07142857142857142,0.7123015873015873,5,2,3.0,3,2,1,5,2,1.0,0.6,1
Qwen2.5-72B,155,Mehmet Çetingöz,16,13,4,2,2,1,1,6,1,5,2,0.16666666666666666,0.3076923076923077,0.07692307692307693,0.7227791701475912,9,4,3.0,3,4,1,9,4,1.0,0.3333333333333333,1
Qwen2.5-72B,156,Extreme Makeover: Home Edition,20,19,1,1,0,1,1,17,1,16,1,0.058823529411764705,0.05263157894736842,0.05263157894736842,0.8991596638655462,3,1,3.0,3,1,1,3,1,0.0,1.0,1
Qwen2.5-72B,157,George Prévost,23,19,6,4,2,1,1,10,0,10,4,0.1,0.3157894736842105,0.05263157894736842,0.923076923076923,13,6,3.0,3,6,1,13,6,1.0,0.23076923076923078,1
Qwen2.5-72B,158,"Tire, İzmir",18,13,1,1,0,1,1,11,2,9,2,0.09090909090909091,0.07692307692307693,0.07692307692307693,0.8405067155067155,3,1,3.0,3,1,1,3,1,0.0,1.0,1
Qwen2.5-72B,159,Oecophora bractella,16,17,1,1,0,1,1,10,0,10,1,0.1,0.058823529411764705,0.058823529411764705,0.6266043897622845,3,1,3.0,3,1,1,3,1,0.0,1.0,1
Qwen2.5-72B,160,U.S. European Command State Partnership Program,18,18,3,2,1,2,1,20,8,12,4,0.05,0.16666666666666666,0.1111111111111111,0.964696223316913,7,3,3.0,3,2,1,7,3,0.6666666666666666,0.42857142857142855,2
Qwen2.5-72B,161,The Swingle Singers,22,16,0,0,0,0,0,10,0,10,0,0.0,0.0,0.0,0.9527691511387163,0,0,0.0,0,0,0,0,0,0.0,0.0,0
Qwen2.5-72B,162,Pete Ham,18,13,2,2,0,1,1,7,2,5,4,0.14285714285714285,0.15384615384615385,0.07692307692307693,0.6648148148148149,5,2,3.0,3,2,1,5,2,1.0,0.6,1
Qwen2.5-72B,163,Beijing Ducks,13,11,2,2,0,1,1,11,2,9,3,0.09090909090909091,0.18181818181818182,0.09090909090909091,0.9301587301587301,5,2,3.0,3,2,1,5,2,1.0,0.6,1
Qwen2.5-72B,164,Hope Town,11,10,1,1,0,1,1,5,0,5,1,0.2,0.1,0.1,0.8417366946778712,3,1,3.0,3,1,1,3,1,0.0,1.0,1
Qwen2.5-72B,165,Calueque,13,16,1,1,0,1,1,7,3,4,1,0.14285714285714285,0.0625,0.0625,0.7987012987012987,3,1,3.0,3,1,1,3,1,0.0,1.0,1
Qwen2.5-72B,166,Ali Akbar Moradi,23,5,0,0,0,0,0,2,1,1,0,0.0,0.0,0.0,0.8175121900612097,0,0,0.0,0,0,0,0,0,0.0,0.0,0
Qwen2.5-72B,167,Dan Chupong,17,17,0,0,0,0,0,10,0,10,0,0.0,0.0,0.0,0.8124786324786325,0,0,0.0,0,0,0,0,0,0.0,0.0,0
Qwen2.5-72B,168,Mount Shinn,29,22,5,4,1,2,1,23,2,21,4,0.043478260869565216,0.22727272727272727,0.09090909090909091,0.8496442255062945,12,5,3.0,3,4,2,9,4,0.6,0.25,2
Qwen2.5-72B,169,Georg Jochmann,22,17,6,5,1,1,1,15,4,11,7,0.06666666666666667,0.35294117647058826,0.058823529411764705,0.9001991238550379,13,6,3.0,3,6,1,13,6,1.0,0.23076923076923078,1
Qwen2.5-72B,170,Abdul Jabar Sabet,17,10,0,0,0,0,0,11,3,8,0,0.0,0.0,0.0,0.8661881977671451,0,0,0.0,0,0,0,0,0,0.0,0.0,0
Qwen2.5-72B,171,Joseph Octave Mousseau,21,15,1,1,0,1,1,13,1,12,1,0.07692307692307693,0.06666666666666667,0.06666666666666667,0.8720779220779221,3,1,3.0,3,1,1,3,1,0.0,1.0,1
Qwen2.5-72B,172,Christian Atsu,21,16,0,0,0,0,0,13,2,11,0,0.0,0.0,0.0,0.9000410509031198,0,0,0.0,0,0,0,0,0,0.0,0.0,0
Qwen2.5-72B,173,Kahului Airport,22,16,4,4,0,2,2,14,3,11,5,0.14285714285714285,0.25,0.125,0.9243827160493828,10,4,3.0,3,3,2,7,3,0.5,0.3,2
Qwen2.5-72B,174,Greatest Hits (A-Teens album),24,24,8,8,0,3,3,21,0,21,8,0.14285714285714285,0.3333333333333333,0.125,0.8286647992530346,18,8,3.0,3,5,2,15,7,0.4642857142857143,0.16666666666666666,3
Qwen2.5-72B,175,Torrejonian,13,7,0,0,0,0,0,10,8,2,0,0.0,0.0,0.0,0.9047619047619048,0,0,0.0,0,0,0,0,0,0.0,0.0,0
Qwen2.5-72B,177,Metropolitan statistical area,11,7,0,0,0,0,0,7,0,7,0,0.0,0.0,0.0,0.7999999999999999,0,0,0.0,0,0,0,0,0,0.0,0.0,0
Qwen2.5-72B,178,Sarah Gibb,25,20,3,0,3,1,0,11,2,9,0,0.0,0.15,0.05,0.7563636363636363,7,3,3.0,3,3,1,7,3,1.0,0.42857142857142855,1
Qwen2.5-72B,179,List of songs recorded by Rage Against the Machine,27,27,5,0,5,1,0,13,1,12,5,0.0,0.18518518518518517,0.037037037037037035,0.9334945018835596,11,5,3.0,3,5,1,11,5,1.0,0.2727272727272727,1
Qwen2.5-72B,180,National Turkey Federation,13,10,2,2,0,1,1,9,1,8,2,0.1111111111111111,0.2,0.1,0.9285714285714285,5,2,3.0,3,2,1,5,2,1.0,0.6,1
Qwen2.5-72B,181,Mike Padden,25,19,6,5,1,3,2,18,6,12,6,0.1111111111111111,0.3157894736842105,0.15789473684210525,0.8609523809523809,13,6,3.0,3,3,1,13,6,0.4,0.23076923076923078,3
Qwen2.5-72B,182,Puskás,29,28,2,1,1,2,1,15,6,9,1,0.06666666666666667,0.07142857142857142,0.07142857142857142,0.6897167160325055,6,2,3.0,3,1,2,3,1,0.0,0.5,2
Qwen2.5-72B,183,Zevs (artist),19,25,3,3,0,2,2,11,1,10,3,0.18181818181818182,0.12,0.08,0.753566659638766,7,3,3.0,3,2,1,7,3,0.6666666666666666,0.42857142857142855,2
Qwen2.5-72B,184,Camp Caves,20,17,0,0,0,0,0,13,6,7,0,0.0,0.0,0.0,0.7020956530760453,0,0,0.0,0,0,0,0,0,0.0,0.0,0
Qwen2.5-72B,185,Independent Democratic Action,21,17,2,2,0,2,2,19,4,15,3,0.10526315789473684,0.11764705882352941,0.11764705882352941,0.9108641975308642,6,2,3.0,3,1,2,3,1,0.0,0.5,2
Qwen2.5-72B,186,I Knew You Were Trouble,27,24,6,4,2,1,1,16,2,14,4,0.0625,0.25,0.041666666666666664,0.8377976190476191,13,6,3.0,3,6,1,13,6,1.0,0.23076923076923078,1
Qwen2.5-72B,187,Great South Australian Coastal Upwelling System,16,10,0,0,0,0,0,10,1,9,0,0.0,0.0,0.0,0.9019607843137255,0,0,0.0,0,0,0,0,0,0.0,0.0,0
Qwen2.5-72B,188,X-Men Legends II: Rise of Apocalypse,17,4,0,0,0,0,0,1,0,1,0,0.0,0.0,0.0,0.9138888888888889,0,0,0.0,0,0,0,0,0,0.0,0.0,0
Qwen2.5-72B,189,Çağlar Söyüncü,16,11,0,0,0,0,0,7,2,5,0,0.0,0.0,0.0,0.8401771336553945,0,0,0.0,0,0,0,0,0,0.0,0.0,0
Qwen2.5-72B,190,Chachalaca,23,18,1,0,1,1,0,7,1,6,0,0.0,0.05555555555555555,0.05555555555555555,0.6271929824561403,3,1,3.0,3,1,1,3,1,0.0,1.0,1
Qwen2.5-72B,191,William James Wallace,21,13,2,2,0,1,1,12,1,11,2,0.08333333333333333,0.15384615384615385,0.07692307692307693,0.8138825324180016,5,2,3.0,3,2,1,5,2,1.0,0.6,1
Qwen2.5-72B,192,Horst Eidenmüller,28,21,4,0,4,1,0,2,1,1,0,0.0,0.19047619047619047,0.047619047619047616,0.7565831086254535,9,4,3.0,3,4,1,9,4,1.0,0.3333333333333333,1
Qwen2.5-72B,193,Goght,20,12,0,0,0,0,0,1,0,1,0,0.0,0.0,0.0,0.8470276999688764,0,0,0.0,0,0,0,0,0,0.0,0.0,0
Qwen2.5-72B,194,Riksakten,16,20,0,0,0,0,0,15,1,14,0,0.0,0.0,0.0,0.9084175084175085,0,0,0.0,0,0,0,0,0,0.0,0.0,0
Qwen2.5-72B,195,Astana International Financial Centre,18,15,0,0,0,0,0,12,0,12,0,0.0,0.0,0.0,0.9632478632478633,0,0,0.0,0,0,0,0,0,0.0,0.0,0
Qwen2.5-72B,196,Amos Hochstein,22,12,5,4,1,1,1,10,2,8,5,0.1,0.4166666666666667,0.08333333333333333,0.7044593088071349,11,5,3.0,3,5,1,11,5,1.0,0.2727272727272727,1
Qwen2.5-72B,197,Gregorio Pacheco,10,10,0,0,0,0,0,3,0,3,0,0.0,0.0,0.0,0.7829131652661063,0,0,0.0,0,0,0,0,0,0.0,0.0,0
Qwen2.5-72B,198,Pete Murray,18,14,7,7,0,1,1,10,2,8,7,0.1,0.5,0.07142857142857142,0.802536231884058,15,7,3.0,3,7,1,15,7,1.0,0.2,1
Qwen2.5-72B,199,Malpai Borderlands,14,10,0,0,0,0,0,8,1,7,0,0.0,0.0,0.0,0.9396825396825396,0,0,0.0,0,0,0,0,0,0.0,0.0,0
Qwen2.5-72B,200,Lost Verizon,16,13,3,1,2,2,1,10,1,9,2,0.1,0.23076923076923078,0.15384615384615385,0.7696839080459771,7,3,3.0,3,2,1,7,3,0.6666666666666666,0.42857142857142855,2
Qwen2.5-72B,201,Leandro Mbomio Nsue,21,11,3,3,0,1,1,9,2,7,4,0.1111111111111111,0.2727272727272727,0.09090909090909091,0.7219473184385464,7,3,3.0,3,3,1,7,3,1.0,0.42857142857142855,1
Qwen2.5-72B,202,LEC billing,23,23,2,0,2,1,0,7,1,6,0,0.0,0.08695652173913043,0.043478260869565216,0.9888888888888889,5,2,3.0,3,2,1,5,2,1.0,0.6,1
Qwen2.5-72B,203,Joe Gates,13,17,2,1,1,1,1,15,1,14,1,0.06666666666666667,0.11764705882352941,0.058823529411764705,0.8877954144620812,5,2,3.0,3,2,1,5,2,1.0,0.6,1
Qwen2.5-72B,204,Lunula (amulet),26,10,1,1,0,1,1,9,2,7,2,0.1111111111111111,0.1,0.1,0.918954248366013,3,1,3.0,3,1,1,3,1,0.0,1.0,1
Qwen2.5-72B,205,Schiedea haleakalensis,13,12,3,2,1,1,1,9,2,7,3,0.1111111111111111,0.25,0.08333333333333333,0.8027777777777777,7,3,3.0,3,3,1,7,3,1.0,0.42857142857142855,1
Qwen2.5-72B,206,Jeanne Thérèse du Han,21,21,0,0,0,0,0,19,1,18,0,0.0,0.0,0.0,0.8192592592592592,0,0,0.0,0,0,0,0,0,0.0,0.0,0
Qwen2.5-72B,207,Kokumin Dōmei,25,15,3,3,0,3,3,14,2,12,4,0.21428571428571427,0.2,0.2,0.923076923076923,9,3,3.0,3,1,3,3,1,0.0,0.3333333333333333,3
Qwen2.5-72B,208,Vanya Mishra,19,12,2,1,1,2,1,8,1,7,1,0.125,0.16666666666666666,0.16666666666666666,0.7343358395989975,6,2,3.0,3,1,2,3,1,0.0,0.5,2
Qwen2.5-72B,209,Kitigan Zibi,25,22,0,0,0,0,0,7,1,6,0,0.0,0.0,0.0,0.8053639846743295,0,0,0.0,0,0,0,0,0,0.0,0.0,0
Qwen2.5-72B,210,CKNL-FM,21,20,5,5,0,1,1,17,2,15,5,0.058823529411764705,0.25,0.05,0.6870122630992196,11,5,3.0,3,5,1,11,5,1.0,0.2727272727272727,1
Qwen2.5-72B,211,William Hepburn Armstrong,25,27,11,10,1,1,1,25,3,22,12,0.04,0.4074074074074074,0.037037037037037035,0.7742862479704584,23,11,3.0,3,11,1,23,11,1.0,0.13043478260869565,1
Qwen2.5-72B,212,Joseph Israel,19,11,3,3,0,2,2,10,3,7,4,0.2,0.2727272727272727,0.18181818181818182,0.7678571428571429,7,3,3.0,3,2,1,7,3,0.6666666666666666,0.42857142857142855,2
Qwen2.5-72B,213,Ellerbusch Site,5,3,0,0,0,0,0,2,1,1,0,0.0,0.0,0.0,0.7777777777777778,0,0,0.0,0,0,0,0,0,0.0,0.0,0
Qwen2.5-72B,214,Brother Man,11,11,0,0,0,0,0,7,3,4,0,0.0,0.0,0.0,0.8136123136123136,0,0,0.0,0,0,0,0,0,0.0,0.0,0
Qwen2.5-72B,215,Big Muddy Creek (Missouri River tributary),22,15,1,1,0,1,1,11,1,10,1,0.09090909090909091,0.06666666666666667,0.06666666666666667,0.9106837606837607,3,1,3.0,3,1,1,3,1,0.0,1.0,1
Qwen2.5-72B,216,Clear and Present Danger (film),18,15,3,3,0,1,1,10,1,9,4,0.1,0.2,0.06666666666666667,0.8367049114331723,7,3,3.0,3,3,1,7,3,1.0,0.42857142857142855,1
Qwen2.5-72B,217,Osmund Ueland,15,7,3,3,0,1,1,6,1,5,3,0.16666666666666666,0.42857142857142855,0.14285714285714285,0.7819444444444444,7,3,3.0,3,3,1,7,3,1.0,0.42857142857142855,1
Qwen2.5-72B,218,Alecu Russo,17,15,3,3,0,2,2,11,3,8,5,0.18181818181818182,0.2,0.13333333333333333,0.5469040247678018,8,3,3.0,3,2,2,5,2,0.3333333333333333,0.375,2
Qwen2.5-72B,219,Ramapo High School (New Jersey),15,9,0,0,0,0,0,5,1,4,0,0.0,0.0,0.0,0.6798020692757535,0,0,0.0,0,0,0,0,0,0.0,0.0,0
Qwen2.5-72B,220,Tulelake camp,22,18,9,7,2,3,3,22,8,14,13,0.13636363636363635,0.5,0.16666666666666666,0.875,20,9,3.0,3,5,2,13,6,0.3888888888888889,0.15,3
Qwen2.5-72B,221,Tomasz Bohdanowicz-Dworzecki,20,12,1,1,0,1,1,11,3,8,1,0.09090909090909091,0.08333333333333333,0.08333333333333333,0.6590909090909091,3,1,3.0,3,1,1,3,1,0.0,1.0,1
Qwen2.5-72B,222,"Financial District, Manhattan",21,16,7,7,0,4,4,15,1,14,7,0.26666666666666666,0.4375,0.25,0.962857142857143,16,7,3.0,3,3,2,13,6,0.2857142857142857,0.1875,4
Qwen2.5-72B,223,King Louie,12,9,2,1,1,1,1,7,1,6,1,0.14285714285714285,0.2222222222222222,0.1111111111111111,0.9317460317460317,5,2,3.0,3,2,1,5,2,1.0,0.6,1
Qwen2.5-72B,224,John Henry Dearle,15,18,4,4,0,2,2,16,3,13,5,0.125,0.2222222222222222,0.1111111111111111,0.7547979797979797,9,4,3.0,3,3,1,9,4,0.6666666666666666,0.3333333333333333,2
Qwen2.5-72B,225,Patrick Stettner,16,16,3,3,0,3,3,10,3,7,4,0.3,0.1875,0.1875,0.6010525422290128,9,3,3.0,3,1,3,3,1,0.0,0.3333333333333333,3
Qwen2.5-72B,226,Arjuna,20,16,3,3,0,1,1,16,0,16,3,0.0625,0.1875,0.0625,0.9324074074074075,7,3,3.0,3,3,1,7,3,1.0,0.42857142857142855,1
Qwen2.5-72B,227,The Two Mrs. Nahasapeemapetilons,14,14,3,2,1,1,1,13,2,11,2,0.07692307692307693,0.21428571428571427,0.07142857142857142,0.8933843933843933,7,3,3.0,3,3,1,7,3,1.0,0.42857142857142855,1
Qwen2.5-72B,228,Daniel Ajayi-Adeniran,12,16,3,3,0,2,2,13,0,13,3,0.15384615384615385,0.1875,0.125,0.8385202135774219,7,3,3.0,3,2,1,7,3,0.6666666666666666,0.42857142857142855,2
Qwen2.5-72B,229,Ocean Waves (film),19,16,2,2,0,1,1,10,1,9,2,0.1,0.125,0.0625,0.9166666666666666,5,2,3.0,3,2,1,5,2,1.0,0.6,1
Qwen2.5-72B,230,Mavis Grind,15,14,2,1,1,1,1,12,3,9,2,0.08333333333333333,0.14285714285714285,0.07142857142857142,0.841025641025641,5,2,3.0,3,2,1,5,2,1.0,0.6,1
Qwen2.5-72B,231,Ages of consent in Oceania,13,23,13,13,0,2,2,23,0,23,13,0.08695652173913043,0.5652173913043478,0.08695652173913043,0.9833333333333334,25,13,3.0,3,10,1,25,13,0.6538461538461539,0.12,2
Qwen2.5-72B,232,Trane's Blues,24,27,10,9,1,3,2,22,1,21,9,0.09090909090909091,0.37037037037037035,0.1111111111111111,0.8078179989944697,21,10,3.0,3,7,1,21,10,0.5555555555555556,0.14285714285714285,3
Qwen2.5-72B,233,Hooshang Seyhoun,18,17,2,2,0,1,1,13,2,11,2,0.07692307692307693,0.11764705882352941,0.058823529411764705,0.8203228869895537,5,2,3.0,3,2,1,5,2,1.0,0.6,1
Qwen2.5-72B,234,Thirteens (album),17,24,4,4,0,1,1,22,1,21,4,0.045454545454545456,0.16666666666666666,0.041666666666666664,0.74356467904855,8,4,3.0,3,4,1,8,4,1.0,0.375,1
Qwen2.5-72B,235,Babyfingers,13,11,2,2,0,1,1,10,0,10,2,0.1,0.18181818181818182,0.09090909090909091,0.7212454212454213,5,2,3.0,3,2,1,5,2,1.0,0.6,1
Qwen2.5-72B,236,"Brigden, Ontario",25,19,4,2,2,2,2,12,2,10,5,0.16666666666666666,0.21052631578947367,0.10526315789473684,0.7218841559612351,9,4,3.0,3,2,1,9,4,0.5,0.3333333333333333,2
Qwen2.5-72B,237,Carl Dix,10,8,1,1,0,1,1,4,0,4,1,0.25,0.125,0.125,0.7682692307692308,3,1,3.0,3,1,1,3,1,0.0,1.0,1
Qwen2.5-72B,238,US Airways Group,19,9,0,0,0,0,0,10,1,9,0,0.0,0.0,0.0,0.7521929824561404,0,0,0.0,0,0,0,0,0,0.0,0.0,0
Qwen2.5-72B,239,Jerry Steiner,20,17,4,4,0,1,1,13,1,12,4,0.07692307692307693,0.23529411764705882,0.058823529411764705,0.7827046887113628,9,4,3.0,3,4,1,9,4,1.0,0.3333333333333333,1
Qwen2.5-72B,240,Joan Burton,19,27,14,12,2,1,1,22,2,20,14,0.045454545454545456,0.5185185185185185,0.037037037037037035,0.8865848406546081,25,14,3.0,3,14,1,25,14,1.0,0.12,1
Qwen2.5-72B,241,How to Save a Life (Grey's Anatomy),20,35,7,7,0,2,2,31,1,30,7,0.06451612903225806,0.2,0.05714285714285714,0.847927927927928,16,7,3.0,3,5,2,11,5,0.5238095238095238,0.1875,2
Qwen2.5-72B,242,Lappeenranta,20,17,3,3,0,1,1,12,1,11,4,0.08333333333333333,0.17647058823529413,0.058823529411764705,0.8787878787878788,7,3,3.0,3,3,1,7,3,1.0,0.42857142857142855,1
Qwen2.5-72B,243,James P. Maher,28,22,4,4,0,1,1,23,4,19,6,0.043478260869565216,0.18181818181818182,0.045454545454545456,0.7977777777777778,9,4,3.0,3,4,1,9,4,1.0,0.3333333333333333,1
Qwen2.5-72B,244,"Statue of Jan Smuts, Parliament Square",25,14,1,1,0,1,1,15,4,11,2,0.06666666666666667,0.07142857142857142,0.07142857142857142,0.7608695652173912,3,1,3.0,3,1,1,3,1,0.0,1.0,1
Qwen2.5-72B,245,Panama during World War II,12,14,0,0,0,0,0,12,2,10,0,0.0,0.0,0.0,0.7462962962962963,0,0,0.0,0,0,0,0,0,0.0,0.0,0
Qwen2.5-72B,246,Arthur Percival,14,12,2,2,0,1,1,8,0,8,2,0.125,0.16666666666666666,0.08333333333333333,0.8839712918660286,5,2,3.0,3,2,1,5,2,1.0,0.6,1
Qwen2.5-72B,247,Holden New Zealand,19,18,0,0,0,0,0,20,4,16,0,0.0,0.0,0.0,0.85521421107628,0,0,0.0,0,0,0,0,0,0.0,0.0,0
Qwen2.5-72B,248,Piton des Neiges,25,13,2,2,0,2,2,11,5,6,3,0.18181818181818182,0.15384615384615385,0.15384615384615385,0.838727252914896,6,2,3.0,3,1,2,3,1,0.0,0.5,2
Qwen2.5-72B,249,Irish experiment,16,18,4,4,0,3,3,16,2,14,4,0.1875,0.2222222222222222,0.16666666666666666,0.8823329076202641,11,4,3.0,3,2,3,5,2,0.16666666666666666,0.2727272727272727,3
Qwen2.5-72B,250,Bookbinder soup,12,7,0,0,0,0,0,4,1,3,0,0.0,0.0,0.0,0.7178362573099415,0,0,0.0,0,0,0,0,0,0.0,0.0,0
Qwen2.5-72B,251,"Durán, Ecuador",17,9,1,1,0,1,1,8,1,7,1,0.125,0.1111111111111111,0.1111111111111111,0.9095022624434389,3,1,3.0,3,1,1,3,1,0.0,1.0,1
Qwen2.5-72B,252,Argentine heavy metal,20,19,0,0,0,0,0,10,2,8,0,0.0,0.0,0.0,0.8865740740740741,0,0,0.0,0,0,0,0,0,0.0,0.0,0
Qwen2.5-72B,253,Guarenas Cathedral,24,9,0,0,0,0,0,8,4,4,0,0.0,0.0,0.0,0.7853535353535354,0,0,0.0,0,0,0,0,0,0.0,0.0,0
Qwen2.5-72B,254,"Foots Creek, Oregon",14,13,3,3,0,2,2,12,1,11,4,0.16666666666666666,0.23076923076923078,0.15384615384615385,0.8959156785243741,8,3,3.0,3,2,2,5,2,0.3333333333333333,0.375,2
Qwen2.5-72B,255,Committee against the Finnish White Terror,14,10,6,5,1,1,1,11,3,8,5,0.09090909090909091,0.6,0.1,0.9824561403508772,13,6,3.0,3,6,1,13,6,1.0,0.23076923076923078,1
Qwen2.5-72B,256,Bessang Pass Natural Monument,21,9,0,0,0,0,0,8,4,4,0,0.0,0.0,0.0,0.9133986928104575,0,0,0.0,0,0,0,0,0,0.0,0.0,0
Qwen2.5-72B,257,Panlongcheng,20,17,9,9,0,3,3,13,3,10,12,0.23076923076923078,0.5294117647058824,0.17647058823529413,0.7810344827586206,19,9,3.0,3,6,1,19,9,0.5277777777777778,0.15789473684210525,3
Qwen2.5-72B,258,El Tren de los Momentos,20,8,0,0,0,0,0,8,1,7,0,0.0,0.0,0.0,0.8788638262322473,0,0,0.0,0,0,0,0,0,0.0,0.0,0
Qwen2.5-72B,259,Quokka,17,23,2,1,1,2,1,5,1,4,2,0.2,0.08695652173913043,0.08695652173913043,0.9089506172839507,6,2,3.0,3,1,2,3,1,0.0,0.5,2
Qwen2.5-72B,260,Google Springboard,12,11,0,0,0,0,0,8,0,8,0,0.0,0.0,0.0,0.6715686274509803,0,0,0.0,0,0,0,0,0,0.0,0.0,0
Qwen2.5-72B,261,White Sea,17,9,0,0,0,0,0,9,3,6,0,0.0,0.0,0.0,0.9555555555555556,0,0,0.0,0,0,0,0,0,0.0,0.0,0
Qwen2.5-72B,262,Robert K. Huntington,20,22,11,10,1,4,4,19,1,18,11,0.21052631578947367,0.5,0.18181818181818182,0.86882215007215,21,11,3.0,3,4,2,18,10,0.34545454545454546,0.14285714285714285,4
Qwen2.5-72B,263,Achilles Last Stand,19,19,8,8,0,4,4,12,2,10,9,0.3333333333333333,0.42105263157894735,0.21052631578947367,0.8341750841750842,18,8,3.0,3,3,2,11,5,0.2857142857142857,0.16666666666666666,4
Qwen2.5-72B,264,Toyota Avalon,30,21,0,0,0,0,0,22,2,20,0,0.0,0.0,0.0,0.729453734671126,0,0,0.0,0,0,0,0,0,0.0,0.0,0
Qwen2.5-72B,265,Truth in Music Advertising,13,8,4,4,0,2,2,5,0,5,4,0.4,0.5,0.25,0.8764957264957265,10,4,3.0,3,3,2,7,3,0.5,0.3,2
Qwen2.5-72B,266,Cranford Agreement,31,26,3,3,0,2,2,22,1,21,3,0.09090909090909091,0.11538461538461539,0.07692307692307693,0.9497171590194845,8,3,3.0,3,2,2,5,2,0.3333333333333333,0.375,2
Qwen2.5-72B,267,"Cy Becker, Edmonton",13,7,3,3,0,2,2,5,2,3,5,0.4,0.42857142857142855,0.2857142857142857,0.573056573056573,7,3,3.0,3,2,1,7,3,0.6666666666666666,0.42857142857142855,2
Qwen2.5-72B,268,Ici Paris,20,12,10,10,0,3,3,14,4,10,12,0.21428571428571427,0.8333333333333334,0.25,0.9099923722349352,23,10,3.0,3,8,3,17,8,0.6222222222222222,0.13043478260869565,3
Qwen2.5-72B,269,Luan Bo,18,21,2,2,0,1,1,10,1,9,2,0.1,0.09523809523809523,0.047619047619047616,0.7306571087216248,5,2,3.0,3,2,1,5,2,1.0,0.6,1
Qwen2.5-72B,270,Burseraceae,26,20,2,1,1,1,1,19,1,18,1,0.05263157894736842,0.1,0.05,0.894155844155844,5,2,3.0,3,2,1,5,2,1.0,0.6,1
Qwen2.5-72B,271,National Executive Committee of the African National Congress,12,2,0,0,0,0,0,1,1,0,0,0.0,0.0,0.0,0.8492063492063493,0,0,0.0,0,0,0,0,0,0.0,0.0,0
Qwen2.5-72B,272,Economic history of Cambodia,10,15,0,0,0,0,0,5,1,4,0,0.0,0.0,0.0,0.9491228070175439,0,0,0.0,0,0,0,0,0,0.0,0.0,0
Qwen2.5-72B,273,FLAMA,17,14,0,0,0,0,0,14,3,11,0,0.0,0.0,0.0,0.818181818181818,0,0,0.0,0,0,0,0,0,0.0,0.0,0
Qwen2.5-72B,274,Guillermo Endara,22,23,2,2,0,2,2,16,1,15,2,0.125,0.08695652173913043,0.08695652173913043,0.7801321245344015,6,2,3.0,3,1,2,3,1,0.0,0.5,2
Qwen2.5-72B,275,Washington Place (West Virginia),15,14,2,2,0,2,2,8,1,7,3,0.25,0.14285714285714285,0.14285714285714285,0.8766666666666666,6,2,3.0,3,1,2,3,1,0.0,0.5,2
Qwen2.5-72B,276,Abbas Kiarostami,28,25,1,1,0,1,1,13,1,12,2,0.07692307692307693,0.04,0.04,0.765023670286828,3,1,3.0,3,1,1,3,1,0.0,1.0,1
Qwen2.5-72B,277,Tomcats Screaming Outside,13,10,2,2,0,2,2,5,1,4,2,0.4,0.2,0.2,0.691086691086691,6,2,3.0,3,1,2,3,1,0.0,0.5,2
Qwen2.5-72B,278,Mark Harmsworth,17,9,0,0,0,0,0,8,2,6,0,0.0,0.0,0.0,0.8214285714285715,0,0,0.0,0,0,0,0,0,0.0,0.0,0
Qwen2.5-72B,279,Friends of Peter G.,20,18,2,2,0,1,1,15,1,14,2,0.06666666666666667,0.1111111111111111,0.05555555555555555,0.8136200716845878,5,2,3.0,3,2,1,5,2,1.0,0.6,1
Qwen2.5-72B,280,Joyce Godenzi,15,14,5,3,2,2,1,10,2,8,4,0.1,0.35714285714285715,0.14285714285714285,0.8015873015873017,12,5,3.0,3,4,2,9,4,0.6,0.25,2
Qwen2.5-72B,281,Pskhu,28,26,6,6,0,4,4,24,3,21,8,0.16666666666666666,0.23076923076923078,0.15384615384615385,0.9336414231763069,16,6,3.0,3,2,4,5,2,0.13333333333333333,0.1875,4
Qwen2.5-72B,282,Cassin's finch,12,11,1,1,0,1,1,10,0,10,1,0.1,0.09090909090909091,0.09090909090909091,0.7732142857142857,3,1,3.0,3,1,1,3,1,0.0,1.0,1
Qwen2.5-72B,283,Christie Elliott,16,15,6,3,3,1,1,14,3,11,3,0.07142857142857142,0.4,0.06666666666666667,0.7520159578983109,13,6,3.0,3,6,1,13,6,1.0,0.23076923076923078,1
Qwen2.5-72B,284,Bajofondo,10,9,6,6,0,1,1,8,0,8,6,0.125,0.6666666666666666,0.1111111111111111,0.5823361823361823,13,6,3.0,3,6,1,13,6,1.0,0.23076923076923078,1
Qwen2.5-72B,285,Mendenhall Glacier,14,9,1,1,0,1,1,10,4,6,2,0.1,0.1111111111111111,0.1111111111111111,0.6506826506826506,3,1,3.0,3,1,1,3,1,0.0,1.0,1
Qwen2.5-72B,286,Battle of Chiari,21,18,5,5,0,3,3,16,2,14,6,0.1875,0.2777777777777778,0.16666666666666666,0.9222222222222222,13,5,3.0,3,2,3,5,2,0.2,0.23076923076923078,3
Qwen2.5-72B,287,Washington v. Texas,14,12,4,2,2,2,1,12,2,10,6,0.08333333333333333,0.3333333333333333,0.16666666666666666,0.8585858585858586,8,4,3.0,3,2,1,8,4,0.6666666666666666,0.375,2
Qwen2.5-72B,288,Raunaq (album),12,11,3,3,0,2,2,6,1,5,3,0.3333333333333333,0.2727272727272727,0.18181818181818182,0.8786881977671452,7,3,3.0,3,2,1,7,3,0.6666666666666666,0.42857142857142855,2
Qwen2.5-72B,289,Carl Buchheister,17,14,3,3,0,1,1,9,2,7,3,0.1111111111111111,0.21428571428571427,0.07142857142857142,0.6647058823529411,7,3,3.0,3,3,1,7,3,1.0,0.42857142857142855,1
Qwen2.5-72B,290,Roald,15,14,1,1,0,1,1,12,4,8,2,0.08333333333333333,0.07142857142857142,0.07142857142857142,0.75995670995671,3,1,3.0,3,1,1,3,1,0.0,1.0,1
Qwen2.5-72B,291,"They Shoot Horses, Don't They? (film)",26,10,2,0,2,1,0,1,1,0,1,0.0,0.2,0.1,0.5001466877897084,5,2,3.0,3,2,1,5,2,1.0,0.6,1
Qwen2.5-72B,292,Bonnie Blair,20,18,0,0,0,0,0,19,6,13,0,0.0,0.0,0.0,0.6895458342826762,0,0,0.0,0,0,0,0,0,0.0,0.0,0
Qwen2.5-72B,293,Signaling of the New York City Subway,11,13,1,1,0,1,1,11,2,9,2,0.09090909090909091,0.07692307692307693,0.07692307692307693,0.8405117032568011,3,1,3.0,3,1,1,3,1,0.0,1.0,1
Qwen2.5-72B,294,"Symphony Hall, Boston",14,5,0,0,0,0,0,5,2,3,0,0.0,0.0,0.0,0.8825396825396826,0,0,0.0,0,0,0,0,0,0.0,0.0,0
Qwen2.5-72B,296,Pleistocene coyote,25,19,0,0,0,0,0,8,1,7,0,0.0,0.0,0.0,0.9513704686118479,0,0,0.0,0,0,0,0,0,0.0,0.0,0
Qwen2.5-72B,297,Skylake (microarchitecture),15,10,1,1,0,1,1,10,0,10,1,0.1,0.1,0.1,0.9491228070175438,3,1,3.0,3,1,1,3,1,0.0,1.0,1
Qwen2.5-72B,298,Lewis of Luxembourg,19,18,3,3,0,3,3,15,2,13,4,0.2,0.16666666666666666,0.16666666666666666,0.8318638975966562,9,3,3.0,3,1,3,3,1,0.0,0.3333333333333333,3
Qwen2.5-72B,299,Ronald Leonard,21,14,4,4,0,1,1,15,2,13,5,0.06666666666666667,0.2857142857142857,0.07142857142857142,0.7101036963737193,9,4,3.0,3,4,1,9,4,1.0,0.3333333333333333,1
DeepSeek-V3,0,Willi Schneider (skeleton racer),26,18,8,8,0,3,3,13,6,7,6,0.23076923076923078,0.4444444444444444,0.16666666666666666,0.5656349206349206,17,8,3.0,3,4,1,17,8,0.4642857142857143,0.17647058823529413,3
DeepSeek-V3,1,Ross Alger,25,18,6,6,0,1,1,15,1,14,7,0.06666666666666667,0.3333333333333333,0.05555555555555555,0.8747434318555009,13,6,3.0,3,6,1,13,6,1.0,0.23076923076923078,1
DeepSeek-V3,2,Mess of Blues (Jeff Healey album),14,13,1,1,0,1,1,8,1,7,1,0.125,0.07692307692307693,0.07692307692307693,0.7300031123560534,3,1,3.0,3,1,1,3,1,0.0,1.0,1
DeepSeek-V3,3,Ramey Idriss,21,15,3,3,0,1,1,5,1,4,3,0.2,0.2,0.06666666666666667,0.6924315619967795,6,3,3.0,3,3,1,6,3,1.0,0.5,1
DeepSeek-V3,4,ELAM (Latin American School of Medicine) Cuba,27,18,4,4,0,2,2,17,2,15,4,0.11764705882352941,0.2222222222222222,0.1111111111111111,0.9197530864197532,10,4,3.0,3,3,2,7,3,0.5,0.3,2
DeepSeek-V3,5,Song of Freedom,21,17,7,6,1,2,2,15,3,12,7,0.13333333333333333,0.4117647058823529,0.11764705882352941,0.8673835125448028,16,7,3.0,3,5,2,11,5,0.5238095238095238,0.1875,2
DeepSeek-V3,6,Soccer Academy,9,11,3,1,2,1,1,8,1,7,2,0.125,0.2727272727272727,0.09090909090909091,0.9456327985739751,6,3,3.0,3,3,1,6,3,1.0,0.5,1
DeepSeek-V3,7,ROKETSAN,18,15,1,1,0,1,1,13,0,13,1,0.07692307692307693,0.06666666666666667,0.06666666666666667,0.800563236047107,3,1,3.0,3,1,1,3,1,0.0,1.0,1
DeepSeek-V3,8,The Sacramento Bee,17,14,0,0,0,0,0,15,3,12,0,0.0,0.0,0.0,0.8797530864197531,0,0,0.0,0,0,0,0,0,0.0,0.0,0
DeepSeek-V3,9,Cambodia–Vietnam Friendship Monument,15,7,0,0,0,0,0,4,1,3,0,0.0,0.0,0.0,0.8953703703703703,0,0,0.0,0,0,0,0,0,0.0,0.0,0
DeepSeek-V3,10,Paul Desmarais Jr.,22,22,5,5,0,1,1,18,2,16,5,0.05555555555555555,0.22727272727272727,0.045454545454545456,0.7107295868905776,11,5,3.0,3,5,1,11,5,1.0,0.2727272727272727,1
DeepSeek-V3,11,Mola di Bari,14,12,0,0,0,0,0,6,0,6,0,0.0,0.0,0.0,0.5142973856209151,0,0,0.0,0,0,0,0,0,0.0,0.0,0
DeepSeek-V3,12,"Westmere, New York",12,10,3,3,0,2,2,8,1,7,3,0.25,0.3,0.2,0.7796414112203586,7,3,3.0,3,2,1,7,3,0.6666666666666666,0.42857142857142855,2
DeepSeek-V3,13,Edward Rowan Finnegan,27,20,6,6,0,1,1,17,1,16,7,0.058823529411764705,0.3,0.05,0.8822751322751322,13,6,3.0,3,6,1,13,6,1.0,0.23076923076923078,1
DeepSeek-V3,14,Foix (river),15,12,0,0,0,0,0,9,1,8,0,0.0,0.0,0.0,0.9011764705882354,0,0,0.0,0,0,0,0,0,0.0,0.0,0
DeepSeek-V3,15,Eivind Bolle,26,17,2,2,0,1,1,15,2,13,2,0.06666666666666667,0.11764705882352941,0.058823529411764705,0.8380952380952381,4,2,3.0,3,2,1,4,2,1.0,0.75,1
DeepSeek-V3,16,Henrik Angell,25,19,1,1,0,1,1,10,2,8,2,0.1,0.05263157894736842,0.05263157894736842,0.6738095238095237,3,1,3.0,3,1,1,3,1,0.0,1.0,1
DeepSeek-V3,17,Carey Business School,15,4,0,0,0,0,0,2,1,1,0,0.0,0.0,0.0,0.9212121212121213,0,0,0.0,0,0,0,0,0,0.0,0.0,0
DeepSeek-V3,18,Lehmann Bernheimer,17,12,3,3,0,2,2,10,2,8,4,0.2,0.25,0.16666666666666666,0.8653846153846154,8,3,3.0,3,2,2,5,2,0.3333333333333333,0.375,2
DeepSeek-V3,19,Railroad Revival Tour,22,15,12,9,3,4,3,19,4,15,15,0.15789473684210525,0.8,0.26666666666666666,0.8695286195286195,24,12,3.0,3,7,2,21,11,0.4393939393939394,0.125,4
DeepSeek-V3,20,Australia–Chile Free Trade Agreement,28,10,1,1,0,1,1,9,1,8,1,0.1111111111111111,0.1,0.1,0.9152777777777779,3,1,3.0,3,1,1,3,1,0.0,1.0,1
DeepSeek-V3,21,South Gondar Zone,19,2,0,0,0,0,0,0,0,0,0,,0.0,0.0,0.9375,0,0,0.0,0,0,0,0,0,0.0,0.0,0
DeepSeek-V3,22,Morogoro Region,16,9,0,0,0,0,0,6,0,6,0,0.0,0.0,0.0,0.9691358024691358,0,0,0.0,0,0,0,0,0,0.0,0.0,0
DeepSeek-V3,23,Manon Balletti,18,20,7,5,2,3,2,13,1,12,6,0.15384615384615385,0.35,0.15,0.9011145942180425,14,7,3.0,3,3,1,14,7,0.42857142857142855,0.21428571428571427,3
DeepSeek-V3,24,Pittsburgh Catholic,13,9,3,3,0,1,1,10,3,7,4,0.1,0.3333333333333333,0.1111111111111111,0.826984126984127,7,3,3.0,3,3,1,7,3,1.0,0.42857142857142855,1
DeepSeek-V3,25,Toufique Imrose Khalidi,15,7,1,1,0,1,1,3,1,2,1,0.3333333333333333,0.14285714285714285,0.14285714285714285,0.688235294117647,3,1,3.0,3,1,1,3,1,0.0,1.0,1
DeepSeek-V3,26,Mark McNamara,21,17,5,3,2,1,1,11,2,9,3,0.09090909090909091,0.29411764705882354,0.058823529411764705,0.5277777777777778,11,5,3.0,3,5,1,11,5,1.0,0.2727272727272727,1
DeepSeek-V3,27,Nexus Q,19,9,2,2,0,1,1,17,8,9,4,0.058823529411764705,0.2222222222222222,0.1111111111111111,0.8534571723426213,5,2,3.0,3,2,1,5,2,1.0,0.6,1
DeepSeek-V3,28,Cranks and Shadows,11,10,2,2,0,1,1,9,1,8,2,0.1111111111111111,0.2,0.1,0.7255979314802844,5,2,3.0,3,2,1,5,2,1.0,0.6,1
DeepSeek-V3,29,The Christian Manifesto,12,9,1,1,0,1,1,8,1,7,1,0.125,0.1111111111111111,0.1111111111111111,0.9523809523809524,3,1,3.0,3,1,1,3,1,0.0,1.0,1
DeepSeek-V3,30,Joseph in Islam,26,19,6,6,0,2,2,28,9,19,7,0.07142857142857142,0.3157894736842105,0.10526315789473684,0.9082323232323232,13,6,3.0,3,4,1,13,6,0.5333333333333333,0.23076923076923078,2
DeepSeek-V3,31,List of Prime Ministers of Thailand,19,7,0,0,0,0,0,6,3,3,0,0.0,0.0,0.0,0.9565826330532213,0,0,0.0,0,0,0,0,0,0.0,0.0,0
DeepSeek-V3,32,Rogaland County Municipality,24,23,1,0,1,1,0,10,3,7,0,0.0,0.043478260869565216,0.043478260869565216,0.8139214483300505,3,1,3.0,3,1,1,3,1,0.0,1.0,1
DeepSeek-V3,33,Kyoto Imperial Palace,16,15,0,0,0,0,0,11,1,10,0,0.0,0.0,0.0,0.8898550724637682,0,0,0.0,0,0,0,0,0,0.0,0.0,0
DeepSeek-V3,34,The Yorkshire Post,18,13,1,1,0,1,1,14,2,12,2,0.07142857142857142,0.07692307692307693,0.07692307692307693,0.44305555555555554,3,1,3.0,3,1,1,3,1,0.0,1.0,1
DeepSeek-V3,35,Won-yong,19,16,2,1,1,2,1,11,6,5,4,0.09090909090909091,0.125,0.125,0.5739064856711915,6,2,3.0,3,1,2,3,1,0.0,0.5,2
DeepSeek-V3,36,Ramada (shelter),8,6,0,0,0,0,0,3,1,2,0,0.0,0.0,0.0,0.8578431372549019,0,0,0.0,0,0,0,0,0,0.0,0.0,0
DeepSeek-V3,37,Björn von der Esch,21,19,7,7,0,1,1,16,6,10,3,0.0625,0.3684210526315789,0.05263157894736842,0.7804951690821257,15,7,3.0,3,7,1,15,7,1.0,0.2,1
DeepSeek-V3,38,Fyllingen Fotball,25,15,4,4,0,1,1,18,6,12,6,0.05555555555555555,0.26666666666666666,0.06666666666666667,0.7791461412151067,9,4,3.0,3,4,1,9,4,1.0,0.3333333333333333,1
DeepSeek-V3,39,Martin Ulrich,21,15,7,7,0,1,1,12,2,10,7,0.08333333333333333,0.4666666666666667,0.06666666666666667,0.7116048203004725,15,7,3.0,3,7,1,15,7,1.0,0.2,1
DeepSeek-V3,40,Two Doors Down,15,15,4,4,0,1,1,9,1,8,4,0.1111111111111111,0.26666666666666666,0.06666666666666667,0.6915204678362573,9,4,3.0,3,4,1,9,4,1.0,0.3333333333333333,1
DeepSeek-V3,41,Think Bike,16,11,3,3,0,1,1,11,2,9,5,0.09090909090909091,0.2727272727272727,0.09090909090909091,0.9666666666666667,7,3,3.0,3,3,1,7,3,1.0,0.42857142857142855,1
DeepSeek-V3,42,United States Naval Forces Germany,25,16,2,2,0,1,1,18,3,15,3,0.05555555555555555,0.125,0.0625,0.8868318528907589,5,2,3.0,3,2,1,5,2,1.0,0.6,1
DeepSeek-V3,43,Cry for Help,17,20,6,6,0,1,1,15,1,14,7,0.06666666666666667,0.3,0.05,0.7133069828722002,12,6,3.0,3,6,1,12,6,1.0,0.25,1
DeepSeek-V3,44,Surreal (song),15,13,4,4,0,1,1,9,3,6,7,0.1111111111111111,0.3076923076923077,0.07692307692307693,0.7909090909090909,9,4,3.0,3,4,1,9,4,1.0,0.3333333333333333,1
DeepSeek-V3,45,Between Five and Seven,20,20,4,4,0,2,2,20,4,16,4,0.1,0.2,0.1,0.934126984126984,8,4,3.0,3,3,1,8,4,0.6666666666666666,0.375,2
DeepSeek-V3,46,List of Square Enix video games,16,15,7,7,0,4,4,15,0,15,7,0.26666666666666666,0.4666666666666667,0.26666666666666666,0.864021164021164,18,7,3.0,3,4,4,9,4,0.2857142857142857,0.16666666666666666,4
DeepSeek-V3,47,Velocifero,26,17,3,3,0,1,1,7,1,6,3,0.14285714285714285,0.17647058823529413,0.058823529411764705,0.8030303030303031,7,3,3.0,3,3,1,7,3,1.0,0.42857142857142855,1
DeepSeek-V3,48,Zakhary Lyapunov,20,17,3,2,1,2,1,8,3,5,3,0.125,0.17647058823529413,0.11764705882352941,0.7828979857050032,8,3,3.0,3,2,2,5,2,0.3333333333333333,0.375,2
DeepSeek-V3,49,Kriegers Flak,12,8,0,0,0,0,0,9,2,7,0,0.0,0.0,0.0,0.8142414860681114,0,0,0.0,0,0,0,0,0,0.0,0.0,0
DeepSeek-V3,50,Enasa,15,10,1,1,0,1,1,10,0,10,1,0.1,0.1,0.1,0.9060887512899897,3,1,3.0,3,1,1,3,1,0.0,1.0,1
DeepSeek-V3,51,Christian worship,24,18,0,0,0,0,0,10,2,8,0,0.0,0.0,0.0,0.9848484848484849,0,0,0.0,0,0,0,0,0,0.0,0.0,0
DeepSeek-V3,52,Johan Gottlieb Gahn,24,11,0,0,0,0,0,9,2,7,0,0.0,0.0,0.0,0.765050505050505,0,0,0.0,0,0,0,0,0,0.0,0.0,0
DeepSeek-V3,53,Bohumín,15,13,4,4,0,1,1,15,5,10,8,0.06666666666666667,0.3076923076923077,0.07692307692307693,0.7740031897926635,9,4,3.0,3,4,1,9,4,1.0,0.3333333333333333,1
DeepSeek-V3,54,Leonessa,19,13,4,4,0,2,2,11,1,10,4,0.18181818181818182,0.3076923076923077,0.15384615384615385,0.8387218045112782,10,4,3.0,3,2,2,5,2,0.3333333333333333,0.3,2
DeepSeek-V3,55,Philippine Commission,16,9,1,1,0,1,1,6,1,5,1,0.16666666666666666,0.1111111111111111,0.1111111111111111,0.9722222222222222,3,1,3.0,3,1,1,3,1,0.0,1.0,1
DeepSeek-V3,56,Chopin and his Europe,25,21,9,9,0,1,1,22,3,19,11,0.045454545454545456,0.42857142857142855,0.047619047619047616,0.8812913618948102,19,9,3.0,3,9,1,19,9,1.0,0.15789473684210525,1
DeepSeek-V3,57,Gujranwala,15,13,2,2,0,1,1,11,2,9,2,0.09090909090909091,0.15384615384615385,0.07692307692307693,0.8608695652173912,5,2,3.0,3,2,1,5,2,1.0,0.6,1
DeepSeek-V3,58,Beibu Gulf Economic Rim,13,9,1,0,1,1,0,13,4,9,2,0.0,0.1111111111111111,0.1111111111111111,0.8389780154486037,3,1,3.0,3,1,1,3,1,0.0,1.0,1
DeepSeek-V3,59,Luis Roche,15,9,0,0,0,0,0,6,1,5,0,0.0,0.0,0.0,0.9443887887085642,0,0,0.0,0,0,0,0,0,0.0,0.0,0
DeepSeek-V3,60,Nikos Aliagas,22,19,8,8,0,1,1,19,4,15,10,0.05263157894736842,0.42105263157894735,0.05263157894736842,0.7874815315653722,17,8,3.0,3,8,1,17,8,1.0,0.17647058823529413,1
DeepSeek-V3,61,List of Property Brothers episodes,17,14,3,3,0,1,1,14,4,10,3,0.07142857142857142,0.21428571428571427,0.07142857142857142,0.8078431372549019,7,3,3.0,3,3,1,7,3,1.0,0.42857142857142855,1
DeepSeek-V3,62,Anatoly Chubais,19,15,0,0,0,0,0,15,2,13,0,0.0,0.0,0.0,0.827733860342556,0,0,0.0,0,0,0,0,0,0.0,0.0,0
DeepSeek-V3,63,"Navy, Army and Air Force Institutes",18,13,2,1,1,2,1,12,2,10,2,0.08333333333333333,0.15384615384615385,0.15384615384615385,1.0,6,2,3.0,3,1,2,3,1,0.0,0.5,2
DeepSeek-V3,64,Jefferson Madeira,21,17,6,6,0,1,1,17,3,14,7,0.058823529411764705,0.35294117647058826,0.058823529411764705,0.8669327575301534,13,6,3.0,3,6,1,13,6,1.0,0.23076923076923078,1
DeepSeek-V3,65,Aspren,18,11,3,3,0,1,1,12,1,11,4,0.08333333333333333,0.2727272727272727,0.09090909090909091,0.9227994227994228,7,3,3.0,3,3,1,7,3,1.0,0.42857142857142855,1
DeepSeek-V3,66,Jimmy Frise,21,18,3,2,1,2,1,9,2,7,2,0.1111111111111111,0.16666666666666666,0.1111111111111111,0.8418560606060606,7,3,3.0,3,2,1,7,3,0.6666666666666666,0.42857142857142855,2
DeepSeek-V3,67,Vineeth Sreenivasan,23,22,9,9,0,2,2,14,1,13,10,0.14285714285714285,0.4090909090909091,0.09090909090909091,0.8479166666666668,20,9,3.0,3,8,2,17,8,0.7777777777777778,0.15,2
DeepSeek-V3,68,"Zabiele, Warmian-Masurian Voivodeship",22,20,0,0,0,0,0,23,8,15,0,0.0,0.0,0.0,0.8577310924369748,0,0,0.0,0,0,0,0,0,0.0,0.0,0
DeepSeek-V3,69,"Clark Lake (Gogebic County, Michigan)",12,13,0,0,0,0,0,2,0,2,0,0.0,0.0,0.0,0.7366522366522367,0,0,0.0,0,0,0,0,0,0.0,0.0,0
DeepSeek-V3,70,O'Shaughnessy Dam (Ohio),13,12,3,3,0,1,1,14,4,10,6,0.07142857142857142,0.25,0.08333333333333333,0.7778867102396513,7,3,3.0,3,3,1,7,3,1.0,0.42857142857142855,1
DeepSeek-V3,71,Vase de Noces,12,8,3,3,0,1,1,6,1,5,3,0.16666666666666666,0.375,0.125,0.7395104895104895,7,3,3.0,3,3,1,7,3,1.0,0.42857142857142855,1
DeepSeek-V3,72,War of the Quadruple Alliance,18,15,0,0,0,0,0,12,4,8,0,0.0,0.0,0.0,0.9097435897435897,0,0,0.0,0,0,0,0,0,0.0,0.0,0
DeepSeek-V3,73,Can't Take My Eyes Off You,15,11,1,0,1,1,0,3,1,2,0,0.0,0.09090909090909091,0.09090909090909091,0.7580143168378463,3,1,3.0,3,1,1,3,1,0.0,1.0,1
DeepSeek-V3,74,Angleton High School,21,15,0,0,0,0,0,11,2,9,0,0.0,0.0,0.0,0.6574509803921568,0,0,0.0,0,0,0,0,0,0.0,0.0,0
DeepSeek-V3,75,List of colleges and universities in Connecticut,7,5,0,0,0,0,0,1,0,1,0,0.0,0.0,0.0,0.5,0,0,0.0,0,0,0,0,0,0.0,0.0,0
DeepSeek-V3,76,Ost Autobahn,25,22,4,3,1,1,1,24,6,18,4,0.041666666666666664,0.18181818181818182,0.045454545454545456,0.8322222222222222,9,4,3.0,3,4,1,9,4,1.0,0.3333333333333333,1
DeepSeek-V3,77,Anthony Steel (actor),9,8,2,2,0,1,1,7,2,5,3,0.14285714285714285,0.25,0.125,0.638888888888889,5,2,3.0,3,2,1,5,2,1.0,0.6,1
DeepSeek-V3,78,Dieudonné Gnammankou,17,14,1,1,0,1,1,11,2,9,1,0.09090909090909091,0.07142857142857142,0.07142857142857142,0.7987878787878788,3,1,3.0,3,1,1,3,1,0.0,1.0,1
DeepSeek-V3,79,Your Disco Needs You,16,18,0,0,0,0,0,14,0,14,0,0.0,0.0,0.0,0.7368847627468318,0,0,0.0,0,0,0,0,0,0.0,0.0,0
DeepSeek-V3,80,Outline of South Sudan,17,14,0,0,0,0,0,8,0,8,0,0.0,0.0,0.0,0.708657513348589,0,0,0.0,0,0,0,0,0,0.0,0.0,0
DeepSeek-V3,81,Liverpool Neurological Infectious Diseases Course,15,5,0,0,0,0,0,5,2,3,0,0.0,0.0,0.0,0.4646464646464647,0,0,0.0,0,0,0,0,0,0.0,0.0,0
DeepSeek-V3,82,Breakout (video game),16,15,2,2,0,2,2,12,0,12,2,0.16666666666666666,0.13333333333333333,0.13333333333333333,0.8444444444444444,6,2,3.0,3,1,2,3,1,0.0,0.5,2
DeepSeek-V3,83,Winnebago War,13,9,0,0,0,0,0,4,0,4,0,0.0,0.0,0.0,0.8950710108604846,0,0,0.0,0,0,0,0,0,0.0,0.0,0
DeepSeek-V3,84,Schizoanalysis,7,6,2,2,0,1,1,4,0,4,2,0.25,0.3333333333333333,0.16666666666666666,0.9440559440559442,5,2,3.0,3,2,1,5,2,1.0,0.6,1
DeepSeek-V3,85,Paul Beliën,21,8,1,1,0,1,1,9,5,4,3,0.1111111111111111,0.125,0.125,0.6381461675579323,3,1,3.0,3,1,1,3,1,0.0,1.0,1
DeepSeek-V3,86,John R. Thurman,21,16,1,1,0,1,1,12,1,11,1,0.08333333333333333,0.0625,0.0625,0.6022302132141949,3,1,3.0,3,1,1,3,1,0.0,1.0,1
DeepSeek-V3,87,María la del Barrio,24,23,0,0,0,0,0,21,0,21,0,0.0,0.0,0.0,0.9192799070847851,0,0,0.0,0,0,0,0,0,0.0,0.0,0
DeepSeek-V3,88,Tigran Petrosian,24,22,16,16,0,4,4,19,2,17,16,0.21052631578947367,0.7272727272727273,0.18181818181818182,0.8415506715506716,34,16,3.0,3,8,2,27,13,0.325,0.08823529411764706,4
DeepSeek-V3,89,This Little Girl of Mine,14,12,1,1,0,1,1,7,0,7,1,0.14285714285714285,0.08333333333333333,0.08333333333333333,0.7155388471177945,3,1,3.0,3,1,1,3,1,0.0,1.0,1
DeepSeek-V3,90,Ernesto D'Alessio,17,17,3,3,0,1,1,12,0,12,3,0.08333333333333333,0.17647058823529413,0.058823529411764705,0.782967032967033,7,3,3.0,3,3,1,7,3,1.0,0.42857142857142855,1
DeepSeek-V3,91,João Paulo de Silva,11,10,1,1,0,1,1,7,2,5,1,0.14285714285714285,0.1,0.1,0.5852941176470589,3,1,3.0,3,1,1,3,1,0.0,1.0,1
DeepSeek-V3,92,Regal Mountain,15,13,0,0,0,0,0,9,0,9,0,0.0,0.0,0.0,0.7429825392314736,0,0,0.0,0,0,0,0,0,0.0,0.0,0
DeepSeek-V3,93,Il regalo più grande,16,20,6,5,1,3,2,9,0,9,5,0.2222222222222222,0.3,0.15,0.8191582039028275,14,6,3.0,3,4,2,11,5,0.4666666666666667,0.21428571428571427,3
DeepSeek-V3,94,East Asia Economic Caucus,24,13,2,2,0,2,2,13,2,11,3,0.15384615384615385,0.15384615384615385,0.15384615384615385,0.9848484848484849,6,2,3.0,3,1,2,3,1,0.0,0.5,2
DeepSeek-V3,95,Tiana (Disney),15,10,4,4,0,3,3,8,1,7,5,0.375,0.4,0.3,0.7292707292707292,11,4,3.0,3,2,3,5,2,0.16666666666666666,0.2727272727272727,3
DeepSeek-V3,96,Vesper sparrow,7,5,1,1,0,1,1,6,1,5,1,0.16666666666666666,0.2,0.2,0.8045548654244307,3,1,3.0,3,1,1,3,1,0.0,1.0,1
DeepSeek-V3,97,Silvan Elves,29,15,0,0,0,0,0,15,2,13,0,0.0,0.0,0.0,0.8190045248868779,0,0,0.0,0,0,0,0,0,0.0,0.0,0
DeepSeek-V3,98,ABBA Live,24,14,3,3,0,1,1,10,0,10,3,0.1,0.21428571428571427,0.07142857142857142,0.8249721293199554,7,3,3.0,3,3,1,7,3,1.0,0.42857142857142855,1
DeepSeek-V3,99,Young Wild Things Tour,18,15,2,2,0,2,2,13,1,12,2,0.15384615384615385,0.13333333333333333,0.13333333333333333,0.8933333333333332,6,2,3.0,3,1,2,3,1,0.0,0.5,2
DeepSeek-V3,100,Samuel C. Brightman,22,15,2,2,0,1,1,15,3,12,3,0.06666666666666667,0.13333333333333333,0.06666666666666667,0.7701863354037267,5,2,3.0,3,2,1,5,2,1.0,0.6,1
DeepSeek-V3,101,Alberto Valenzuela Llanos,16,22,2,2,0,1,1,14,0,14,2,0.07142857142857142,0.09090909090909091,0.045454545454545456,0.7770350564468211,5,2,3.0,3,2,1,5,2,1.0,0.6,1
DeepSeek-V3,102,Amandeep Khare,18,15,5,5,0,2,2,16,6,10,8,0.125,0.3333333333333333,0.13333333333333333,0.7996969696969697,11,5,3.0,3,4,1,11,5,0.7,0.2727272727272727,2
DeepSeek-V3,103,Blank Page,14,19,3,3,0,1,1,6,1,5,4,0.16666666666666666,0.15789473684210525,0.05263157894736842,0.8368702553485162,6,3,3.0,3,3,1,6,3,1.0,0.5,1
DeepSeek-V3,104,Jared Allen,18,16,3,2,1,1,1,14,2,12,3,0.07142857142857142,0.1875,0.0625,0.7208237986270024,7,3,3.0,3,3,1,7,3,1.0,0.42857142857142855,1
DeepSeek-V3,105,The Hurting,13,10,1,1,0,1,1,4,0,4,1,0.25,0.1,0.1,0.42207792207792205,3,1,3.0,3,1,1,3,1,0.0,1.0,1
DeepSeek-V3,106,Link River,13,10,1,1,0,1,1,10,1,9,2,0.1,0.1,0.1,0.8640350877192983,3,1,3.0,3,1,1,3,1,0.0,1.0,1
DeepSeek-V3,107,Ali Kuli Khan Khattak,10,10,1,1,0,1,1,5,0,5,1,0.2,0.1,0.1,0.8412698412698413,3,1,3.0,3,1,1,3,1,0.0,1.0,1
DeepSeek-V3,108,Paul Morphy,22,14,7,5,2,1,1,12,2,10,6,0.08333333333333333,0.5,0.07142857142857142,0.7837928153717627,13,7,3.0,3,7,1,13,7,1.0,0.23076923076923078,1
DeepSeek-V3,109,Gloria Estefan albums discography,22,19,9,8,1,2,2,11,1,10,9,0.18181818181818182,0.47368421052631576,0.10526315789473684,0.8576949620427882,20,9,3.0,3,5,2,11,5,0.4444444444444444,0.15,2
DeepSeek-V3,110,Tōkai region,23,15,1,1,0,1,1,15,1,14,1,0.06666666666666667,0.06666666666666667,0.06666666666666667,0.7268947803752558,3,1,3.0,3,1,1,3,1,0.0,1.0,1
DeepSeek-V3,111,Parks in Greater St. Louis,13,13,0,0,0,0,0,5,0,5,0,0.0,0.0,0.0,0.5360380116959065,0,0,0.0,0,0,0,0,0,0.0,0.0,0
DeepSeek-V3,112,Loopline Bridge,18,11,0,0,0,0,0,12,3,9,0,0.0,0.0,0.0,0.7856209150326797,0,0,0.0,0,0,0,0,0,0.0,0.0,0
DeepSeek-V3,113,Catholic Church in the Maldives,17,9,0,0,0,0,0,10,4,6,0,0.0,0.0,0.0,0.8800607287449393,0,0,0.0,0,0,0,0,0,0.0,0.0,0
DeepSeek-V3,114,Across the Black Waters,14,13,1,1,0,1,1,4,0,4,1,0.25,0.07692307692307693,0.07692307692307693,0.8067251461988304,3,1,3.0,3,1,1,3,1,0.0,1.0,1
DeepSeek-V3,115,Cove Lake State Park,14,11,0,0,0,0,0,8,0,8,0,0.0,0.0,0.0,0.6928104575163397,0,0,0.0,0,0,0,0,0,0.0,0.0,0
DeepSeek-V3,116,German torpedo boat Kondor,19,15,1,1,0,1,1,16,4,12,3,0.0625,0.06666666666666667,0.06666666666666667,0.6410818713450293,3,1,3.0,3,1,1,3,1,0.0,1.0,1
DeepSeek-V3,117,Foulsyke,12,6,0,0,0,0,0,2,0,2,0,0.0,0.0,0.0,0.7614977614977615,0,0,0.0,0,0,0,0,0,0.0,0.0,0
DeepSeek-V3,118,Le Ventre de Paris,17,13,2,2,0,2,2,10,1,9,2,0.2,0.15384615384615385,0.15384615384615385,0.8293460925039872,6,2,3.0,3,1,2,3,1,0.0,0.5,2
DeepSeek-V3,119,Energy and Environmental Security Initiative,12,12,2,1,1,1,1,5,1,4,2,0.2,0.16666666666666666,0.08333333333333333,0.9583333333333334,5,2,3.0,3,2,1,5,2,1.0,0.6,1
DeepSeek-V3,120,Ne crois pas,15,13,0,0,0,0,0,7,1,6,0,0.0,0.0,0.0,0.8886446886446887,0,0,0.0,0,0,0,0,0,0.0,0.0,0
DeepSeek-V3,121,Downy,27,19,3,3,0,1,1,21,2,19,4,0.047619047619047616,0.15789473684210525,0.05263157894736842,0.9044419559537141,7,3,3.0,3,3,1,7,3,1.0,0.42857142857142855,1
DeepSeek-V3,122,Boltenhagen,15,10,0,0,0,0,0,6,0,6,0,0.0,0.0,0.0,0.7791666666666667,0,0,0.0,0,0,0,0,0,0.0,0.0,0
DeepSeek-V3,123,Upper Ammonoosuc River,22,23,0,0,0,0,0,16,0,16,0,0.0,0.0,0.0,0.7135286935286936,0,0,0.0,0,0,0,0,0,0.0,0.0,0
DeepSeek-V3,124,Michael Giacchino,28,27,0,0,0,0,0,5,1,4,0,0.0,0.0,0.0,0.1175595238095238,0,0,0.0,0,0,0,0,0,0.0,0.0,0
DeepSeek-V3,125,Oberliga Rheinland-Pfalz/Saar,15,8,0,0,0,0,0,6,1,5,0,0.0,0.0,0.0,0.8361613876319759,0,0,0.0,0,0,0,0,0,0.0,0.0,0
DeepSeek-V3,126,Siberia Governorate,15,13,0,0,0,0,0,16,5,11,0,0.0,0.0,0.0,0.7538126361655774,0,0,0.0,0,0,0,0,0,0.0,0.0,0
DeepSeek-V3,127,Raymond Hermantier,20,16,5,5,0,2,2,14,2,12,7,0.14285714285714285,0.3125,0.125,0.7472187715665976,11,5,3.0,3,4,1,11,5,0.7,0.2727272727272727,2
DeepSeek-V3,128,Kurt Tucholsky,30,11,4,2,2,1,1,13,6,7,4,0.07692307692307693,0.36363636363636365,0.09090909090909091,0.8100490196078431,9,4,3.0,3,4,1,9,4,1.0,0.3333333333333333,1
DeepSeek-V3,129,Urgut,9,9,0,0,0,0,0,11,4,7,0,0.0,0.0,0.0,0.926450742240216,0,0,0.0,0,0,0,0,0,0.0,0.0,0
DeepSeek-V3,130,N. C. Wyeth,15,8,1,1,0,1,1,4,1,3,2,0.25,0.125,0.125,0.8503052503052503,3,1,3.0,3,1,1,3,1,0.0,1.0,1
DeepSeek-V3,131,Bound Brook (Raritan River tributary),19,15,0,0,0,0,0,13,1,12,0,0.0,0.0,0.0,0.72663139329806,0,0,0.0,0,0,0,0,0,0.0,0.0,0
DeepSeek-V3,132,Bombtrack,20,13,3,3,0,2,2,10,1,9,3,0.2,0.23076923076923078,0.15384615384615385,0.8859259259259259,7,3,3.0,3,2,2,4,2,0.3333333333333333,0.42857142857142855,2
DeepSeek-V3,133,Christine Razanamahasoa,29,26,1,1,0,1,1,15,2,13,2,0.06666666666666667,0.038461538461538464,0.038461538461538464,0.9782608695652174,3,1,3.0,3,1,1,3,1,0.0,1.0,1
DeepSeek-V3,134,Shihlin Electric,22,25,4,4,0,3,3,12,1,11,4,0.25,0.16,0.12,0.9345463772875183,10,4,3.0,3,2,2,7,3,0.3333333333333333,0.3,3
DeepSeek-V3,135,Wayne Gretzky Drive,20,14,0,0,0,0,0,4,0,4,0,0.0,0.0,0.0,0.752267414679757,0,0,0.0,0,0,0,0,0,0.0,0.0,0
DeepSeek-V3,136,Inner Life,16,15,0,0,0,0,0,10,2,8,0,0.0,0.0,0.0,0.9153623188405797,0,0,0.0,0,0,0,0,0,0.0,0.0,0
DeepSeek-V3,137,Ahmet Kaya,13,9,3,3,0,1,1,8,1,7,3,0.125,0.3333333333333333,0.1111111111111111,0.7035802175121061,7,3,3.0,3,3,1,7,3,1.0,0.42857142857142855,1
DeepSeek-V3,138,Leone Marucci,20,18,0,0,0,0,0,7,2,5,0,0.0,0.0,0.0,0.632244008714597,0,0,0.0,0,0,0,0,0,0.0,0.0,0
DeepSeek-V3,139,Susan Pharr,14,12,1,0,1,1,0,14,5,9,0,0.0,0.08333333333333333,0.08333333333333333,0.7495726495726496,3,1,3.0,3,1,1,3,1,0.0,1.0,1
DeepSeek-V3,140,Sycamore Canyon Wilderness,41,31,0,0,0,0,0,14,1,13,0,0.0,0.0,0.0,0.8768115942028986,0,0,0.0,0,0,0,0,0,0.0,0.0,0
DeepSeek-V3,141,Eva Bosáková,23,28,14,12,2,1,1,21,4,17,13,0.047619047619047616,0.5,0.03571428571428571,0.8084782044628959,28,14,3.0,3,14,1,28,14,1.0,0.10714285714285714,1
DeepSeek-V3,142,Ripton (fictional town),11,8,0,0,0,0,0,3,0,3,0,0.0,0.0,0.0,0.6936026936026937,0,0,0.0,0,0,0,0,0,0.0,0.0,0
DeepSeek-V3,143,Khooni Khanjar,21,21,3,3,0,1,1,20,1,19,3,0.05,0.14285714285714285,0.047619047619047616,0.9826106594399278,7,3,3.0,3,3,1,7,3,1.0,0.42857142857142855,1
DeepSeek-V3,144,Barry University School of Podiatric Medicine,16,12,1,1,0,1,1,10,2,8,1,0.1,0.08333333333333333,0.08333333333333333,0.7847222222222223,3,1,3.0,3,1,1,3,1,0.0,1.0,1
DeepSeek-V3,145,Louise Faure-Favier,26,25,7,1,6,1,1,7,1,6,1,0.14285714285714285,0.28,0.04,0.8738265915685272,15,7,3.0,3,7,1,15,7,1.0,0.2,1
DeepSeek-V3,146,Kirnitzschtal tramway,18,14,0,0,0,0,0,13,3,10,0,0.0,0.0,0.0,0.8892601875058016,0,0,0.0,0,0,0,0,0,0.0,0.0,0
DeepSeek-V3,148,Joy Division discography,12,14,0,0,0,0,0,2,0,2,0,0.0,0.0,0.0,0.8942028985507245,0,0,0.0,0,0,0,0,0,0.0,0.0,0
DeepSeek-V3,149,Franck Piccard,24,26,7,7,0,2,2,24,6,18,9,0.08333333333333333,0.2692307692307692,0.07692307692307693,0.7726190476190476,16,7,3.0,3,6,2,13,6,0.7142857142857143,0.1875,2
DeepSeek-V3,150,John Alexander Boyd,23,15,5,5,0,2,2,12,4,8,5,0.16666666666666666,0.3333333333333333,0.13333333333333333,0.8651943869335174,10,5,3.0,3,4,1,10,5,0.8,0.3,2
DeepSeek-V3,151,Hélé Béji,20,20,3,3,0,2,2,16,3,13,5,0.125,0.15,0.1,0.7246642246642246,8,3,3.0,3,2,2,5,2,0.3333333333333333,0.375,2
DeepSeek-V3,152,Perpetual virginity of Mary,23,7,0,0,0,0,0,7,0,7,0,0.0,0.0,0.0,0.9696969696969697,0,0,0.0,0,0,0,0,0,0.0,0.0,0
DeepSeek-V3,153,Rachel Proctor,26,25,10,9,1,3,3,14,1,13,9,0.21428571428571427,0.4,0.12,0.8238015343278501,23,10,3.0,3,8,3,17,8,0.6222222222222222,0.13043478260869565,3
DeepSeek-V3,154,Die Haut,16,16,1,0,1,1,0,6,0,6,1,0.0,0.0625,0.0625,0.6890909090909091,3,1,3.0,3,1,1,3,1,0.0,1.0,1
DeepSeek-V3,155,Mehmet Çetingöz,16,12,4,2,2,1,1,8,2,6,2,0.125,0.3333333333333333,0.08333333333333333,0.6864035087719298,9,4,3.0,3,4,1,9,4,1.0,0.3333333333333333,1
DeepSeek-V3,156,Extreme Makeover: Home Edition,19,12,2,2,0,1,1,21,9,12,4,0.047619047619047616,0.16666666666666666,0.08333333333333333,0.8500000000000001,5,2,3.0,3,2,1,5,2,1.0,0.6,1
DeepSeek-V3,157,George Prévost,23,17,1,1,0,1,1,12,0,12,1,0.08333333333333333,0.058823529411764705,0.058823529411764705,0.9666666666666667,3,1,3.0,3,1,1,3,1,0.0,1.0,1
DeepSeek-V3,158,"Tire, İzmir",20,13,0,0,0,0,0,15,4,11,0,0.0,0.0,0.0,0.8555067155067154,0,0,0.0,0,0,0,0,0,0.0,0.0,0
DeepSeek-V3,159,Oecophora bractella,14,12,1,1,0,1,1,12,0,12,1,0.08333333333333333,0.08333333333333333,0.08333333333333333,0.7746411483253589,3,1,3.0,3,1,1,3,1,0.0,1.0,1
DeepSeek-V3,160,U.S. European Command State Partnership Program,15,12,2,2,0,1,1,17,6,11,3,0.058823529411764705,0.16666666666666666,0.08333333333333333,0.9733542319749217,5,2,3.0,3,2,1,5,2,1.0,0.6,1
DeepSeek-V3,161,The Swingle Singers,21,18,10,10,0,1,1,15,0,15,10,0.06666666666666667,0.5555555555555556,0.05555555555555555,0.8071031746031746,21,10,3.0,3,10,1,21,10,1.0,0.14285714285714285,1
DeepSeek-V3,162,Pete Ham,13,10,2,2,0,1,1,7,2,5,3,0.14285714285714285,0.2,0.1,0.6051353874883286,5,2,3.0,3,2,1,5,2,1.0,0.6,1
DeepSeek-V3,163,Beijing Ducks,15,4,0,0,0,0,0,2,0,2,0,0.0,0.0,0.0,0.8333333333333334,0,0,0.0,0,0,0,0,0,0.0,0.0,0
DeepSeek-V3,164,Hope Town,9,9,2,2,0,1,1,7,1,6,3,0.14285714285714285,0.2222222222222222,0.1111111111111111,0.8893557422969188,5,2,3.0,3,2,1,5,2,1.0,0.6,1
DeepSeek-V3,165,Calueque,13,11,0,0,0,0,0,6,3,3,0,0.0,0.0,0.0,0.7126050420168067,0,0,0.0,0,0,0,0,0,0.0,0.0,0
DeepSeek-V3,166,Ali Akbar Moradi,23,21,7,6,1,1,1,16,1,15,6,0.0625,0.3333333333333333,0.047619047619047616,0.8048367403206113,15,7,3.0,3,7,1,15,7,1.0,0.2,1
DeepSeek-V3,167,Dan Chupong,17,16,6,6,0,1,1,9,0,9,6,0.1111111111111111,0.375,0.0625,0.7860139860139861,13,6,3.0,3,6,1,13,6,1.0,0.23076923076923078,1
DeepSeek-V3,168,Mount Shinn,27,17,2,1,1,2,1,18,2,16,2,0.05555555555555555,0.11764705882352941,0.11764705882352941,0.8735097001763669,6,2,3.0,3,1,2,3,1,0.0,0.5,2
DeepSeek-V3,169,Georg Jochmann,26,17,5,5,0,1,1,17,5,12,6,0.058823529411764705,0.29411764705882354,0.058823529411764705,0.9001991238550379,11,5,3.0,3,5,1,11,5,1.0,0.2727272727272727,1
DeepSeek-V3,170,Abdul Jabar Sabet,14,13,0,0,0,0,0,10,0,10,0,0.0,0.0,0.0,0.8535119850909325,0,0,0.0,0,0,0,0,0,0.0,0.0,0
DeepSeek-V3,171,Joseph Octave Mousseau,22,17,4,4,0,1,1,16,0,16,3,0.0625,0.23529411764705882,0.058823529411764705,0.8463203463203463,7,3,3.0,3,3,1,7,3,1.0,0.42857142857142855,1
DeepSeek-V3,172,Christian Atsu,21,16,12,12,0,1,1,16,2,14,13,0.0625,0.75,0.0625,0.8946273469600041,25,12,3.0,3,12,1,25,12,1.0,0.12,1
DeepSeek-V3,173,Kahului Airport,23,13,3,3,0,2,2,13,2,11,4,0.15384615384615385,0.23076923076923078,0.15384615384615385,0.9098565502074275,8,3,3.0,3,2,2,5,2,0.3333333333333333,0.375,2
DeepSeek-V3,174,Greatest Hits (A-Teens album),24,16,1,1,0,1,1,11,0,11,1,0.09090909090909091,0.0625,0.0625,0.892369068839657,3,1,3.0,3,1,1,3,1,0.0,1.0,1
DeepSeek-V3,175,Torrejonian,13,11,4,4,0,1,1,14,8,6,9,0.07142857142857142,0.36363636363636365,0.09090909090909091,0.9047619047619048,9,4,3.0,3,4,1,9,4,1.0,0.3333333333333333,1
DeepSeek-V3,177,Metropolitan statistical area,13,12,0,0,0,0,0,9,0,9,0,0.0,0.0,0.0,0.9833333333333334,0,0,0.0,0,0,0,0,0,0.0,0.0,0
DeepSeek-V3,178,Sarah Gibb,21,16,5,1,4,2,1,9,2,7,1,0.1111111111111111,0.3125,0.125,0.7885185185185185,12,5,3.0,3,4,2,9,4,0.6,0.25,2
DeepSeek-V3,179,List of songs recorded by Rage Against the Machine,26,23,1,1,0,1,1,3,0,3,1,0.3333333333333333,0.043478260869565216,0.043478260869565216,0.7988988428518103,3,1,3.0,3,1,1,3,1,0.0,1.0,1
DeepSeek-V3,180,National Turkey Federation,14,10,2,2,0,1,1,9,1,8,2,0.1111111111111111,0.2,0.1,0.9583333333333334,5,2,3.0,3,2,1,5,2,1.0,0.6,1
DeepSeek-V3,181,Mike Padden,23,18,2,2,0,2,2,15,1,14,3,0.13333333333333333,0.1111111111111111,0.1111111111111111,0.9142857142857143,6,2,3.0,3,1,2,3,1,0.0,0.5,2
DeepSeek-V3,182,Puskás,28,23,2,2,0,2,2,11,5,6,4,0.18181818181818182,0.08695652173913043,0.08695652173913043,0.6835839598997494,6,2,3.0,3,1,2,3,1,0.0,0.5,2
DeepSeek-V3,183,Zevs (artist),18,20,1,1,0,1,1,8,1,7,1,0.125,0.05,0.05,0.7259068627450981,3,1,3.0,3,1,1,3,1,0.0,1.0,1
DeepSeek-V3,184,Camp Caves,20,13,1,1,0,1,1,5,0,5,1,0.2,0.07692307692307693,0.07692307692307693,0.6126984126984126,3,1,3.0,3,1,1,3,1,0.0,1.0,1
DeepSeek-V3,185,Independent Democratic Action,23,14,10,10,0,3,3,15,2,13,10,0.2,0.7142857142857143,0.21428571428571427,0.9755555555555556,21,10,3.0,3,7,2,16,8,0.5333333333333333,0.14285714285714285,3
DeepSeek-V3,186,I Knew You Were Trouble,21,16,2,2,0,1,1,8,0,8,2,0.125,0.125,0.0625,0.7251082251082251,5,2,3.0,3,2,1,5,2,1.0,0.6,1
DeepSeek-V3,187,Great South Australian Coastal Upwelling System,14,10,0,0,0,0,0,10,2,8,0,0.0,0.0,0.0,0.8496909633418586,0,0,0.0,0,0,0,0,0,0.0,0.0,0
DeepSeek-V3,188,X-Men Legends II: Rise of Apocalypse,16,14,2,2,0,1,1,13,0,13,2,0.07692307692307693,0.14285714285714285,0.07142857142857142,0.7685294117647059,5,2,3.0,3,2,1,5,2,1.0,0.6,1
DeepSeek-V3,189,Çağlar Söyüncü,17,16,5,5,0,1,1,12,3,9,7,0.08333333333333333,0.3125,0.0625,0.8283926218708828,10,5,3.0,3,5,1,10,5,1.0,0.3,1
DeepSeek-V3,190,Chachalaca,15,9,0,0,0,0,0,7,1,6,0,0.0,0.0,0.0,0.5070707070707071,0,0,0.0,0,0,0,0,0,0.0,0.0,0
DeepSeek-V3,191,William James Wallace,18,14,5,5,0,3,3,12,1,11,5,0.25,0.35714285714285715,0.21428571428571427,0.8544099378881987,11,5,3.0,3,3,1,11,5,0.5,0.2727272727272727,3
DeepSeek-V3,192,Horst Eidenmüller,33,22,8,8,0,1,1,12,1,11,8,0.08333333333333333,0.36363636363636365,0.045454545454545456,0.8678708967540804,17,8,3.0,3,8,1,17,8,1.0,0.17647058823529413,1
DeepSeek-V3,193,Goght,11,7,0,0,0,0,0,5,0,5,0,0.0,0.0,0.0,0.7955165692007796,0,0,0.0,0,0,0,0,0,0.0,0.0,0
DeepSeek-V3,194,Riksakten,19,14,0,0,0,0,0,11,2,9,0,0.0,0.0,0.0,0.98989898989899,0,0,0.0,0,0,0,0,0,0.0,0.0,0
DeepSeek-V3,195,Astana International Financial Centre,21,16,2,2,0,1,1,15,2,13,2,0.06666666666666667,0.125,0.0625,0.7265432098765432,5,2,3.0,3,2,1,5,2,1.0,0.6,1
DeepSeek-V3,196,Amos Hochstein,23,21,6,6,0,2,2,16,2,14,7,0.125,0.2857142857142857,0.09523809523809523,0.80306686777275,14,6,3.0,3,5,2,11,5,0.6666666666666666,0.21428571428571427,2
DeepSeek-V3,197,Gregorio Pacheco,11,10,0,0,0,0,0,5,0,5,0,0.0,0.0,0.0,0.8627450980392156,0,0,0.0,0,0,0,0,0,0.0,0.0,0
DeepSeek-V3,198,Pete Murray,18,14,4,4,0,1,1,6,1,5,4,0.16666666666666666,0.2857142857142857,0.07142857142857142,0.6920634920634919,9,4,3.0,3,4,1,9,4,1.0,0.3333333333333333,1
DeepSeek-V3,199,Malpai Borderlands,12,12,0,0,0,0,0,8,0,8,0,0.0,0.0,0.0,0.810515873015873,0,0,0.0,0,0,0,0,0,0.0,0.0,0
DeepSeek-V3,200,Lost Verizon,14,19,1,1,0,1,1,17,1,16,1,0.058823529411764705,0.05263157894736842,0.05263157894736842,0.9023643448930806,3,1,3.0,3,1,1,3,1,0.0,1.0,1
DeepSeek-V3,201,Leandro Mbomio Nsue,22,23,3,3,0,1,1,24,4,20,4,0.041666666666666664,0.13043478260869565,0.043478260869565216,0.6496913580246914,7,3,3.0,3,3,1,7,3,1.0,0.42857142857142855,1
DeepSeek-V3,202,LEC billing,10,6,0,0,0,0,0,4,1,3,0,0.0,0.0,0.0,0.8148148148148149,0,0,0.0,0,0,0,0,0,0.0,0.0,0
DeepSeek-V3,203,Joe Gates,16,15,2,1,1,1,1,13,2,11,1,0.07692307692307693,0.13333333333333333,0.06666666666666667,0.8836450720508692,5,2,3.0,3,2,1,5,2,1.0,0.6,1
DeepSeek-V3,204,Lunula (amulet),17,12,0,0,0,0,0,4,1,3,0,0.0,0.0,0.0,1.0,0,0,0.0,0,0,0,0,0,0.0,0.0,0
DeepSeek-V3,205,Schiedea haleakalensis,8,6,0,0,0,0,0,4,2,2,0,0.0,0.0,0.0,0.6946969696969697,0,0,0.0,0,0,0,0,0,0.0,0.0,0
DeepSeek-V3,206,Jeanne Thérèse du Han,22,15,3,3,0,2,2,12,2,10,4,0.16666666666666666,0.2,0.13333333333333333,0.7835016835016836,8,3,3.0,3,2,2,5,2,0.3333333333333333,0.375,2
DeepSeek-V3,207,Kokumin Dōmei,28,17,8,8,0,5,5,19,4,15,10,0.2631578947368421,0.47058823529411764,0.29411764705882354,0.9655172413793104,20,8,3.0,3,4,4,11,5,0.25,0.15,5
DeepSeek-V3,208,Vanya Mishra,17,14,5,4,1,1,1,15,5,10,7,0.06666666666666667,0.35714285714285715,0.07142857142857142,0.7344877344877344,11,5,3.0,3,5,1,11,5,1.0,0.2727272727272727,1
DeepSeek-V3,209,Kitigan Zibi,12,10,0,0,0,0,0,9,2,7,0,0.0,0.0,0.0,0.8321839080459771,0,0,0.0,0,0,0,0,0,0.0,0.0,0
DeepSeek-V3,210,CKNL-FM,20,16,0,0,0,0,0,11,4,7,0,0.0,0.0,0.0,0.6077046946612165,0,0,0.0,0,0,0,0,0,0.0,0.0,0
DeepSeek-V3,211,William Hepburn Armstrong,24,18,2,2,0,1,1,11,0,11,2,0.09090909090909091,0.1111111111111111,0.05555555555555555,0.7859526192859526,5,2,3.0,3,2,1,5,2,1.0,0.6,1
DeepSeek-V3,212,Joseph Israel,19,13,3,3,0,1,1,13,5,8,5,0.07692307692307693,0.23076923076923078,0.07692307692307693,0.7772094344984369,7,3,3.0,3,3,1,7,3,1.0,0.42857142857142855,1
DeepSeek-V3,213,Ellerbusch Site,5,2,0,0,0,0,0,2,1,1,0,0.0,0.0,0.0,0.7777777777777778,0,0,0.0,0,0,0,0,0,0.0,0.0,0
DeepSeek-V3,214,Brother Man,16,13,2,2,0,1,1,14,4,10,2,0.07142857142857142,0.15384615384615385,0.07692307692307693,0.9012759170653908,5,2,3.0,3,2,1,5,2,1.0,0.6,1
DeepSeek-V3,215,Big Muddy Creek (Missouri River tributary),22,11,0,0,0,0,0,7,0,7,0,0.0,0.0,0.0,0.8413611821540209,0,0,0.0,0,0,0,0,0,0.0,0.0,0
DeepSeek-V3,216,Clear and Present Danger (film),21,12,3,3,0,1,1,6,1,5,3,0.16666666666666666,0.25,0.08333333333333333,0.855194251613689,7,3,3.0,3,3,1,7,3,1.0,0.42857142857142855,1
DeepSeek-V3,217,Osmund Ueland,17,12,2,2,0,1,1,11,1,10,2,0.09090909090909091,0.16666666666666666,0.08333333333333333,0.8093795093795094,5,2,3.0,3,2,1,5,2,1.0,0.6,1
DeepSeek-V3,218,Alecu Russo,16,12,1,1,0,1,1,7,2,5,2,0.14285714285714285,0.08333333333333333,0.08333333333333333,0.5,3,1,3.0,3,1,1,3,1,0.0,1.0,1
DeepSeek-V3,219,Ramapo High School (New Jersey),15,13,3,2,1,1,1,8,1,7,2,0.125,0.23076923076923078,0.07692307692307693,0.6277261781905744,7,3,3.0,3,3,1,7,3,1.0,0.42857142857142855,1
DeepSeek-V3,220,Tulelake camp,28,13,2,2,0,2,2,20,11,9,4,0.1,0.15384615384615385,0.15384615384615385,0.8892857142857142,6,2,3.0,3,1,2,3,1,0.0,0.5,2
DeepSeek-V3,221,Tomasz Bohdanowicz-Dworzecki,22,16,6,6,0,1,1,17,5,12,10,0.058823529411764705,0.375,0.0625,0.7487044356609575,13,6,3.0,3,6,1,13,6,1.0,0.23076923076923078,1
DeepSeek-V3,222,"Financial District, Manhattan",21,14,3,3,0,3,3,13,1,12,4,0.23076923076923078,0.21428571428571427,0.21428571428571427,0.9616977225672878,9,3,3.0,3,1,3,3,1,0.0,0.3333333333333333,3
DeepSeek-V3,223,King Louie,11,6,1,1,0,1,1,4,1,3,1,0.25,0.16666666666666666,0.16666666666666666,0.8672161172161172,3,1,3.0,3,1,1,3,1,0.0,1.0,1
DeepSeek-V3,224,John Henry Dearle,17,11,4,4,0,2,2,11,3,8,5,0.18181818181818182,0.36363636363636365,0.18181818181818182,0.7847222222222222,9,4,3.0,3,3,1,9,4,0.6666666666666666,0.3333333333333333,2
DeepSeek-V3,225,Patrick Stettner,16,16,1,1,0,1,1,11,3,8,1,0.09090909090909091,0.0625,0.0625,0.6405901116427432,3,1,3.0,3,1,1,3,1,0.0,1.0,1
DeepSeek-V3,226,Arjuna,21,5,0,0,0,0,0,6,1,5,0,0.0,0.0,0.0,0.8507575757575757,0,0,0.0,0,0,0,0,0,0.0,0.0,0
DeepSeek-V3,227,The Two Mrs. Nahasapeemapetilons,13,11,2,2,0,1,1,11,2,9,2,0.09090909090909091,0.18181818181818182,0.09090909090909091,0.8020382395382395,5,2,3.0,3,2,1,5,2,1.0,0.6,1
DeepSeek-V3,228,Daniel Ajayi-Adeniran,15,11,2,2,0,1,1,9,0,9,2,0.1111111111111111,0.18181818181818182,0.09090909090909091,0.8309178743961353,5,2,3.0,3,2,1,5,2,1.0,0.6,1
DeepSeek-V3,229,Ocean Waves (film),17,15,3,3,0,1,1,12,0,12,3,0.08333333333333333,0.2,0.06666666666666667,0.8732769423558898,7,3,3.0,3,3,1,7,3,1.0,0.42857142857142855,1
DeepSeek-V3,230,Mavis Grind,14,14,3,2,1,2,1,11,3,8,3,0.09090909090909091,0.21428571428571427,0.14285714285714285,0.9307081807081806,7,3,3.0,3,2,1,7,3,0.6666666666666666,0.42857142857142855,2
DeepSeek-V3,231,Ages of consent in Oceania,13,19,2,2,0,1,1,12,0,12,2,0.08333333333333333,0.10526315789473684,0.05263157894736842,0.8246031746031747,5,2,3.0,3,2,1,5,2,1.0,0.6,1
DeepSeek-V3,232,Trane's Blues,21,19,13,13,0,1,1,17,1,16,13,0.058823529411764705,0.6842105263157895,0.05263157894736842,0.8284493284493285,27,13,3.0,3,13,1,27,13,1.0,0.1111111111111111,1
DeepSeek-V3,233,Hooshang Seyhoun,17,15,1,1,0,1,1,10,3,7,1,0.1,0.06666666666666667,0.06666666666666667,0.850457984866587,3,1,3.0,3,1,1,3,1,0.0,1.0,1
DeepSeek-V3,234,Thirteens (album),17,16,6,6,0,1,1,13,1,12,6,0.07692307692307693,0.375,0.0625,0.7233044733044732,12,6,3.0,3,6,1,12,6,1.0,0.25,1
DeepSeek-V3,235,Babyfingers,15,9,3,3,0,1,1,9,1,8,3,0.1111111111111111,0.3333333333333333,0.1111111111111111,0.7367724867724869,6,3,3.0,3,3,1,6,3,1.0,0.5,1
DeepSeek-V3,236,"Brigden, Ontario",25,25,3,1,2,2,1,17,2,15,3,0.058823529411764705,0.12,0.08,0.7173016934046346,8,3,3.0,3,2,2,5,2,0.3333333333333333,0.375,2
DeepSeek-V3,237,Carl Dix,13,4,1,1,0,1,1,3,2,1,2,0.3333333333333333,0.25,0.25,0.7893939393939394,3,1,3.0,3,1,1,3,1,0.0,1.0,1
DeepSeek-V3,238,US Airways Group,19,13,2,2,0,1,1,13,0,13,2,0.07692307692307693,0.15384615384615385,0.07692307692307693,0.7145989974937343,5,2,3.0,3,2,1,5,2,1.0,0.6,1
DeepSeek-V3,239,Jerry Steiner,21,12,4,4,0,1,1,10,2,8,4,0.1,0.3333333333333333,0.08333333333333333,0.7237762237762239,9,4,3.0,3,4,1,9,4,1.0,0.3333333333333333,1
DeepSeek-V3,240,Joan Burton,17,17,8,4,4,1,1,9,0,9,4,0.1111111111111111,0.47058823529411764,0.058823529411764705,0.8854030501089324,17,8,3.0,3,8,1,17,8,1.0,0.17647058823529413,1
DeepSeek-V3,241,How to Save a Life (Grey's Anatomy),20,19,10,10,0,2,2,19,2,17,12,0.10526315789473684,0.5263157894736842,0.10526315789473684,0.8783389450056117,21,10,3.0,3,6,1,21,10,0.4888888888888889,0.14285714285714285,2
DeepSeek-V3,242,Lappeenranta,20,19,1,1,0,1,1,16,0,16,1,0.0625,0.05263157894736842,0.05263157894736842,0.7772727272727273,3,1,3.0,3,1,1,3,1,0.0,1.0,1
DeepSeek-V3,243,James P. Maher,27,20,5,5,0,1,1,14,2,12,5,0.07142857142857142,0.25,0.05,0.8498184458968773,11,5,3.0,3,5,1,11,5,1.0,0.2727272727272727,1
DeepSeek-V3,244,"Statue of Jan Smuts, Parliament Square",21,14,1,1,0,1,1,8,2,6,1,0.125,0.07142857142857142,0.07142857142857142,0.7673531655225019,3,1,3.0,3,1,1,3,1,0.0,1.0,1
DeepSeek-V3,245,Panama during World War II,13,12,0,0,0,0,0,11,1,10,0,0.0,0.0,0.0,0.7074074074074076,0,0,0.0,0,0,0,0,0,0.0,0.0,0
DeepSeek-V3,246,Arthur Percival,15,11,0,0,0,0,0,4,0,4,0,0.0,0.0,0.0,0.8658008658008658,0,0,0.0,0,0,0,0,0,0.0,0.0,0
DeepSeek-V3,247,Holden New Zealand,24,14,2,2,0,1,1,28,15,13,2,0.03571428571428571,0.14285714285714285,0.07142857142857142,0.7526967285587975,5,2,3.0,3,2,1,5,2,1.0,0.6,1
DeepSeek-V3,248,Piton des Neiges,24,10,0,0,0,0,0,5,3,2,0,0.0,0.0,0.0,0.7311713627503101,0,0,0.0,0,0,0,0,0,0.0,0.0,0
DeepSeek-V3,249,Irish experiment,18,16,3,2,1,2,2,13,2,11,2,0.15384615384615385,0.1875,0.125,0.9042735042735043,8,3,3.0,3,2,2,5,2,0.3333333333333333,0.375,2
DeepSeek-V3,250,Bookbinder soup,19,17,2,2,0,1,1,3,0,3,2,0.3333333333333333,0.11764705882352941,0.058823529411764705,0.8141945773524721,5,2,3.0,3,2,1,5,2,1.0,0.6,1
DeepSeek-V3,251,"Durán, Ecuador",17,6,1,1,0,1,1,4,1,3,1,0.25,0.16666666666666666,0.16666666666666666,0.9068878833584716,3,1,3.0,3,1,1,3,1,0.0,1.0,1
DeepSeek-V3,252,Argentine heavy metal,18,14,0,0,0,0,0,5,1,4,0,0.0,0.0,0.0,0.8908179012345679,0,0,0.0,0,0,0,0,0,0.0,0.0,0
DeepSeek-V3,253,Guarenas Cathedral,24,18,5,5,0,3,3,13,5,8,8,0.23076923076923078,0.2777777777777778,0.16666666666666666,0.8201891877027995,12,5,3.0,3,3,2,9,4,0.4,0.25,3
DeepSeek-V3,254,"Foots Creek, Oregon",16,13,5,5,0,2,2,14,3,11,5,0.14285714285714285,0.38461538461538464,0.15384615384615385,0.8959156785243741,11,5,3.0,3,4,1,11,5,0.7,0.2727272727272727,2
DeepSeek-V3,255,Committee against the Finnish White Terror,14,10,3,3,0,1,1,12,3,9,3,0.08333333333333333,0.3,0.1,0.8663173771532904,7,3,3.0,3,3,1,7,3,1.0,0.42857142857142855,1
DeepSeek-V3,256,Bessang Pass Natural Monument,24,17,0,0,0,0,0,13,2,11,0,0.0,0.0,0.0,0.8932478632478632,0,0,0.0,0,0,0,0,0,0.0,0.0,0
DeepSeek-V3,257,Panlongcheng,18,13,2,2,0,1,1,10,2,8,4,0.1,0.15384615384615385,0.07692307692307693,0.8061781609195403,5,2,3.0,3,2,1,5,2,1.0,0.6,1
DeepSeek-V3,258,El Tren de los Momentos,21,17,1,1,0,1,1,15,2,13,1,0.06666666666666667,0.058823529411764705,0.058823529411764705,0.6424311767561196,3,1,3.0,3,1,1,3,1,0.0,1.0,1
DeepSeek-V3,259,Quokka,16,13,1,0,1,1,0,3,1,2,0,0.0,0.07692307692307693,0.07692307692307693,0.8724747474747474,3,1,3.0,3,1,1,3,1,0.0,1.0,1
DeepSeek-V3,260,Google Springboard,11,10,0,0,0,0,0,18,9,9,0,0.0,0.0,0.0,0.8439542483660131,0,0,0.0,0,0,0,0,0,0.0,0.0,0
DeepSeek-V3,261,White Sea,17,16,0,0,0,0,0,16,2,14,0,0.0,0.0,0.0,0.8070175438596491,0,0,0.0,0,0,0,0,0,0.0,0.0,0
DeepSeek-V3,262,Robert K. Huntington,20,15,4,4,0,1,1,16,3,13,7,0.0625,0.26666666666666666,0.06666666666666667,0.8589898989898991,9,4,3.0,3,4,1,9,4,1.0,0.3333333333333333,1
DeepSeek-V3,263,Achilles Last Stand,17,11,3,3,0,1,1,6,2,4,3,0.16666666666666666,0.2727272727272727,0.09090909090909091,0.6891025641025642,7,3,3.0,3,3,1,7,3,1.0,0.42857142857142855,1
DeepSeek-V3,264,Toyota Avalon,30,8,2,2,0,2,2,13,6,7,3,0.15384615384615385,0.25,0.25,0.7408212560386472,6,2,3.0,3,1,2,3,1,0.0,0.5,2
DeepSeek-V3,265,Truth in Music Advertising,13,9,3,2,1,1,1,4,0,4,2,0.25,0.3333333333333333,0.1111111111111111,0.7111111111111111,7,3,3.0,3,3,1,7,3,1.0,0.42857142857142855,1
DeepSeek-V3,266,Cranford Agreement,24,14,0,0,0,0,0,10,4,6,0,0.0,0.0,0.0,0.9047490204331138,0,0,0.0,0,0,0,0,0,0.0,0.0,0
DeepSeek-V3,267,"Cy Becker, Edmonton",14,7,0,0,0,0,0,6,2,4,0,0.0,0.0,0.0,0.573056573056573,0,0,0.0,0,0,0,0,0,0.0,0.0,0
DeepSeek-V3,268,Ici Paris,19,14,2,2,0,1,1,17,4,13,4,0.058823529411764705,0.14285714285714285,0.07142857142857142,0.9139820565907523,5,2,3.0,3,2,1,5,2,1.0,0.6,1
DeepSeek-V3,269,Luan Bo,19,17,4,4,0,1,1,12,3,9,4,0.08333333333333333,0.23529411764705882,0.058823529411764705,0.7711079943899017,8,4,3.0,3,4,1,8,4,1.0,0.375,1
DeepSeek-V3,270,Burseraceae,24,19,1,1,0,1,1,30,12,18,2,0.03333333333333333,0.05263157894736842,0.05263157894736842,0.8679098679098679,3,1,3.0,3,1,1,3,1,0.0,1.0,1
DeepSeek-V3,271,National Executive Committee of the African National Congress,12,5,0,0,0,0,0,4,1,3,0,0.0,0.0,0.0,0.9141414141414143,0,0,0.0,0,0,0,0,0,0.0,0.0,0
DeepSeek-V3,272,Economic history of Cambodia,10,7,1,1,0,1,1,4,1,3,2,0.25,0.14285714285714285,0.14285714285714285,0.9178451178451178,3,1,3.0,3,1,1,3,1,0.0,1.0,1
DeepSeek-V3,273,FLAMA,17,12,2,2,0,1,1,9,1,8,2,0.1111111111111111,0.16666666666666666,0.08333333333333333,0.8614718614718614,5,2,3.0,3,2,1,5,2,1.0,0.6,1
DeepSeek-V3,274,Guillermo Endara,22,21,1,1,0,1,1,10,0,10,1,0.1,0.047619047619047616,0.047619047619047616,0.7878306878306879,3,1,3.0,3,1,1,3,1,0.0,1.0,1
DeepSeek-V3,275,Washington Place (West Virginia),16,16,5,5,0,3,3,10,1,9,5,0.3,0.3125,0.1875,0.8538903625110521,12,5,3.0,3,3,2,9,4,0.4,0.25,3
DeepSeek-V3,276,Abbas Kiarostami,32,27,1,1,0,1,1,14,2,12,2,0.07142857142857142,0.037037037037037035,0.037037037037037035,0.787778568041726,3,1,3.0,3,1,1,3,1,0.0,1.0,1
DeepSeek-V3,277,Tomcats Screaming Outside,11,10,5,5,0,3,3,6,0,6,5,0.5,0.5,0.3,0.691086691086691,12,5,3.0,3,3,3,6,3,0.3,0.25,3
DeepSeek-V3,278,Mark Harmsworth,19,11,0,0,0,0,0,7,1,6,0,0.0,0.0,0.0,0.8472222222222222,0,0,0.0,0,0,0,0,0,0.0,0.0,0
DeepSeek-V3,279,Friends of Peter G.,21,20,3,3,0,1,1,21,3,18,3,0.047619047619047616,0.15,0.05,0.9039776706628765,7,3,3.0,3,3,1,7,3,1.0,0.42857142857142855,1
DeepSeek-V3,280,Joyce Godenzi,18,18,4,3,1,2,1,12,2,10,5,0.08333333333333333,0.2222222222222222,0.1111111111111111,0.7964351157754456,10,4,3.0,3,3,2,7,3,0.5,0.3,2
DeepSeek-V3,281,Pskhu,26,19,2,2,0,1,1,10,1,9,2,0.1,0.10526315789473684,0.05263157894736842,0.9115794573643411,5,2,3.0,3,2,1,5,2,1.0,0.6,1
DeepSeek-V3,282,Cassin's finch,15,12,1,1,0,1,1,9,0,9,1,0.1111111111111111,0.08333333333333333,0.08333333333333333,0.7934351276742581,3,1,3.0,3,1,1,3,1,0.0,1.0,1
DeepSeek-V3,283,Christie Elliott,13,10,5,5,0,1,1,12,3,9,5,0.08333333333333333,0.5,0.1,0.7587301587301587,11,5,3.0,3,5,1,11,5,1.0,0.2727272727272727,1
DeepSeek-V3,284,Bajofondo,11,8,6,6,0,1,1,7,0,7,6,0.14285714285714285,0.75,0.125,0.5727513227513228,13,6,3.0,3,6,1,13,6,1.0,0.23076923076923078,1
DeepSeek-V3,285,Mendenhall Glacier,12,7,1,1,0,1,1,8,3,5,2,0.125,0.14285714285714285,0.14285714285714285,0.7202797202797203,3,1,3.0,3,1,1,3,1,0.0,1.0,1
DeepSeek-V3,286,Battle of Chiari,23,19,1,1,0,1,1,18,3,15,1,0.05555555555555555,0.05263157894736842,0.05263157894736842,0.9222222222222222,3,1,3.0,3,1,1,3,1,0.0,1.0,1
DeepSeek-V3,287,Washington v. Texas,16,10,1,0,1,1,0,10,2,8,1,0.0,0.1,0.1,0.887830687830688,3,1,3.0,3,1,1,3,1,0.0,1.0,1
DeepSeek-V3,288,Raunaq (album),12,12,2,2,0,2,2,8,1,7,2,0.25,0.16666666666666666,0.16666666666666666,0.7891319207108681,6,2,3.0,3,1,2,3,1,0.0,0.5,2
DeepSeek-V3,289,Carl Buchheister,18,9,4,4,0,1,1,9,5,4,3,0.1111111111111111,0.4444444444444444,0.1111111111111111,0.6757164404223227,5,2,3.0,3,2,1,5,2,1.0,0.6,1
DeepSeek-V3,290,Roald,16,13,1,1,0,1,1,10,2,8,1,0.1,0.07692307692307693,0.07692307692307693,0.686111111111111,3,1,3.0,3,1,1,3,1,0.0,1.0,1
DeepSeek-V3,291,"They Shoot Horses, Don't They? (film)",22,23,10,6,4,2,1,10,4,6,9,0.1,0.43478260869565216,0.08695652173913043,0.5817391304347826,21,10,3.0,3,7,1,21,10,0.6,0.14285714285714285,2
DeepSeek-V3,292,Bonnie Blair,27,13,1,1,0,1,1,17,8,9,2,0.058823529411764705,0.07692307692307693,0.07692307692307693,0.6693908684755367,3,1,3.0,3,1,1,3,1,0.0,1.0,1
DeepSeek-V3,293,Signaling of the New York City Subway,18,18,3,3,0,2,2,16,4,12,5,0.125,0.16666666666666666,0.1111111111111111,0.9040879170551177,8,3,3.0,3,2,2,5,2,0.3333333333333333,0.375,2
DeepSeek-V3,294,"Symphony Hall, Boston",14,11,2,2,0,1,1,12,2,10,3,0.08333333333333333,0.18181818181818182,0.09090909090909091,0.9400793650793652,5,2,3.0,3,2,1,5,2,1.0,0.6,1
DeepSeek-V3,296,Pleistocene coyote,18,12,0,0,0,0,0,6,1,5,0,0.0,0.0,0.0,0.941923774954628,0,0,0.0,0,0,0,0,0,0.0,0.0,0
DeepSeek-V3,297,Skylake (microarchitecture),15,10,2,2,0,1,1,10,0,10,2,0.1,0.2,0.1,0.786377708978328,5,2,3.0,3,2,1,5,2,1.0,0.6,1
DeepSeek-V3,298,Lewis of Luxembourg,20,17,1,1,0,1,1,12,2,10,1,0.08333333333333333,0.058823529411764705,0.058823529411764705,0.8312640291806958,3,1,3.0,3,1,1,3,1,0.0,1.0,1
DeepSeek-V3,299,Ronald Leonard,27,28,12,12,0,1,1,30,3,27,13,0.03333333333333333,0.42857142857142855,0.03571428571428571,0.8760075865339023,24,12,3.0,3,12,1,24,12,1.0,0.125,1
